fecha,merval_cierre,merval_maximo,emae_tendencia_ciclo_ma_5,badlar_ma_3,emae_desestacionalizado_lag1,inflacion_lag2,badlar_ma_5,tc_mayorista_std20,base_monetaria_std20,emae_tendencia_ciclo_lag2,emae_desestacionalizado_lag2,tasa_prestamos_personales_ma_5,tasa_prestamos_personales_ma_3,emae_desestacionalizado_diff10,emae_desestacionalizado_hp_ema20,emae_desestacionalizado_std20,m2_std20,emae_desestacionalizado_hp_rm20,badlar_std20,m2_transaccional_std20,emae_original_lag2,emae_original_std20,m1_hp_ema20,merval_maximo_hp_ema20,base_monetaria_spec_centroid,merval_maximo_pct10,merval_apertura_std20,badlar_diff10,merval_maximo_diff10,inflacion_hp_ema20,badlar_hp_rm20,tc_minorista_pct10,tasa_prestamos_personales_std20,emae_original_lag1,badlar_spec_centroid,inflacion_hp_rm20,merval_cierre_std20,tc_minorista_std20,prestamos_privados_ars_std20,tc_mayorista_pct1,merval_cierre_diff1,m1_std20,merval_apertura_diff3,tc_mayorista_diff1,merval_apertura_spec_centroid_diff1,badlar_hp_ema20,merval_maximo_diff1,merval_apertura_pct10,tc_mayorista_spec_centroid,m1_diff3,base_monetaria_hp_rm20,merval_maximo_diff3,m2_transaccional_diff3,tc_minorista_spec_centroid_diff1,m2_transaccional_pct3,m1_hp_rm20,m2_diff3,base_monetaria_diff10,tasa_prestamos_personales_hp_rm20,prestamos_privados_ars_diff1,merval_apertura_+2
2023-01-02,207054.3438,208209.0,149.64334192,68.39583333333333,148.762438,5.1,68.3625,2.876628326064354,210527.0717037484,149.7174516,148.762438,79.812,80.21333333333334,0.9249512000000096,0.8368606095238249,0.2068253759070011,678183.8914003595,0.8787036399999977,0.6300046339637434,484732.36420002097,146.180808,0.7044995348314099,308341.1794472374,21568.041270934715,0.1567450859657287,0.2290823012715317,13893.848386046564,-1.0625,38807.0,0.814285714285715,-0.6781249999999943,0.0260725159147523,1.4962861920171031,146.180808,0.3147580882903746,0.8549999999999995,15230.421698208218,2.8793845742303548,143759.87087259843,0.0057020267600067,4969.218800000002,307038.89791747625,6351.140600000013,1.009999999999991,-0.0057099558143138,-0.6180553262300066,5181.0,0.2239456149004088,0.1206390368247495,-70533.0,346238.5499999998,4568.0,332716.5550000016,0.0028450262417682,0.0357361691544573,382237.7999999998,37232.0,341933.0,2.2275000000000063,50603.3049999997,198360.4844
2023-01-03,198360.4844,207054.0,149.56923224000002,68.375,149.6873892,5.1,68.4375,2.794971801006423,198567.2448422762,149.7174516,148.762438,80.542,81.85333333333334,0.9249512000000096,0.7571595990930007,0.284693972380558,664671.0175046931,0.8324560800000143,0.6295557644294241,487386.7352451167,146.180808,0.9697396667689032,261213.0671189288,18468.942102274246,0.1314157704996423,0.1996801687225868,15241.478902436507,0.125,34463.0,0.7367346938775521,-0.0562500000000056,0.0289333923434389,1.576523824247843,143.0301903,0.3160761571905098,0.8100000000000005,15603.588796046675,2.8662649453325173,151092.72330454018,0.0016279330863366,-8693.859400000016,293412.2091103221,4490.593800000002,0.2900000000000204,0.0029002793014284,0.0062832762680926,-1155.0,0.2254218661676634,0.1148946555495529,-147058.0,325019.4000000004,1101.0,-2724.1520000007004,-0.0029824943140957,-0.0002853486964675,319487.5,-354997.0,222980.0,2.182000000000002,-35808.71399999969,201379.75
2023-01-04,201060.5938,201439.0,149.49512256,68.5,149.6873892,6.0,68.5875,2.743139720523879,202285.75343333464,149.3469032,149.6873892,81.73800000000001,83.82333333333334,0.9249512000000096,0.6850491610841516,0.338853604632218,638620.4578385701,0.7862085200000308,0.6593442091838014,489511.3362562464,143.0301903,1.1542210707581868,259428.7750123646,11629.757140152884,0.1284484192684928,0.1150665367668224,15612.444971438255,1.25,20787.0,0.6665694849368329,0.9156250000000056,0.027931110620446,1.7283027877995747,143.0301903,0.3026061162528482,0.7650000000000006,15716.626269665629,2.8749616015742228,151481.54570168175,0.0012329765174017,2700.109400000016,287180.8564269064,-1000.1719000000156,0.2199999999999988,-0.0083696165209469,0.9104467737663668,-5615.0,0.1509907348181887,0.1141720378162321,4824.0,321196.75,-1589.0,-32879.591000000015,-0.0019186831379988,-0.0034176424082363,307759.75,-411182.0,463564.0,3.2009999999999934,-70117.37299999967,213794.25
2023-01-05,209646.0156,210052.0,149.42101288,68.79166666666667,149.6873892,6.0,68.625,2.664157613481928,198144.49492292287,149.3469032,149.6873892,82.812,83.98666666666666,0.9249512000000096,0.6198063838380392,0.379591963174076,603815.0923176535,0.739960960000019,0.6600064792345459,490487.8454423206,143.0301903,1.2929862223585389,139289.70120166335,18314.87550775736,0.1270217139954726,0.1502513498417426,15742.402343538191,-0.75,27438.0,0.6030866768476111,0.1624999999999943,0.0264666960741066,1.8130277090227285,143.0301903,0.3023748798731663,0.7200000000000006,16406.94476680272,2.8057581300266103,150581.774134291,0.0016232857542681,8585.421800000011,271707.2059565693,-705.375,0.289999999999992,0.0010843680046725,0.145166128645755,8613.0,0.1181918615478772,0.1170288136697157,-99585.0,276854.0499999998,1843.0,-38445.81700000167,0.0001336197228869,-0.0039868834167459,170650.09999999963,-240716.0,381830.0,2.372,-16327.92400000058,213794.25
2023-01-06,209646.0156,216280.0,149.3469032,69.0,149.6873892,6.0,68.625,2.55642117236702,191441.99953688635,149.3469032,149.6873892,83.322,83.24333333333334,0.9249512000000096,0.5607772044249089,0.410920353976446,569135.5555706599,0.6937134000000071,0.6703605176949295,481706.4165968362,143.0301903,1.3996986441322128,56659.53918245807,22205.45879273285,0.0902946940900651,0.1482267997451687,16778.23932783606,0.5625,27920.0,0.5456498504811718,0.5062499999999943,0.0267965225046771,1.8009274657359462,143.0301903,0.2797098612545038,0.6749999999999998,16966.623684091017,2.704762806995312,146324.87237006714,0.0016765396222198,0.0,250282.50769057628,6739.906199999998,0.3000000000000113,0.0103016405685148,0.47062649734616,6228.0,0.1717334647542843,0.1026627384021648,-156619.0,241206.0499999998,9226.0,-16692.0709999986,-0.0155992069267744,-0.001748955352819,66575.09999999963,-275756.0,389283.0,-0.2464999999999975,-51445.61899999995,215724.7031
2023-01-09,215724.7031,218067.0,149.3469032,68.83333333333333,149.6873892,6.0,68.85,2.593407634348056,206003.7903875789,149.3469032,149.6873892,82.922,82.18666666666667,0.9249512000000096,0.507369851622542,0.4348772261105224,514894.0030052583,0.6474658399999953,0.6345973650981194,449813.3634817072,143.0301903,1.4813018091232537,59196.34497460537,21707.46271723448,0.1168618043719083,0.1322568083283575,17605.12485651936,0.6875,25472.0,0.4936831980543941,0.4124999999999943,0.0268023192210917,1.7288580806873322,143.0301903,0.2581257800445282,0.6299999999999999,17434.362896526858,2.778840348816464,140334.55518850638,0.0050212006248604,6078.6875,236787.51001391225,15433.765600000012,0.8999999999999773,0.0059332902050658,0.3127096880751026,1787.0,0.1385112501801131,0.1087440418408091,-173375.0,353289.9500000002,16628.0,-350557.79199999943,0.0057693106171241,-0.0365634058960026,54142.200000000186,-515347.0,432397.0,0.0534999999999996,-55632.90699999966,215810.9844
2023-01-10,215810.9844,218596.0,149.3469032,68.70833333333333,149.6873892,6.0,68.825,2.6054782367360665,205870.02584857796,149.3469032,149.6873892,82.574,81.45666666666666,0.9249512000000096,0.4590489133727828,0.4526345677682088,460813.98150531296,0.6012182800000119,0.482538432475378,400492.195289192,143.0301903,1.5417878054997751,3839.216881785542,20118.704363212164,0.1136721023409955,0.1143021720624142,17991.203454319748,0.25,22423.0,0.4466657506206424,-0.2906250000000057,0.0272498907820009,1.6889520263667686,143.0301903,0.2634024718255537,0.5850000000000009,17460.791479480496,2.843665351545225,135711.8334690549,0.001443321860775,86.28129999997327,220504.9078387792,14344.953100000012,0.2600000000000193,0.004491602879002,-0.2825483774558677,529.0,0.1207796271336421,0.1074589029346592,-122851.0,262619.5,8544.0,-474829.8609999996,-0.000203720803083,-0.0494376031725574,-19125.400000000373,-434765.0,300001.0,0.4169999999999874,55039.71100000013,224627.5156
2023-01-11,224627.5156,226029.0,149.3469032,68.77083333333333,149.6873892,6.0,68.7875,2.5973534607365205,199054.4169706505,149.3469032,149.6873892,81.822,81.32333333333334,0.9249512000000096,0.4153299692420376,0.4649033101189115,402974.31989005534,0.55497072,0.4653274172699972,346755.7638452344,143.0301903,1.5835782446136093,28157.29146447312,24927.732519096724,0.1022854261518128,0.1099385683629523,17950.14662439366,0.5625,22388.0,0.4041261553234383,0.5750000000000028,0.0256116832870143,1.690374841644051,143.0301903,0.3082162565879987,0.5400000000000009,17673.012853192027,2.857483756918403,122632.22967694668,0.0016075388026606,8816.531200000027,203692.32599876163,2016.7343999999864,0.289999999999992,0.00347648622078,0.592575277539936,7433.0,0.1025728876952243,0.1072453421041124,-18903.0,274492.5,9749.0,-415842.0270000007,-0.0006492975760947,-0.0436472720397549,-10197.950000000186,-125234.0,298294.0,-0.4675000000000011,-4531.100000000559,234153.7031
2023-01-12,234153.7031,234947.0,149.3469032,68.70833333333333,149.6873892,6.0,68.8,2.567766334261815,198205.3403798743,149.3469032,149.6873892,80.99000000000001,80.76666666666667,0.9249512000000096,0.3757747340761455,0.4721115432310513,359041.4636646772,0.5087231600000166,0.4637341286828821,294695.2015459596,143.0301903,1.608131309498371,53549.50180118997,30622.32942203988,0.0968956210705141,0.1407796924541036,18077.185938585582,0.25,28994.0,0.3656379500545395,0.0625,0.0229953791791248,1.723705005901072,143.0301903,0.2930473200014765,0.4950000000000001,18272.338726148737,2.806240414354721,109148.46009450556,0.0015496153633294,9526.1875,188450.09781887516,10833.265600000012,0.2800000000000011,0.0181727008903581,0.0837585844408863,8918.0,0.1089225767196746,0.107824808682298,3358.0,197206.0499999998,16880.0,-160352.34200000018,-0.0030300606743507,-0.0173595789820878,3365.5499999998137,291736.0,123364.0,-1.4570000000000078,-2054.864999999292,250556.0313
2023-01-13,242154.5,243788.0,149.3469032,68.6875,149.6873892,6.0,68.6375,2.516028407504238,189648.51291322877,149.3469032,149.6873892,80.824,80.32666666666667,0.9249512000000096,0.3399866641641438,0.4744899539675898,324262.88454285066,0.4624756000000332,0.4578783128104138,255540.57634483103,143.0301903,1.6162327779481798,103405.69210583904,35704.91709613131,0.1066616843299651,0.2007604862383514,18574.68604572923,-0.8125,40760.0,0.3308152881445831,-0.390625,0.0210680242634315,1.732639832588896,143.0301903,0.2922076106671485,0.4500000000000002,19027.897940944396,2.737590181162959,96242.3756526154,0.0017129911034978,8000.796899999987,160641.54248232738,18429.0,0.3100000000000023,0.0165692140618754,-0.3765993759820532,8841.0,0.1745231353354046,0.1017661119975181,119052.0,196527.9000000004,25192.0,9090.026000000536,-0.0045682032518011,0.0009956435383418,39876.54999999981,217133.0,115506.0,-0.7775000000000034,29448.97999999952,257668.8125
2023-01-16,250556.0313,250556.0,149.3469032,68.77083333333333,149.6873892,6.0,68.75,2.5480896352902365,187009.0649293408,149.3469032,149.6873892,80.662,80.25333333333333,0.0,0.30760698186279,0.4721115432310513,293296.23062021966,0.4162280399999929,0.4945737631909421,240499.7490145098,143.0301903,1.6081313094983736,101571.00714337826,38427.87737269024,0.0855270748056741,0.20338698135047,20201.393440539327,1.6875,42347.0,0.2993090702260517,0.828125,0.0221730686232195,1.734865382309773,143.0301903,0.2980049248799796,0.4049999999999993,20260.37496478983,2.7544106256578176,81938.34192380549,0.0048543689320388,8401.531300000002,140830.65766862562,34745.046900000016,0.8799999999999955,0.0188207808274567,0.7902196122067124,6768.0,0.2398539046354846,0.1086380812547729,100627.0,227797.7999999998,24527.0,-150042.05900000036,0.0092470869592593,-0.016467347133367,29812.700000000183,-44347.0,176029.0,-0.5600000000000023,37626.42399999965,260750.0469
2023-01-17,257668.8125,257669.0,149.3469032,68.91666666666667,149.6873892,6.0,68.925,2.558588169489659,187678.6140860193,149.3469032,149.6873892,80.33200000000001,80.36,0.0,0.2783110788282386,0.4649033101189115,293661.6117258409,0.3699804800000095,0.4997840816687585,240091.99919063356,143.0301903,1.583578244613615,91133.95884400886,41203.65095624354,0.1089539748971728,0.2444531378287788,22003.08395246726,0.75,50615.0,0.2708034444902374,0.4718749999999971,0.0201623743212,1.7425790777193606,143.0301903,0.2943330613621479,0.3599999999999994,21696.13441862348,2.727597747778083,71661.70391355874,0.0018115942028986,7112.781199999998,129273.35796059888,33041.29689999999,0.3300000000000125,-0.0107613968730009,0.4322225062822582,7113.0,0.2444501659375475,0.1091015077810444,68754.0,166362.25,22722.0,-116115.84200000018,0.0011249223131289,-0.0127926562933237,15625.900000000373,-291082.0,112291.0,-1.008499999999998,-14041.69599999953,235372.4063
2023-01-18,235372.4063,267244.0,149.3469032,69.27083333333333,149.6873892,6.0,68.9375,2.5492054489688343,166539.61663690503,149.3469032,149.6873892,80.254,80.37333333333333,0.0,0.2518052617969886,0.4526345677682088,286043.742570824,0.3237329199999976,0.5005239853078324,245725.4375755556,143.0301903,1.541787805499785,92310.10562076978,45942.58896041082,0.0990391334984261,0.3266745764226391,23425.43373647153,-0.125,65805.0,0.2450126402530719,0.5406250000000057,0.0201911717323595,1.730179409620193,143.0301903,0.2367871670271468,0.3150000000000004,21122.176427701284,2.6794341507902204,62696.18560082192,0.0016987232177105,-22296.4062,113969.0035373243,26596.343799999973,0.3100000000000023,-0.016680332490079,0.504153696160131,9575.0,0.3145261652728652,0.1090889613209068,18906.0,103314.90000000036,23456.0,-209692.9539999999,0.0019704759499605,-0.0229451237597436,12217.650000000373,-129846.0,47163.0,-0.5544999999999902,34872.74500000011,235372.4063
2023-01-19,235179.7344,236259.0,149.3469032,69.08333333333333,149.6873892,6.0,68.975,2.5234206107874844,147767.3897123764,149.3469032,149.6873892,80.216,80.02333333333333,0.0,0.227823808292527,0.4348772261105244,284927.8941675376,0.2774853599999858,0.477484413495971,259550.580998961,143.0301903,1.481301809123266,57681.38127593417,13533.056678466935,0.1224483472259012,0.1247643440671832,22737.15420041745,0.25,26207.0,0.2216781030861128,0.1906249999999971,0.0216480446927374,1.7521082038203954,143.0301903,0.2396933739516009,0.2700000000000004,20359.14418774373,2.5882545937571773,61452.153610550165,0.0018052516411377,-192.6719000000157,104342.9816702618,-15183.625,0.3299999999999841,-0.0332859770964479,0.1168533441448858,-30985.0,0.1687987809101958,0.1112235231568922,-18508.0,89023.90000000037,-14297.0,-63952.02099999972,0.0028902404812081,-0.0071363495763884,-25342.5,22377.0,67950.0,-1.400999999999982,39696.27199999988,247680.0
2023-01-20,235179.7344,236259.0,149.3469032,69.0,149.6873892,6.0,69.1125,2.471145643112391,119936.16703146184,149.3469032,149.6873892,79.83399999999999,79.49666666666666,0.0,0.2061263027408699,0.4109203539764514,292529.76361702365,0.2312378000000023,0.4755969240970138,271538.1968606494,143.0301903,1.3996986441322294,5884.011630606838,12244.194137660585,0.1228736868392714,0.0923756241908637,21865.233846157866,-0.125,19979.0,0.2005659027921975,0.1687500000000028,0.0216494292910347,1.8300597488089096,143.0301903,0.2450085610799998,0.2249999999999996,19668.099100061954,2.488446143786562,62225.51346425945,0.0016927865450773,0.0,92485.1883839759,-22296.4062,0.3100000000000023,0.000407742980709,0.1057244542263333,0.0,0.1009295446439741,0.1051545069939871,-68842.0,73861.90000000037,-21410.0,-71695.43899999931,-0.0049465875480716,-0.008001149898871,-83779.0,59566.0,82237.0,-2.3185,23105.077999999747,250362.2969
2023-01-23,250362.2969,256040.0,149.3469032,69.25,149.6873892,6.0,69.225,2.5068715563426136,99672.78076548768,149.3469032,149.6873892,79.75999999999999,79.43,0.0,0.1864952262893666,0.3795919631740854,293731.0492084645,0.1849902400000189,0.5398872171452708,283216.7721279429,143.0301903,1.2929862223585602,160341.9152848348,28975.175648359585,0.1564944913833933,0.174134554976223,21722.524297021635,1.125,37973.0,0.1814643882405597,1.203125,0.0210952482420627,1.834135103787988,143.0301903,0.2931056538033934,0.1799999999999997,19939.105833168305,2.501622420918479,66039.43193438335,0.0050697775839512,15182.5625,94294.6485802322,-13070.046899999988,0.9300000000000068,0.0017610529863929,1.1135126014428778,19781.0,0.1584970128990841,0.1125786856135774,91601.0,105997.5,-11204.0,-42545.85500000045,0.0114804583109873,-0.0047648020822063,81940.34999999963,88284.0,-2309.0,-0.5490000000000066,30604.19299999997,252107.9063
2023-01-24,252107.9063,253343.0,149.3469032,69.33333333333333,149.6873892,6.0,69.225,2.52220762741474,80206.67832967654,149.3469032,149.6873892,79.63199999999999,79.38666666666667,0.0,0.1687337761665617,0.3388536046322348,317115.25758956297,0.1387426800000071,0.5102868614035444,303390.30156086053,143.0301903,1.1542210707582148,37124.113829135895,23775.492253277716,0.1511903354884887,0.1589553331259492,21688.371431996944,0.875,34747.0,0.1641820655509827,0.2718749999999943,0.021104672797831,1.8467353841163527,143.0301903,0.2471110625637974,0.1349999999999998,20133.142388096418,2.496905242389799,73523.77085728676,0.0017356402885502,1745.6094000000155,93310.39926049896,14989.890599999984,0.3199999999999932,0.004591795677669,0.2157971155911724,-2697.0,0.1605638728539289,0.1121647216555617,848.0,40362.04999999981,17084.0,-147971.36500000022,0.0001461540601636,-0.0166306763340139,-32196.049999999814,-343769.0,10508.0,-1.3400000000000034,42875.09500000067,260073.5938
2023-01-25,260073.5938,260362.0,149.3469032,69.39583333333333,149.6873892,6.0,69.1875,2.516573694111569,61220.11541234823,149.3469032,149.6873892,79.062,79.08666666666666,0.0,0.1526638927221313,0.2846939723805874,313423.62152591685,0.0924951199999952,0.5093694502442548,313709.6620634077,143.0301903,0.9697396667689412,106425.4363215994,27861.68346725128,0.1338006242090287,0.1518964380676815,21606.314903965933,-0.125,34333.0,0.1485456783556511,0.1875,0.0215185165506615,1.922073715657404,143.0301903,0.2535967158954621,0.0900000000000007,21008.03596081244,2.462968416576354,83112.71630357577,0.0017326330608045,7965.6875,87233.37560509176,16735.5,0.3199999999999932,-0.0099272856642709,0.1386973902967696,7019.0,0.1681884821614299,0.1118935464944445,132530.0,-38525.450000000186,24103.0,-46200.11000000127,-0.0014602187784324,-0.005197478713984,53418.75,-82902.0,-103584.0,-3.1289999999999907,35684.70399999991,261498.7969
2023-01-26,261498.7969,264349.0,149.3469032,69.02083333333333,149.6873892,6.0,69.1875,2.4937709766957608,55510.82591226466,149.3469032,149.6873892,78.752,78.34333333333333,0.0,0.1381244743676575,0.2068253759070547,276741.8006823234,0.0462475600000118,0.4988782647363454,306416.6360758578,143.0301903,0.7044995348314688,135487.58524335176,28815.475517989253,0.1357700932677268,0.1251431173839206,22153.028336747146,0.1875,29402.0,0.134398470893208,-0.0218749999999943,0.0242321181847167,1.9570328642051351,143.0301903,0.2451849373603184,0.0449999999999999,21327.391447027465,2.4324914669618334,95084.23315974792,0.0016755851035079,1425.2030999999845,75430.12849684904,12393.593800000002,0.3100000000000023,0.0169598791915118,-0.0441547421124397,3987.0,0.1577993599996883,0.1109774819327376,4518.0,-31274.099999999627,8309.0,71690.39399999939,-0.0027182072224901,0.0080672004896804,102532.0,-109571.0,-36231.0,-2.6824999999999903,44402.18499999959,254295.4063
2023-01-27,254295.4063,263354.0,149.3469032,68.72916666666667,149.6873892,6.0,69.0625,2.4569930274304177,52673.31657966125,149.3469032,149.6873892,78.582,77.74666666666667,0.0,0.1249697625231363,0.0,229590.37799079905,0.0,0.5185200822127546,288872.9305631641,143.0301903,0.0,150266.10093446076,25170.90642103789,0.2000121078492303,0.0802582571742662,22163.62700500089,0.0625,19566.0,0.1215986165224265,-0.609375,0.0240280061528668,2.025925324648627,143.0301903,0.2133044102223432,0.0,20933.201848020897,2.416681282472449,109215.80135214426,0.0016727822145479,-7203.390599999984,78568.18821585615,11136.5,0.3100000000000023,-0.0045134443324884,-0.6054257190541108,-995.0,0.1167826664194231,0.1026081110163324,154424.0,39702.15000000037,10011.0,245506.41699999943,-0.0057983731741788,0.0280594027755267,131069.5499999998,611920.0,15089.0,-3.0005000000000024,38488.450000000186,245875.125
2023-01-30,245875.0938,254871.0,149.3469032,68.875,149.6873892,6.0,68.9625,2.520005430236336,50231.92805544104,149.3469032,149.6873892,78.01,77.67666666666666,0.0,0.1130678803780824,0.0,227289.3582203556,0.0,0.4665077952471455,265821.1116557768,143.0301903,0.0,289202.710369274,15098.581999986636,0.1960649880300075,0.0172216989415538,21531.42789954029,0.0625,4315.0,0.1100177959012436,0.5531249999999943,0.0242782498548581,2.0399207285939824,143.0301903,0.3113733713560242,0.0,20235.153939326297,2.48223132854719,125177.04719801122,0.0051177072671444,-8420.3125,101935.2959055582,2187.5,0.950000000000017,-0.0066435760180406,0.5831862541891439,-8483.0,0.0149243064738788,0.1088971066798518,243299.0,-65938.79999999981,-5491.0,442695.2150000017,0.0034865252228764,0.05006309099324,289867.75,724784.0,-146230.0,-2.958500000000001,49189.17599999998,253548.4844
2023-01-31,253548.4844,255699.0,149.3469032,69.0,149.6873892,6.0,68.9875,2.559536296408224,47024.063023611365,149.3469032,149.6873892,77.374,77.08999999999999,0.0,0.102299510818284,0.0,231615.3678600297,0.0,0.4508193381587974,258053.25034294563,143.0301903,0.0,198537.9760483904,14409.764666654575,0.2609021580035921,-0.0076454676348338,20657.002118202545,0.125,-1970.0,0.0995399105773158,0.2593750000000057,0.0243491093074734,2.095573279181885,143.0301903,0.26821213951073,0.0,18761.41810769761,2.54934026553417,139870.31450083497,0.0016078893772106,7673.390599999984,112654.56514741722,-14198.468800000002,0.2999999999999829,0.0004494255357835,0.3014542299806635,828.0,-0.0457707216700895,0.1087865501106219,130209.0,15724.25,-8650.0,483960.4280000013,-0.0032670381405185,0.0540234419980818,212027.6500000004,503145.0,-15032.0,-3.7280000000000086,10233.618999999948,251062.125
2023-02-01,251062.125,255762.0,149.27809358,69.25,149.6873892,6.0,68.975,2.5813465988040862,47178.94093148958,149.3469032,149.6873892,77.78399999999999,77.75666666666667,-0.1125914000000136,-0.0093117092596628,0.0251762024087445,242385.2969843025,-0.1069618300000172,0.4416974397588389,248003.20086080304,143.0301903,1.2898005020513093,152261.4545199722,13094.40612697319,0.2682570025229526,-0.0429644818966936,18911.64742383072,-0.25,-11482.0,0.6329170619509048,0.0281250000000028,0.0262132856090115,1.7926119578924586,143.0301903,0.263821912119162,0.5699999999999994,16930.52028639636,2.615338561156833,152334.62952763968,0.0023009417808219,-2486.359399999986,118727.4934313135,-7950.3125,0.4300000000000068,0.0253597220871879,0.0465538271253649,63.0,-0.0276186431627445,0.1097051468494206,69364.0,56306.950000000186,-7592.0,478365.8570000008,0.0070557685482618,0.0531811274379285,176493.2000000002,238798.0,68863.0,-0.0904999999999915,14677.770999999717,248854.5781
2023-02-02,248854.4844,255323.0,149.20928396000002,68.33333333333333,149.5747978,6.0,68.55,2.578649381280532,52780.48143703201,149.3469032,149.6873892,77.97999999999999,78.29333333333334,-0.1125914000000136,-0.0084248798063697,0.0346549017096814,254091.38018988384,-0.1013322600000208,0.6628273148732906,228673.81006771704,143.0301903,1.7754031723483004,148068.31599426083,11450.129352975751,0.2548365911703424,0.0806911059472865,16827.392100269848,-2.125,19064.0,0.5726392465270091,-2.128124999999997,0.0260266049739732,1.503075706326023,137.2620271,0.2708627138676107,0.54,15471.149449723594,2.613078644051928,159833.81150079603,0.0016016229779509,-2207.6406000000134,125540.66220063774,-3233.2813000000024,0.3000000000000113,-0.0177608265285331,-1.9935941564103812,-439.0,0.0666591251992481,0.1093392360574374,-88622.0,-123835.09999999964,452.0,97213.75599999912,-0.0058638713564502,0.0104694812143171,176757.25,-56006.0,-122189.0,-0.4945000000000021,-20415.22999999952,239369.9531
2023-02-03,239369.9531,250508.0,149.14047434000005,68.27083333333333,149.5747978,6.6,68.7125,2.5554788921884217,52520.95427139067,149.0028551,149.5747978,78.39,79.44,-0.1125914000000136,-0.0076225103010187,0.0412475833761652,262238.53238263354,-0.0957026899999959,0.6635790616442497,217715.4307126363,137.2620271,2.113152447855547,90388.71447099744,6003.212271739962,0.2553605911488084,0.0603109299539912,15543.835156012983,0.1875,14249.0,0.518102175429199,0.1812500000000056,0.024914765276685,1.4473637559733803,137.2620271,0.2742811136052534,0.5099999999999998,13538.06446060843,2.5950018253720994,160840.9866167125,0.0018122701348541,-9484.531299999971,125200.75646940558,2979.4531000000134,0.339999999999975,0.015432175097209,0.2885338584858488,-4815.0,0.0572801715032642,0.1027472017258462,-67021.0,-72127.0,-5191.0,-39007.833000000566,-0.0099465010418157,-0.0041311784351389,116038.25,-90157.0,-78719.0,0.2824999999999988,-28278.616000000387,243607.5938
2023-02-06,239369.9531,243946.0,149.07166472,68.41666666666667,149.5747978,6.6,68.7,2.6378389779673217,53259.23234743473,149.0028551,149.5747978,79.144,79.94333333333333,-0.1125914000000136,-0.0068965569390115,0.0462065356126629,267487.7938365161,-0.0900731200000279,0.6751202987343753,227286.9449793858,137.2620271,2.367204229797724,129877.40833090246,-505.5698493781092,0.2188824809152745,-0.0472348070613967,13944.625525302292,-0.5625,-12094.0,0.4687591111026092,0.5281250000000028,0.0252504173622705,1.4287440196495382,137.2620271,0.2757300170218003,0.4799999999999995,11954.663055683312,2.6954177002735102,151818.7518122323,0.0061186485767492,0.0,126937.02576982915,-14178.531299999971,1.1500000000000057,-0.0057894762484164,0.6003401576776781,-6562.0,-0.0335515459463823,0.1117077342844873,16388.0,-72945.15000000037,-11816.0,-62093.76699999906,0.0045295726709795,-0.0065545413112698,154424.65000000037,-43458.0,-140308.0,1.7560000000000144,-92432.83999999984,246804.2031
2023-02-07,246804.1563,249678.0,149.0028551,68.83333333333333,149.5747978,6.6,68.45,2.6938258354203986,55145.5124260842,149.0028551,149.5747978,80.03200000000001,80.50999999999999,-0.1125914000000136,-0.0062397419924309,0.0500200420767445,265063.60694803606,-0.0844435500000315,0.6901191139559905,232021.4432972726,137.2620271,2.5625737486885045,125346.9884898644,4728.674898181722,0.2159519718193334,-0.0144665532499417,12172.48642055143,-1.125,-3665.0,0.4241153862356945,-0.8968749999999943,0.0242607246980424,1.3572645671582495,137.2620271,0.2764055306327602,0.4499999999999993,9890.206284375348,2.769021487818472,144643.84770109682,0.0019037546271813,7434.203199999989,123092.11073466032,-7454.531199999998,0.3600000000000136,0.0384797051113532,-0.7574303335297259,5732.0,-0.0269797137334059,0.1104447783337964,13659.0,-61126.0,-5645.0,-76639.70099999942,-0.0003925909023134,-0.0081682315296152,145134.2000000002,-181470.0,-81951.0,1.3474999999999966,-89548.34200000018,250125.4063
2023-02-08,250125.4063,250285.0,149.0028551,68.89583333333333,149.5747978,6.6,68.5,2.7298208925243848,57166.928543531154,149.0028551,149.5747978,80.268,80.88666666666666,-0.1125914000000136,-0.0056454808502905,0.0529362367615861,266837.7306634283,-0.0788139800000067,0.6916442080480029,233182.74461650196,137.2620271,2.711973142116926,96996.79910987709,4827.515384069178,0.1956274218102171,-0.0387038047026832,9862.886061821357,0.1875,-10077.0,0.383723444689438,0.3499999999999943,0.0242900239259338,1.356689469182092,137.2620271,0.2773981253085543,0.419999999999999,8556.448294747186,2.794429421093715,136346.62897730398,0.0021112635912594,3321.25,117930.20460525589,-2050.375,0.4000000000000057,0.0149885058271208,0.445658269663582,607.0,-0.0210374330493576,0.1107483655204803,43684.0,-84564.95000000019,-223.0,-194387.8609999996,0.0009938979759164,-0.020672315951797,111310.84999999964,-28733.0,-43597.0,1.4779999999999944,-15139.09499999974,248238.5938
2023-02-09,248238.5938,253036.0,149.0028551,68.60416666666667,149.5747978,6.6,68.8625,2.739103339646503,58152.65264618666,149.0028551,149.5747978,80.774,81.01,-0.1125914000000136,-0.0051078160074098,0.0550977821031156,267456.5675906984,-0.0731844100000103,0.6942254771743307,233110.1843124377,137.2620271,2.8227111407050733,48923.0087184608,6856.752014157828,0.187017636108088,-0.042795698111209,8240.481778880636,-0.3125,-11313.0,0.3471783547190155,-0.3312499999999971,0.0230880979557952,1.4398847724366146,137.2620271,0.2757960947253938,0.3900000000000005,7988.618966271718,2.7647013258312634,126088.28260185369,0.0017907932160539,-1886.8125,111613.46807114744,10755.453199999987,0.339999999999975,0.0414469083077822,-0.2188091845900857,2751.0,-0.0382514324297386,0.109999477261916,-52400.0,-45815.0,9090.0,-276282.92800000124,0.0004615944135927,-0.0293565028699629,56401.15000000037,-208769.0,-19228.0,2.089499999999987,36274.28299999982,249897.5
2023-02-10,249897.5,251365.0,149.0028551,68.85416666666667,149.5747978,6.6,68.8,2.723104652298161,58047.519692228176,149.0028551,149.5747978,80.662,80.49,-0.1125914000000136,-0.0046213573400279,0.0565912175162408,270291.7536548248,-0.0675548400000138,0.6752420983968671,233039.22254188196,137.2620271,2.899221239981247,58320.96026908327,4691.870869952312,0.1997609026406859,-0.045524275310039,7475.103041208903,0.5,-11989.0,0.3141137495076807,-0.171875,0.0235160053869263,1.4227811904117875,137.2620271,0.2735571950670649,0.3600000000000003,7883.221388854805,2.721850376799717,116949.93525736145,0.0017350157728708,1658.9061999999976,108810.14147067828,4631.0,0.3300000000000125,-0.0263520760836238,-0.0283273574862619,-1671.0,-0.0507084669497382,0.1036103007741171,-45527.0,-32608.0,1687.0,-185087.17200000025,-0.005906398213242,-0.0198889814521574,62212.65000000037,39045.0,-87129.0,-0.2369999999999947,69195.12600000016,257625.7969
2023-02-13,257625.7969,258716.0,149.0028551,69.125,149.5747978,6.6,68.925,2.8020312181287146,55455.93504461225,149.0028551,149.5747978,80.75,80.74666666666666,-0.1125914000000136,-0.004181228069541,0.0574686530583671,275115.403229819,-0.061925269999989,0.7137267255860811,230905.1505275625,137.2620271,2.944173087142998,124258.15452917106,10895.9307870997,0.2068797202613508,0.0150860631456697,7472.403826976896,0.5625,3845.0,0.2841981543164733,1.109375,0.024269593445664,1.4834256229914182,137.2620271,0.2724888450368995,0.33,8145.181708577888,2.784893978894852,110505.19959475505,0.0058258541961895,7728.296899999987,109101.37112277267,3093.296899999986,1.1099999999999852,7.274874767657091e-05,1.1618704860838562,7351.0,-0.0172944779616335,0.1103830341685847,51630.0,-63419.90000000037,8431.0,-161827.86400000006,0.0107122041122826,-0.0175729738776688,127996.15000000036,161365.0,-22212.0,2.1740000000000066,52117.058000000194,258463.5
2023-02-14,258463.5,262802.0,149.0028551,68.77083333333333,149.5747978,6.6,68.825,2.8581688561954857,55414.130162148365,149.0028551,149.5747978,80.592,80.20666666666666,-0.1125914000000136,-0.0037830158724432,0.0577581695156612,273977.9871211148,-0.0562956999999926,0.7823282033540582,230060.9318736128,137.2620271,2.9590052872471744,168214.37790734507,13555.08023594736,0.1921959152424403,0.0277787554898532,7469.973506995814,-1.75,7103.0,0.2571316634291909,-1.3718750000000028,0.0240275776908829,1.4799639931608948,137.2620271,0.3151649305472549,0.2999999999999998,8193.41476334015,2.8109758560255407,101987.06540134136,0.0019828845752454,837.7031000000134,111889.5764582581,7500.390599999984,0.3800000000000239,6.536362424916509e-05,-1.2672362268765056,4086.0,0.0477912188148352,0.1091323956941934,156217.0,-59652.950000000186,9766.0,-148588.42399999872,-0.0014965242882891,-0.0162658025306425,173300.2999999998,334988.0,-111287.0,0.4925000000000068,40685.0,254969.7969
2023-02-15,254969.7969,260347.0,149.0028551,68.89583333333333,149.5747978,6.6,68.8,2.888701174175641,54989.487206753736,149.0028551,149.5747978,80.50399999999999,80.62333333333333,0.0,-0.0034227286465124,0.0574686530583507,277162.3842876013,-0.0506661300000246,0.7796430842480548,226032.93598461265,137.2620271,2.9441730871430125,284408.6276304554,10042.92973728571,0.1891166418453659,0.0179268225928792,7306.47030889299,0.125,4585.0,0.2326429335787923,0.2593750000000057,0.0231329503487893,1.4778201407550116,137.2620271,0.3123201432326722,0.2699999999999996,7675.503577990868,2.814482985147514,96337.39047142048,0.0018748047078429,-3493.7031000000134,127479.09984426084,10224.906199999998,0.3599999999999852,-0.0073427489746695,0.3236910328260194,-2455.0,0.019384914138339,0.10829133405486,286812.0,1948.0,8982.0,57120.91200000048,0.0044003115095235,0.0062626203400721,296311.5,233464.0,-97502.0,0.9754999999999824,39340.75999999978,257247.2031
2023-02-16,257247.2031,260113.0,149.0028551,68.52083333333333,149.5747978,6.6,68.875,2.898924664513693,55822.883377472426,149.0028551,149.5747978,80.116,79.95333333333333,0.0,-0.003096754489718,0.0565912175162068,275649.9897083997,-0.0450365599999997,0.7798078795109722,220224.76720831657,137.2620271,2.8992212399812782,231733.61547517404,8874.745952782308,0.1878285010108044,0.0187605503616987,6589.348228158647,2.1875,4790.0,0.2104864637141457,0.0687499999999943,0.0233678384749411,1.4779376633817187,137.2620271,0.3115468555448036,0.2400000000000002,7047.020902807789,2.772330579513552,94869.21098673026,0.0020792182139515,2277.4062000000267,132190.0669607982,5072.296899999987,0.4000000000000057,0.0032929227311325,0.1232204582711631,-234.0,0.0155645615602113,0.1083993746981486,179513.0,56313.450000000186,1397.0,5423.559000000358,-0.0030613761259031,0.0005994818369261,244894.9500000002,44821.0,140640.0,0.1744999999999947,42395.34700000007,248979.375
2023-02-17,248979.4063,258458.0,149.0028551,69.125,149.5747978,6.6,68.9875,2.88708462494234,55322.68338476252,149.0028551,149.5747978,80.52799999999999,80.38333333333333,0.0,-0.0028018254907067,0.0550977821030628,261065.0663147158,-0.0394069900000033,0.7861033458743008,215829.130049269,137.2620271,2.822711140705122,211089.6520965863,6532.151100136398,0.193480274321297,0.0317355134366965,5703.605437049194,0.25,7950.0,0.1904401338366081,0.421875,0.0263561924257933,1.5128136038521398,137.2620271,0.3056441786889234,0.2100000000000008,6047.059105656157,2.7599925629191797,95493.21864713424,0.0021267766365804,-8267.796800000011,127139.95075426764,-378.59379999997327,0.4099999999999966,-0.0205049558368817,0.45077089081677,-1655.0,0.0337250174944641,0.102550884349089,119426.0,33734.549999999814,-4344.0,-9517.329000001771,0.0004861605261271,-0.0010590777221759,220698.7000000002,-148023.0,65517.0,1.649499999999989,32995.59999999963,244719.0938
2023-02-22,244719.0938,249587.0,149.0028551,69.45833333333333,149.5747978,6.6,69.0,3.0349861700889265,50152.33414842642,149.0028551,149.5747978,80.89,81.39,0.0,-0.0025349849677809,0.052936236761513,267755.5389884627,-0.0337774200000069,0.7958245785777517,207340.2380789266,137.2620271,2.711973142116993,354782.16142072063,-2116.1013855908823,0.2156817009084013,0.0231239700589473,5664.041709492438,0.6875,5641.0,0.1723029782331222,1.2281250000000057,0.0265112965601463,1.7379760612487656,137.2620271,0.3022043359283436,0.1800000000000006,6228.842774506098,2.8617504304737382,103405.25993458636,0.0092654899321911,-4260.3125,152090.7069859962,-9484.125,1.789999999999992,-0.005215297739804,1.1429593774056457,-8871.0,0.0401446454559211,0.1162025338737166,154332.0,16498.700000000186,-10760.0,-44249.67200000025,0.0040135908689372,-0.0048212501675262,375479.3499999996,131383.0,51805.0,3.70150000000001,77015.4330000002,248006.3438
2023-02-23,248006.2969,250301.0,149.0028551,69.54166666666667,149.5747978,6.6,69.3375,3.143501065272261,48465.90054459943,149.0028551,149.5747978,81.63199999999999,82.73333333333333,0.0,-0.0022935578279827,0.0500200420766486,234979.12999018867,-0.0281478499999821,0.7968895122517786,184209.28176633647,137.2620271,2.562573748688588,321715.7460473189,-1268.5679202965111,0.2159049596365228,0.0024952138354199,5868.457514349306,1.1875,623.0,0.155893170782349,0.2874999999999943,0.029175561654976,1.9432037436856064,137.2620271,0.3011667750646231,0.1499999999999994,6263.289330957505,2.975127551445373,117243.07895868528,0.0018976305262079,3287.2030999999843,160249.5294783441,-10250.703099999984,0.3700000000000045,2.7858905183308917e-06,0.1858918176527311,714.0,0.0045626656487258,0.11204916645625,183412.4000000004,-3338.7400000002235,-9812.0,99403.9269999992,0.0050795824895632,0.0109808239436475,344014.98000000045,323609.4000000004,20655.799999999814,3.702500000000001,62578.21999999974,248324.6875
2023-02-24,248324.6875,249881.0,149.0028551,69.5,149.5747978,6.6,69.35,3.2176756484995104,51335.01591566559,149.0028551,149.5747978,81.696,82.57,0.0,-0.0020751237491367,0.0462065356125378,216547.2119947633,-0.0225182799999856,0.7987191638064131,166861.61811234365,137.2620271,2.3672042297978284,240995.40832852665,-1527.7519278873224,0.2230215468092904,-0.0016141598577621,5912.746544408238,-0.0625,-404.0,0.1410462021364109,0.28125,0.0302137815467424,1.8710877781879365,137.2620271,0.2994823406907141,0.1200000000000001,5903.284028728081,3.043663434952054,135217.71215477394,0.0019964166879959,318.39060000001336,163762.5805822774,-9240.859300000013,0.3900000000000148,0.009073759279323,0.1681878350191397,-420.0,0.0048708275017217,0.1112340606731216,126484.0,-72758.38999999966,-8577.0,200284.4960000012,-0.0060536869342924,0.02231106376705,263192.6299999999,491277.0,-21206.0,0.6370000000000005,62596.96100000013,250465.5938
2023-02-27,250465.5938,252208.0,149.0028551,69.29166666666667,149.5747978,6.6,69.4625,3.319844638089554,58651.566808605225,149.0028551,149.5747978,81.65,81.22000000000001,0.0,-0.0018774929158951,0.0412475833760012,235234.7874560509,-0.0168887099999892,0.8095848513769202,159030.13336313158,137.2620271,2.11315244785568,280831.2265829528,723.1292081019492,0.2372081351796303,-0.0032722616544681,5553.610770476142,0.9375,-828.0,0.1276132305043722,0.5625,0.0351437699680512,1.81691178130714,137.2620271,0.305042873667217,0.0899999999999998,5291.810052657597,3.1744696614678825,157443.52242666605,0.0054664350669255,2140.9063000000024,172392.38687059688,-654.6875,1.0699999999999932,0.0078387807727794,0.434908041207791,2327.0,-0.0071992638678224,0.1151243217599281,14843.0,-120576.04000000004,2621.0,165190.2539999988,0.0079772059226672,0.0180856007025513,305816.02999999933,463029.0,-111539.0,-0.7800000000000153,70476.37800000049,247459.2813
2023-02-28,247459.2813,253344.0,149.0028551,69.08333333333333,149.5747978,6.6,69.3125,3.374549326635192,55120.76188611575,149.0028551,149.5747978,80.978,79.29333333333334,0.0,-0.0016986840667527,0.0346549017094555,273892.76012683584,-0.0112591399999928,0.7985582711988182,174250.33785893186,137.2620271,1.775403172348477,235064.58595600535,1682.0692835208029,0.190126835222171,0.0078730133471247,4923.73561538274,-0.1875,1979.0,0.1154595895039563,-0.390625,0.0343623481781376,1.8036555716246616,137.2620271,0.2988959759056226,0.0600000000000005,5207.086632233872,3.249886799648173,176663.2531568981,0.0017275544941821,-3006.3125,176879.3936359815,5746.5,0.3400000000000034,-0.0020219818285569,-0.4547260579548577,1136.0,0.0089712077639072,0.1064936309337046,-6978.4000000003725,-20974.490000000224,3043.0,457394.1370000001,-0.0147607011761031,0.0499780217957841,260600.3799999999,366007.5999999996,-27262.0,-2.3095,16150.665000000035,249580.5
2023-03-01,249580.4531,249743.0,148.93849078,69.16666666666667,149.5747978,6.6,69.175,3.445640265916412,57506.19569996998,149.0028551,149.5747978,81.16199999999999,80.5,1.3589608000000055,1.227999057272939,0.303590616440598,311567.67923112254,1.2853831900000046,0.796424989034083,202420.34224183264,137.2620271,4.118573320892929,172099.81586495694,-1736.1754101478728,0.2030372165492174,-0.0346828182253899,4848.313660540372,-0.625,-8973.0,1.0997015333607232,0.4874999999999971,0.0299325887916288,1.9093103604787776,137.2620271,0.2985173107135498,1.0750000000000002,5137.894631927707,3.3403836842338817,199166.99482195624,0.0020796347958407,2121.171800000011,182735.2826497169,-547.0625,0.4099999999999966,-0.0213454105748481,0.380247852326562,-3601.0,-0.0097568751187987,0.1045135282502679,3525.0,-70460.04000000004,-138.0,522680.6490000002,-0.0011181313406158,0.0569542721766576,202270.1299999999,327318.0,-40657.0,3.833500000000001,68603.23599999957,242748.9063
2023-03-02,242748.9063,249912.0,148.87412646,69.10416666666667,150.9337586,6.6,69.2,3.4765719276926004,57468.74405570021,149.0028551,149.5747978,81.01199999999999,81.67,1.3589608000000055,1.1110467661040673,0.4182793086397462,343111.3760843027,1.2230647199999964,0.7977855350082915,213972.88847433703,137.2620271,5.478275206292671,139094.3095921036,-1417.9206091813976,0.2381790831195217,-0.0490483329655025,4765.261948636622,1.8125,-12890.0,0.994968053993035,0.359375,0.0318544942973422,1.6977511441222524,155.0605677,0.297402149837935,0.9900000000000012,5272.9565040270645,3.418361372600251,217587.14839545844,0.0016703786191536,-6831.546800000011,184150.66798997635,1255.8125,0.3299999999999841,-0.0082167872816479,0.230938533057369,169.0,-0.0312286152893409,0.1028663459372856,-84236.0,-78441.08999999985,-2296.0,316048.09500000067,-0.0040845752702527,0.0339873574520706,167854.77999999933,110630.0,-54372.0,2.0430000000000064,5161.141999999993,245865.2031
2023-03-03,245865.1719,247330.0,148.80976214000003,69.3125,150.9337586,7.7,69.2,3.4824932085170777,49568.06722238904,148.6810335,150.9337586,81.344,83.17999999999999,1.3589608000000055,1.0052327883798569,0.4978519576318542,362065.4551896614,1.1551166800000203,0.79946528182414,227142.39001167804,155.0605677,6.520451716266624,83089.08963095117,-3618.9757892593625,0.125562799339279,-0.0499986556403568,4935.049040398158,0.0625,-13017.0,0.900209191707984,0.2249999999999943,0.0313330325362208,1.7074206462257269,155.0605677,0.303723276257161,0.9350000000000014,5299.966933392762,3.481640984847484,233852.6669953796,0.001869725605134,3116.2655999999843,180729.01833451685,-7716.6875,0.3700000000000045,0.007937631312088,0.0958491489566739,-2582.0,-0.0608000499103354,0.101976708298155,-110472.0,-50845.33999999985,-6014.0,51747.039000000805,-8.314284581203979e-05,0.005385099900671,105394.9299999997,-27285.0,-96653.0,1.4069999999999965,15173.518000000156,253018.5938
2023-03-06,253018.5938,253411.0,148.74539782000002,69.39583333333333,150.9337586,7.7,69.2375,3.5113829933966048,52291.39780858212,148.6810335,150.9337586,82.22999999999999,83.0,1.3589608000000055,0.9094963323436788,0.557705744852993,384840.4139174639,1.0871686399999874,0.6216604860118521,244713.92119680188,155.0605677,7.304366941723509,102726.74776133709,2227.5457144796383,0.1313356129611693,-0.0257657248964873,4975.55955110485,0.75,-6702.0,0.8144749829738904,0.578125,0.0349023535302954,1.7529189941352,155.0605677,0.3098153066406909,0.8799999999999999,5381.085388359402,3.54952183584765,245808.47842896907,0.0054978311308382,7153.421900000016,177523.4754762627,-1594.078199999989,1.0900000000000034,-0.0153041442964569,0.5391016109607989,6081.0,-0.0357085188547677,0.1096195392212976,-35172.0,-81060.29000000004,3668.0,-5678.861999999732,0.0039196670963583,-0.0005854569977681,119692.1799999997,76678.0,-184341.0,2.5875000000000057,-9214.980000000449,246501.0
2023-03-07,246501.0,255287.0,148.6810335,69.04166666666667,150.9337586,7.7,69.175,3.495007567192938,53099.849640748806,148.6810335,150.9337586,83.318,83.13666666666666,1.3589608000000055,0.8228776340252182,0.6037341785990191,383324.1779973096,1.0192206000000112,0.6507523479950849,251873.10021168969,155.0605677,7.907209162619747,75259.67654597107,3712.731836910127,0.1177881603921309,-0.0122689179673293,5052.697165843145,-1.0625,-3171.0,0.7369059369763766,-0.8187499999999943,0.031662926950885,1.774074332389162,155.0605677,0.3231585540162729,0.8250000000000002,4921.584142912804,3.560163361124906,254499.03176524377,0.0016052169551039,-6517.593800000002,168483.29384966253,3438.0938000000024,0.3199999999999932,0.0273789426773574,-0.8128366377021337,1876.0,-0.0164379213808447,0.1004083694632047,-36353.0,-41819.79000000004,5375.0,-36766.27999999933,-0.0085673734321727,-0.0038238309479369,82562.4299999997,-181828.0,-124827.0,1.8984999999999983,5369.245000000112,250911.7969
2023-03-08,250911.7969,251458.0,148.6810335,69.20833333333333,150.9337586,7.7,69.225,3.510732229816554,53712.86431078275,148.6810335,150.9337586,83.10799999999999,83.44,1.3589608000000055,0.7445083355466124,0.6389321978251461,382127.2462758854,0.9512725600000068,0.6605358171889996,256914.91276670215,155.0605677,8.368203603545247,90902.94544635434,-105.19500470036292,0.1160974033445079,0.0074963840264117,4542.753295408264,-0.4375,1871.0,0.6667244191691024,0.6062500000000028,0.0272145937639418,1.8228083451525643,155.0605677,0.3325811525995366,0.7700000000000005,4321.105689262799,3.5959699665043816,252346.02351251856,0.0018029749085992,4410.796899999987,162071.5171234393,3752.0936999999976,0.3600000000000136,-0.0127376966804128,0.5651716135075873,-3829.0,-0.0099541377674355,0.1009995464558836,36118.0,-35677.83999999985,4128.0,-110668.4480000008,-0.0007476030449644,-0.0114551197910489,91587.08000000007,-113242.0,-99404.0,1.7924999999999898,-66109.33699999936,247553.7969
2023-03-09,247553.7969,255343.0,148.6810335,69.16666666666667,150.9337586,7.7,69.275,3.493532181798557,53515.04581124959,148.6810335,150.9337586,82.852,82.70666666666666,1.3589608000000055,0.6736027797802535,0.6650217160883927,365270.6405106108,0.8833245200000022,0.6168798158773897,258879.6434195065,155.0605677,8.709902459055048,76334.71254670154,3419.82356717586,0.1102942528013066,0.0201437469286978,4321.101310876784,0.375,5042.0,0.6032268554387112,0.4031250000000028,0.0247431845120507,1.8134108600558103,155.0605677,0.3174059873850292,0.7150000000000007,4295.120293908763,3.585925520992713,240439.6666600585,0.0016497525371195,-3358.0,154170.0994517303,5046.593799999973,0.3300000000000125,0.0179218427527012,0.3982505074592382,3885.0,0.0253053531861353,0.1002928947303764,-866.0,-4887.139999999665,1932.0,-242543.2150000017,0.0020307654280873,-0.0250194150289435,69626.58000000007,-358382.0,-47029.79999999981,0.0579999999999927,2703.0999999996275,236419.4063
2023-03-10,236419.4063,248746.0,148.6810335,69.22916666666667,150.9337586,7.7,69.125,3.4492401527840846,53708.93476312992,148.6810335,150.9337586,82.78,82.28333333333335,1.3589608000000055,0.6094501340868703,0.683047250754345,346337.2057335132,0.8153764799999976,0.6370225250087269,257735.9446050018,155.0605677,8.945985950638098,16859.073256540112,-2874.588201126608,0.1121321294521982,-0.0045421620691449,4295.117677365896,-0.75,-1135.0,0.5457766787302623,-0.6812500000000057,0.0250394321766562,1.808558309232706,155.0605677,0.3137339875730338,0.660000000000001,5264.074746052302,3.5405930219908224,220889.17548058552,0.0017967658215212,-11134.390599999984,141800.97898562677,-5464.796900000016,0.3599999999999852,-0.0020332393681792,-0.6575352551559206,-6597.0,-0.0018247392105621,0.1023987649564962,-39022.0,-21492.990000000224,-6541.0,-287548.8100000005,0.0022274337233153,-0.0300209492260351,-1523.8700000001118,-202639.0,8383.0,0.4189999999999969,-30557.775999999605,225277.5
2023-03-13,225227.5,236419.0,148.6810335,69.20833333333333,150.9337586,7.7,69.1125,3.4278449191106506,54381.3010711079,148.6810335,150.9337586,82.584,82.12666666666667,1.3589608000000055,0.5514072641738323,0.6936377621636716,314101.9272779897,0.7474284399999931,0.6324799117884069,257137.29253071733,155.0605677,9.084691678789705,90872.54247020278,-13753.817896257417,0.1222060059205119,-0.0626030895134175,5264.073253149314,0.125,-15789.0,0.4937979474226184,0.453125,0.0233196159122084,1.8288204423962016,155.0605677,0.3529807865261198,0.6049999999999995,7541.722354579861,3.495779824152134,198028.7030959579,0.0053806297329614,-11191.906300000002,121981.9900350005,-10081.593699999998,1.0800000000000125,0.0148852845489064,0.4794919120017766,-12327.0,-0.0479423987999582,0.1109874402547142,19345.0,-45359.43999999948,-15039.0,-398872.6409999989,0.0082149624593954,-0.0417651141934337,62280.52999999933,-141573.0,35048.0,1.1550000000000011,-56050.58900000062,220447.0469
2023-03-14,220447.0,233550.0,148.6810335,68.5625,150.9337586,7.7,68.9875,3.3628203623554853,56804.97503053431,148.6810335,150.9337586,82.4,82.38333333333334,1.3589608000000055,0.4988922866334633,0.6971321810662751,286379.4131828259,0.679480400000017,0.7164293198877396,256073.1179222951,155.0605677,9.13045867715434,149343.20509208832,-15039.692382328123,0.1407224676408188,-0.0781309208033346,7533.710426449238,-0.9375,-19794.0,0.4467695714776072,-1.4906249999999943,0.0243162581339597,1.735094112417905,155.0605677,0.368722268336048,0.5499999999999998,9745.741396498046,3.4246771265411984,178414.58291603357,0.0017343904856292,-4780.5,100028.28339762588,-25634.296899999987,0.3499999999999943,-0.0020905766025564,-1.3756977939031572,-2869.0,-0.1005650852791901,0.1059592188448377,100069.0,80768.61000000034,-21793.0,-303012.1139999982,-0.0055581206186452,-0.0320591530725669,113764.22999999952,28313.0,69401.0,0.5439999999999969,55592.79700000025,223388.2344
2023-03-15,209824.2031,220447.0,148.6810335,68.85416666666667,150.9337586,7.7,68.9125,3.3314268714769897,56932.97900145065,148.6810335,150.9337586,82.10999999999999,82.32333333333332,0.0,0.451378735525509,0.693637762163693,268240.27227446483,0.611532359999984,0.6831124950702622,249341.6713102067,155.0605677,9.084691678789689,152856.09032141324,-25462.435964963515,0.1351325966215864,-0.1173045891176128,9739.934650073776,-0.125,-29296.0,0.4042200884797395,0.234375,0.023885116983344,1.734349187811689,155.0605677,0.3260694386044472,0.4949999999999992,12425.283485656611,3.384037257167344,159041.7227008922,0.0018303240168191,-10622.796899999988,83285.21052749005,-27106.75,0.3700000000000045,-0.0062413653569765,0.2821067578971394,-13103.0,-0.1091582997335732,0.1069948817964667,177373.0,16222.009999999776,-28299.0,-80491.29900000058,0.0029405932570461,-0.00866362063374,113630.62999999987,-1815.0,58369.0,0.0024999999999835,-13101.36400000006,223388.2344
2023-03-16,223388.2344,223546.0,148.6810335,68.64583333333333,150.9337586,7.7,68.8,3.275828340403148,56934.51419893357,148.6810335,150.9337586,81.918,81.59666666666666,0.0,0.4083902845230795,0.6830472507543872,254359.5267007516,0.5435843199999795,0.5744258432053546,239955.4306927288,155.0605677,8.945985950638073,147556.79600508884,-20233.584920681285,0.135210325377042,-0.1055011364000128,10686.72559634747,-0.3125,-26366.0,0.3657229371959545,-0.1531250000000028,0.0235672201392609,1.6995766500730671,155.0605677,0.3310647350273588,0.4400000000000004,12796.21478152392,3.318545773774051,139764.8026610286,0.0021726249259332,13564.031299999971,69995.59648099597,-13031.171900000016,0.4399999999999977,-0.0241068733134962,-0.0274986476168805,3099.0,-0.1049451603791161,0.1111584042592742,104027.0,-4412.339999999851,-12873.0,-1477.5130000002682,0.0041447502334789,-0.0001614502631928,106698.52999999931,-87948.0,53979.0,-1.2334999999999925,27441.713999999687,221740.2656
2023-03-17,221740.2656,223388.0,148.6810335,70.0,150.9337586,7.7,69.45,3.1872005122461484,56935.7700218429,148.6810335,150.9337586,81.612,80.97,0.0,0.369495971711359,0.6650217160884567,251121.57837574024,0.4756362800000033,0.8066591679005399,245364.90052222728,155.0605677,8.70990245905501,46783.24400460441,-18449.529213949747,0.1932457639423764,-0.0968018436906157,11228.304138428235,2.5,-23942.0,0.3308921812725298,2.40625,0.0234299047248687,1.6955843582049754,155.0605677,0.3283965184819434,0.3850000000000007,13252.382762302444,3.221575946481706,120383.26904185308,0.0018722901064249,-1647.9687999999733,66691.59781888718,-1889.2656000000131,0.3799999999999954,-0.0230423112469589,2.4066678902513985,-158.0,-0.0797559593371483,0.1130375326863099,-66013.0,-56172.63999999967,-10162.0,-86142.16500000097,0.0047729810934029,-0.0094158388931318,5783.479999999516,-369654.0,-21581.0,-1.3880000000000052,26957.31000000052,221059.0781
2023-03-20,221059.0781,225377.0,148.6810335,70.79166666666667,150.9337586,7.7,69.8625,3.131852108829198,56709.63637133651,148.6810335,150.9337586,81.22200000000001,80.64666666666666,0.0,0.3343058791674025,0.6389321978252339,255790.92214985465,0.4076882399999988,0.9640111172650676,248087.46647693616,155.0605677,8.368203603545195,42032.74457559455,-14892.859765002157,0.2242867511512279,-0.1106266105259834,11846.449400410493,2.0,-28034.0,0.2993786401989551,2.268749999999997,0.0250641118691634,1.6282256244791216,155.0605677,0.2250545734742626,0.33,13375.916887590292,3.1503722002332117,103911.65612740834,0.0057047309924265,-681.1875,59987.05939027606,1293.2187000000267,1.1599999999999966,-0.0015554413527589,2.1774614245131687,1989.0,-0.0981226183934118,0.1261767139389884,-85942.0,-115355.99000000022,4930.0,-200147.9759999998,0.0101058750272963,-0.0217310469176587,-1006.3700000001118,-403258.0,-60612.0,-1.0715000000000003,78418.70000000019,228790.2344
2023-03-21,228790.2344,229065.0,148.6810335,71.375,150.9337586,7.7,70.4875,3.0444418726243465,56263.562159618734,148.6810335,150.9337586,80.72999999999999,80.40333333333332,0.0,0.3024672240085806,0.6037341785991338,256291.31063279771,0.3397401999999943,1.008246221951303,254446.6057313656,155.0605677,7.907209162619678,-482782.0882411292,-10137.73026357338,0.2220644052998999,-0.1027157669603231,12092.182360125353,2.5,-26222.0,0.2708663887514353,1.2593750000000057,0.0258095698405027,1.683959228785077,155.0605677,0.1926484324088166,0.2750000000000003,13353.84910325146,3.08510103903503,90745.62993409268,0.0022493887530563,7731.156299999973,140354.21902955472,-2329.1562999999733,0.4600000000000079,-0.0245039342109053,1.1218698602738186,3688.0,-0.1263129132923036,0.1113891796205743,-671809.0,-101992.18999999948,5519.0,-250743.95800000057,-0.008550151416486,-0.0274036269105635,-554243.7200000007,-443022.0,-94489.0,-1.9664999999999964,70971.1099999994,219276.7344
2023-03-22,224914.5781,228790.0,148.6810335,71.10416666666667,150.9337586,7.7,70.8,3.0667871067117987,54718.38076937202,148.6810335,150.9337586,80.06,79.73666666666666,0.0,0.2736608217220464,0.557705744853142,266045.738979394,0.2717921600000181,1.0463114645846077,267977.296033548,155.0605677,7.30436694172342,-423178.9369800696,-9421.041667042591,0.1934890739777654,-0.090146266971025,12127.55814971721,1.1875,-22668.0,0.2450695898227275,1.3468749999999972,0.026541839590773,1.8027668792865497,155.0605677,0.1854328989579126,0.2199999999999988,13569.921530593394,3.0723724332221782,87979.12532675883,0.0021467603434817,-3875.656299999973,183615.6519079143,5402.0,0.4399999999999977,-0.0215604744832041,1.1281203497715495,-275.0,-0.0718486561920641,0.1114411552846845,-560902.0,-77820.49000000022,5402.0,-152679.34699999914,-0.0017105027379861,-0.0168473714262762,-508490.0700000003,-60725.0,-83210.0,-3.140000000000001,51129.43999999948,219276.7344
2023-03-23,219276.7344,227828.0,148.6810335,70.79166666666667,150.9337586,7.7,71.15,3.063739716854323,52931.71757919066,148.6810335,150.9337586,79.88399999999999,79.36666666666666,0.0,0.2475978863199373,0.4978519576320491,286408.6044940238,0.2038441200000136,1.0774108523385997,282977.2247686775,155.0605677,6.520451716266508,-396197.89536292106,-9394.18055589567,0.1629216423262224,-0.1077570170319922,12788.521534537284,1.1875,-27515.0,0.2217296288872292,1.1437499999999972,0.0264109113692225,1.784398099905771,155.0605677,0.1827856337554607,0.1650000000000009,13873.2451817104,3.053490840954352,96586.01090094674,0.0018987341772152,-5637.843700000027,215606.85357309823,-2463.5312000000267,0.3899999999999863,0.0217689714109405,0.9075850783647326,-962.0,-0.1260804110880766,0.1110050548742295,-575300.0,-56873.09999999963,2451.0,-127150.62700000031,-0.0032329087365018,-0.0141120362108815,-491742.2999999998,-17266.0,-99038.0,-1.6765000000000043,70167.45000000112,233739.3906
2023-03-27,233739.3906,234119.0,148.6810335,71.5,150.9337586,7.7,71.3875,3.148790745332853,54167.663016144616,148.6810335,150.9337586,79.628,79.13333333333333,0.0,0.2240171352418372,0.4182793086400136,290847.4624408242,0.1358960799999806,1.295436543724147,286915.1415308203,155.0605677,5.478275206292514,-211446.3815188333,-2807.639550572261,0.136181663469958,-0.058802955625417,13155.853328893778,4.4375,-14627.0,0.2006125213741594,3.0843749999999943,0.0312079246008847,1.8471511493164328,155.0605677,0.1729714191468772,0.1100000000000012,13552.997804164994,3.1095633049306453,116844.220923816,0.0078235094027894,14462.656200000029,226691.78795244943,-1782.3437000000267,1.6100000000000136,-0.0067295455371436,2.743767451853813,6291.0,-0.1142259292893116,0.1159931495460199,162828.0,-51601.0,5054.0,160292.69999999923,0.0038481190045785,0.0180118643598257,-308668.8499999996,288359.0,-80105.0,-2.1510000000000105,88908.71399999969,242385.9688
2023-03-28,242385.9688,242864.0,148.6810335,71.77083333333333,150.9337586,7.7,71.3875,3.2607827200486037,53943.91784306684,148.6810335,150.9337586,78.75399999999999,78.47000000000001,0.0,0.2026821699807044,0.3038728727562083,290700.4383909219,0.0679480400000045,1.360328423967104,293618.45077974064,155.0605677,3.979874668188845,-224053.773755135,5371.897549482237,0.1348693431949907,0.0272609223454967,12841.557297570476,2.0625,6445.0,0.181506566957573,1.7874999999999943,0.0294427422443508,2.1036406412142727,155.0605677,0.1606617362983822,0.0549999999999997,13181.389655328756,3.224112117680048,139808.56182569236,0.0021215043394406,8646.578199999989,235333.61753173528,4949.156200000027,0.4399999999999977,-0.008466952017467,1.4080515040582071,8745.0,-0.0113358532700112,0.1105894170927725,111578.0,-27118.549999999814,14074.0,107770.84199999832,-0.0049194807145692,0.0120957328999451,-319001.9500000002,94556.0,-27557.0,-4.717499999999987,49449.28600000031,249104.0938
2023-03-29,249104.0938,249759.0,148.6810335,72.1875,150.9337586,7.7,71.6375,3.3386837541949834,54246.550218003045,148.6810335,150.9337586,78.112,77.45,0.0,0.1833791061729925,0.0,280172.8734469418,0.0,1.3990532219195164,284213.43043703225,155.0605677,0.0,-146136.0333975032,11098.621592388692,0.126251809709589,0.0694026974951831,12462.345888252072,4.375,16209.0,0.1642202272473278,1.9281249999999943,0.0293274742071072,2.2133851188192493,155.0605677,0.1420546611611509,0.0,13271.046589275307,3.304939325823009,164417.28709895958,0.0019726712856042,6718.125,238111.77134067545,23109.234400000016,0.4099999999999966,-0.0056314673005719,1.5566894560526665,6895.0,0.0759439748754313,0.1105019644015882,188837.0,-64064.15000000037,21931.0,284797.3629999999,0.002425360107199,0.0320611853825116,-234785.9500000002,342244.0,-199229.0,-4.459999999999994,67106.2620000001,245716.1719
2023-03-30,251639.0625,253322.0,148.6810335,71.75,150.9337586,7.7,71.775,3.3847467059083063,55836.11119061886,148.6810335,150.9337586,77.58000000000001,76.32333333333334,0.0,0.1659144293946042,0.0,268426.5911661787,0.0,1.4287167307450297,267333.4993997352,155.0605677,0.0,-47395.07783583645,13265.276678827851,0.1475941555367345,0.1491288155429648,12554.388044186911,2.25,32875.0,0.1485802056047251,1.3843750000000057,0.029529625035779,2.381484444184919,155.0605677,0.1326743576032125,0.0,13400.49972629734,3.3437946848961864,191803.6371014417,0.0016806722689075,2534.9686999999976,237206.82362155672,29827.359400000016,0.3499999999999943,0.000166128162234,1.0125999840476538,3563.0,0.1299951498692542,0.1059260375414139,120095.0,57714.54999999981,19203.0,344150.8540000003,-0.0093467587728329,0.0379875194624224,-126283.0,288408.0,-11443.0,-4.904499999999999,67674.06900000013,245716.1719
2023-03-31,245716.1719,255437.0,148.6810335,71.95833333333333,150.9337586,7.7,72.0875,3.397323210999992,73328.88671156057,148.6810335,150.9337586,76.952,76.36333333333333,0.0,0.1501130551665426,0.0,257379.48904587523,0.0,1.4892535826892936,284959.06039110146,155.0605677,0.0,-49279.73708956596,13915.488423701376,0.1670968552060563,0.1426596763082319,12346.578274425336,3.3125,31891.0,0.1344297098328466,1.984375,0.0286856001141715,2.4934066212608434,155.0605677,0.1402598636376879,0.0,13509.958694984924,3.379152649937885,219385.53319894787,0.001869606903164,-5922.890600000013,236222.60168552527,11976.781299999971,0.3900000000000148,0.0004128433238748,1.5947333189002535,2115.0,0.0999512689644142,0.1073490475087671,149215.0,202022.59999999963,12573.0,796763.472000001,0.0024157559011137,0.0883565467087581,-119168.65000000036,466325.0,164440.0,-3.801500000000004,63840.26300000027,251488.2969
2023-04-03,254696.9063,255141.0,148.61788304,72.0625,150.9337586,7.7,71.975,3.4619215838362023,78099.7690140059,148.6810335,150.9337586,77.624,78.32,-3.519354700000008,-3.0483614881826497,0.7869516346135005,247865.0259377649,-3.343386965000008,1.5267455228189346,297950.3822781293,155.0605677,1.1268625888628951,-86478.71450960822,12322.39428811078,0.1426674429874923,0.1421428187727182,12464.008912406196,0.625,31753.0,0.7549602136582898,1.828125,0.0327253728507648,2.5016097974998845,155.0605677,0.1270768321055657,0.6649999999999991,14022.660478074316,3.453702018353984,247701.4027481764,0.0064117900378009,8980.734400000016,237292.25687130695,3330.2030999999843,1.3400000000000034,-0.0011824761444925,1.44285395519546,-296.0,0.0999512689644142,0.10620041609095,40378.0,114203.40000000036,5382.0,644144.4830000009,-0.0027149051902187,0.0702621537222223,-151332.15000000037,217202.0,140225.0,2.138999999999996,68881.70599999838,248586.4063
2023-04-04,251488.2969,254697.0,148.55473258,71.97916666666667,147.4144039,7.7,71.9,3.554806197989228,80420.37167800142,148.6810335,150.9337586,78.732,80.38999999999999,-3.519354700000008,-2.758041346450966,1.0832345206528424,223671.72684115663,-3.1674192300000072,1.525344412143763,315415.0060601951,155.0605677,1.5511200467719164,-23187.884556312118,10747.118641624053,0.1275399256448268,0.1300931328396419,12781.869961498638,-0.375,29320.0,0.6830592409289293,0.7468750000000028,0.0291715836676893,2.405988362399131,150.021085,0.1296304104387171,0.6299999999999999,13924.825625989522,3.5579886023904583,270091.7558637384,0.0022345837493462,-3208.609400000016,234928.78561304024,2384.2030999999843,0.4699999999999988,-0.0029113390689104,0.4006773880339835,-444.0,0.1341571014155038,0.1053136559705322,7476.0,89426.75,1375.0,484936.5030000005,0.0024264613644995,0.0515685391397984,-77863.59999999963,-39463.0,193525.0,1.6969999999999883,10926.580000000076,252848.7188
2023-04-05,252848.7188,253468.0,148.49158212,71.875,147.4144039,8.4,71.9,3.6134644405552776,98629.25508839148,148.3652812,147.4144039,80.008,82.54333333333334,-3.519354700000008,-2.495370742027063,1.2893069667614818,220027.51744811065,-2.991451495000007,1.454557690728776,358934.50977169577,150.021085,1.846202133016748,-102544.70507475828,8611.631151945563,0.1427968791773576,0.1065330801300941,12492.925319033327,1.25,24403.0,0.6180059798880793,1.2468750000000028,0.030814172634753,2.392872915445728,150.021085,0.131028575321252,0.5949999999999989,14263.20575447472,3.6483121908779887,287645.291803044,0.0020872865275143,1360.4219000000155,234816.72642338357,2870.234400000016,0.4399999999999977,0.0005454789843323,0.984541446316456,-1229.0,0.1245247579814274,0.104311968119027,-75603.0,242693.84999999963,-1969.0,273348.55399999954,0.0003147533876936,0.0278519049992638,-151865.75,-83674.0,357547.0,2.7475000000000023,5137.125,259963.4063
2023-04-10,256747.7344,258986.0,148.42843166,72.02083333333333,147.4144039,8.4,72.1375,3.792759584149461,102749.24918197398,148.3652812,147.4144039,81.60999999999999,82.96666666666665,-3.519354700000008,-2.2577163856435334,1.4443126942037028,213121.89382811828,-2.8154837600000064,1.497050279541086,368338.2468095578,150.021085,2.0681600623627823,-73331.5903057335,12783.951994617411,0.1124529982543077,0.1319812928886752,12874.276617475078,1.875,30196.0,0.5591482675177861,1.84375,0.0376551335088377,2.431499429093961,150.021085,0.1334116885038251,0.5600000000000014,14648.330084163252,3.8421082480166375,295484.95413971937,0.0098939594773717,3899.015599999984,231784.4391843352,7132.546900000016,2.0900000000000034,-0.0010769089111613,1.569347022857741,5518.0,0.1051552067468839,0.1179541177746442,-7807.0,123496.25,3845.0,-71594.50999999978,0.0133212870262239,-0.0072967206387395,-114037.0,-356431.0,230682.0,3.4799999999999898,-30395.610999999568,259963.4063
2023-04-11,259963.4063,262195.0,148.3652812,72.22916666666667,147.4144039,8.4,72.0625,3.9175306400574983,104532.18031444168,148.3652812,147.4144039,82.944,83.38333333333334,-3.519354700000008,-2.042695777487012,1.5635143552359207,209988.7559322416,-2.639516025000006,1.478936540042899,369834.2272974868,150.021085,2.238848941373273,-127410.91503852048,14469.813709415756,0.1078154041549862,0.1508462524360483,13589.165947851274,1.1875,34367.0,0.5058960515637114,0.9124999999999944,0.0385030755505468,2.5051115638566794,150.021085,0.1457234847547731,0.5250000000000004,15413.026513169456,3.970394916060314,297438.90630871913,0.0022031594243661,3215.671900000016,229840.6376338189,8475.109400000016,0.4699999999999988,0.0025108901094525,0.684766354014144,3209.0,0.185549424617845,0.1129653787832122,-136148.0,81859.15000000037,7498.0,-376220.9360000007,-0.0071642410764508,-0.0380456779633763,-162145.34999999963,-152550.0,179420.0,2.8455000000000013,-31195.844999998808,266850.0313
2023-04-12,266850.0313,267457.0,148.3652812,72.27083333333333,147.4144039,8.4,72.025,3.991496059057766,104497.39674494237,148.3652812,147.4144039,82.768,82.92,-3.519354700000008,-1.8481533224882585,1.6546680620934826,214101.56614968248,-2.4635482900000056,1.3648360888189155,372433.6918729228,150.021085,2.369375008765599,-118649.49455866124,17852.593356138066,0.1073475057143042,0.1423976695612061,14412.085333991094,-0.75,33338.0,0.4577154752243109,0.9156250000000056,0.0326882723245511,2.495255708866652,150.021085,0.1388562985496806,0.4899999999999993,16843.329539091108,4.040728048000607,295008.6264781319,0.0021047708138446,6886.624999999971,229128.26042547575,11377.0,0.4499999999999886,0.0057358346689423,0.7891933679175622,5262.0,0.185549424617845,0.1075237130828198,-49725.0,-10837.450000000186,13989.0,-578055.9780000001,-0.0047814758897057,-0.0573030154001017,-149189.34999999963,-29006.0,85297.0,1.2620000000000149,23751.63099999912,270610.875
2023-04-13,270328.9688,271485.0,148.3652812,72.04166666666667,147.4144039,8.4,72.175,4.075588946785245,104086.01269388694,148.3652812,147.4144039,82.242,81.44333333333333,-3.519354700000008,-1.67213872034651,1.722233122631246,222886.91283579933,-2.287580555000005,1.3241339026343568,374539.6553805714,150.021085,2.4661236978660863,-83521.73317212146,19796.72732222016,0.1045238202006936,0.1178478490019105,15936.729289504849,0.375,28621.0,0.4141235252029478,0.7312500000000028,0.0306468864809561,2.439078503732196,150.021085,0.1741551460555435,0.455,18022.300359843037,4.087009716290974,283799.68103651726,0.0019603267211201,3478.9375,221607.28701978736,14001.31249999997,0.4199999999999875,0.0178809354224127,0.6574844757349325,4028.0,0.1416562292517587,0.1028944694377631,-44883.0,-19043.25,12499.0,-157098.83100000024,-0.0073913761839717,-0.0161287791422137,-103307.2000000002,435087.0,53533.0,-0.8474999999999966,5108.8849999997765,275993.4375
2023-04-14,275717.4063,276243.0,148.3652812,72.0,147.4144039,8.4,72.1375,4.116398879705711,102932.09809867968,148.3652812,147.4144039,81.804,80.64333333333333,-3.519354700000008,-1.5128874136468369,1.7689145649116889,227257.7742645008,-2.111612820000005,0.9982045971461068,375956.95496784087,150.021085,2.532968429595872,-61376.09191763308,22216.181862961123,0.1075822296384896,0.1060382208448944,17212.242360728258,-0.1875,26484.0,0.3746831894693336,0.2718749999999943,0.0290951276102089,2.393641302328025,150.021085,0.1838169782282551,0.419999999999999,19035.398534763084,4.081692470171777,271169.15761295124,0.002003074486421,5388.4375,205164.9107745801,10647.468699999998,0.4300000000000068,0.0087077876162932,0.368676430426845,4758.0,0.1164461224374304,0.1045842849198614,38293.0,-51118.04999999981,14048.0,93025.00500000082,0.0015177236998293,0.0097792966340981,-65150.75,270683.0,57825.0,0.7065000000000055,-14474.330000000076,281295.25
2023-04-17,281295.25,281493.0,148.3652812,72.0,147.4144039,8.4,72.0125,4.18492969820855,102896.1278849946,148.3652812,147.4144039,81.53200000000001,80.90666666666665,-3.519354700000008,-1.368802898061432,1.7963412324827968,234574.7388338536,-1.9356450850000044,0.8557324117542832,376484.9917956203,150.021085,2.572241599970931,-34192.8450683346,24850.355018869595,0.1024688420224496,0.1112062908077466,18301.279202238627,0.5625,28171.0,0.3389990761865391,0.4437499999999943,0.0351234882535562,2.4210730004864134,150.021085,0.2451928040223349,0.3850000000000015,19185.38371108242,4.126238378705141,257097.54323139397,0.005857740585774,5577.843700000027,181868.4756425695,16030.031199999998,1.260000000000019,-0.0017104753977847,0.6163024846719054,5250.0,0.1079442063348379,0.1072670916207504,65605.0,-23984.400000000373,14036.0,51886.22300000116,0.0052019471227819,0.0054561652988647,-19294.349999999627,78056.0,-41830.0,2.264499999999998,106538.44900000095,284298.6563
2023-04-18,284298.6563,288718.0,148.3652812,72.02083333333333,147.4144039,8.4,72.05,4.216563329986899,104543.34665545454,148.3652812,147.4144039,81.352,81.89999999999999,-3.519354700000008,-1.2384407172936849,1.8053908677545396,236659.08426466337,-1.759677350000004,0.5818668910909791,372650.0974201639,150.021085,2.585200077953658,18048.330652458597,29020.5593027868,0.104158857223966,0.1302904434361507,19572.6770601816,-0.1875,33281.0,0.306713449883059,0.2874999999999943,0.0346374398816129,2.468383447138092,150.021085,0.2395900480118846,0.3499999999999996,20121.05946895865,4.132269798091017,241540.57797893105,0.0024496210020334,3003.4062999999733,150641.77940721787,14445.218700000029,0.5299999999999727,0.0028238168396579,0.5576070099412505,7225.0,0.1447974621486443,0.109274018555498,93410.0,-79007.65000000037,17233.0,-130739.30200000107,0.0011571525640277,-0.0136425780268066,54923.65000000037,-144119.0,-256695.0,2.0870000000000037,52264.525999998674,275405.875
2023-04-19,275405.875,284299.0,148.3652812,72.29166666666667,147.4144039,8.4,72.15,4.209458366208535,106358.8347863714,148.3652812,147.4144039,81.27799999999999,82.04333333333334,0.0,-1.1204939823133486,1.796341232482774,278731.2753442861,-1.5837096150000036,0.6063924140925097,371180.0590997879,150.021085,2.572241599970954,126679.63249508198,22258.553654902356,0.0966452718313443,0.1142819068671832,20599.10411079873,0.3125,29158.0,0.2775026451322908,0.7406249999999943,0.0326081957411581,2.478648772384293,150.021085,0.2302204148954366,0.3149999999999995,19781.48668892864,4.115766348030922,225703.5011925421,0.0026741666282448,-8892.781299999973,131934.04394017137,13687.781299999971,0.5800000000000125,0.0014957808098066,0.9568825328039878,-4419.0,0.1570205334946453,0.1031823297707742,199691.0,-94258.7999999998,8056.0,133197.4539999999,-0.0044990907416668,0.013866835994881,186075.9000000004,462283.0,-192682.0,0.9754999999999968,76271.72000000067,281827.4688
2023-04-20,281827.4688,282650.0,148.3652812,72.45833333333333,147.4144039,8.4,72.2625,4.231098526014633,106221.94345468812,148.3652812,147.4144039,81.36600000000001,81.16666666666667,0.0,-1.013780269712072,1.768914564911641,307589.0370111464,-1.4077418800000032,0.626281580777833,363189.41663657513,150.021085,2.532968429595918,123798.23892412148,18646.73902110214,0.0966397463629665,0.1097500166864942,20364.151438785048,1.3125,27953.0,0.2510738217863579,0.6937499999999943,0.0329312479933954,2.4777606082063324,150.021085,0.2528868832860725,0.2799999999999993,19391.33499322184,4.153859334212712,218861.4271929453,0.0025750678254472,6421.593799999973,110314.71447360904,-587.5625,0.5600000000000023,-0.0101948682397602,0.8657508630131332,-1649.0,0.0951041396153333,0.1045053750098304,186257.0,-110889.15000000036,1157.0,177607.60300000012,0.0019748704634288,0.0185752160104351,204888.34999999963,520623.0,-191058.0,-0.4435000000000002,107187.125,290890.5313
2023-04-21,290890.5313,291519.0,148.3652812,72.9375,147.4144039,8.4,72.6125,4.217804211722291,104408.81637570252,148.3652812,147.4144039,81.34,80.62333333333333,0.0,-0.9172297678347264,1.7222331226311716,291462.4588802985,-1.2317741450000028,0.6618340123240676,340043.70048784907,150.021085,2.466123697866154,52788.549502776936,24895.192447663867,0.1016182373175432,0.1501215143528966,20096.27450405008,1.5625,38051.0,0.2271620292352754,1.4906249999999943,0.0310814516866257,2.478126202130204,150.021085,0.2654566991482991,0.2449999999999992,19880.06458829233,4.143112356671639,217197.0078711179,0.0022015318992798,9063.0625,104120.00156592712,532.2187999999733,0.4799999999999897,0.0022207561396441,1.631512685583317,8869.0,0.1337203550055905,0.1037112206841873,66663.0,-73609.84999999963,2801.0,232574.10500000045,-0.0010023905828077,0.0246046576082519,122588.75,304087.0,-318233.0,0.4239999999999924,68161.46800000034,299421.75
2023-04-24,299421.75,300456.0,148.3652812,73.3125,147.4144039,8.4,72.9375,4.272357262559956,104063.92948894652,148.3652812,147.4144039,81.348,81.02333333333333,0.0,-0.8298745518504802,1.6546680620933805,277912.4175732201,-1.0558064100000308,0.6993520850161006,311893.8216854542,150.021085,2.369375008765687,130823.64002632163,30610.07888121967,0.1014772325071684,0.1601244854934242,20678.38714424998,1.0,41470.0,0.2055275502604878,1.5343749999999972,0.0281339192678837,2.483960917990718,150.021085,0.2755954911298405,0.2100000000000008,20241.44851472783,4.173260242620508,223509.7028852118,0.0079172577914055,8531.218700000027,103535.51656968672,6591.875,1.7300000000000182,0.0220539484587205,1.6457733821944345,8937.0,0.1504528584544284,0.1157220327918697,36503.0,-91012.4500000002,16157.0,-24734.080000000075,0.009672730255307,-0.0025397811718825,193710.75,-345703.0,-223450.0,1.9825000000000017,112413.84699999914,303058.375
2023-04-25,303175.2188,306300.0,148.3652812,73.77083333333333,147.4144039,8.4,73.3125,4.283211135536115,103940.05371035752,148.3652812,147.4144039,80.96,81.22333333333334,0.0,-0.7508388802456807,1.5635143552357864,258606.29387751888,-0.879838675000002,0.7182063161102139,273281.1827801484,150.021085,2.2388489413733823,217337.9600238148,32982.26184491307,0.1018140698587663,0.168214496843952,20593.298805268558,2.0625,44105.0,0.1859534978547277,1.6218750000000028,0.0294343717502374,2.4773767960231043,150.021085,0.1288288340362178,0.1750000000000007,19563.96066919805,4.161974828574746,236764.28610354816,0.0028605158009444,3753.468799999973,109063.37829491297,24015.875,0.6299999999999955,0.0232256892519554,1.7152235362711536,5844.0,0.1517842232551174,0.1053954556698615,135745.0,-81805.54999999981,23650.0,43116.24299999885,-0.0066621997359479,0.0044271080939155,276212.9500000002,-245211.0,-176478.0,-0.1219999999999856,90326.79700000024,304796.9688
2023-04-26,304796.9688,305651.0,148.3652812,74.375,147.4144039,8.4,73.8625,4.364635874364701,103191.99305957196,148.3652812,147.4144039,80.522,80.68,0.0,-0.6793304154603845,1.444312694203529,301920.79391641106,-0.7038709400000016,0.979324711956148,270068.85290426726,150.021085,2.0681600623629146,320520.0114501184,29253.90357396897,0.1015325156569841,0.142804263862976,20007.66263283806,3.25,38194.0,0.1682436409161827,2.871875000000003,0.0314729522261356,2.479755081284826,150.021085,0.1674588945471186,0.1399999999999988,19775.89924005646,4.221132144218316,261158.67681520223,0.0030787340969802,1621.75,140252.40216408667,21230.906200000027,0.6800000000000068,-0.0245244747620692,2.795916532816761,-649.0,0.1657732113660184,0.1070520439671095,338119.0,-64050.15000000037,14132.0,467213.7599999998,0.0005844388821345,0.0482408850037718,387522.7999999998,580888.0,-65285.0,-1.4379999999999882,120499.02099999972,296808.875
2023-04-27,296808.875,307057.0,148.3652812,75.14583333333333,147.4144039,8.4,74.55,4.4020085128689255,102249.1440373845,148.3652812,147.4144039,80.902,80.42333333333333,0.0,-0.6146322806546323,1.2893069667612531,359293.8030029011,-0.5279032050000012,1.241165325463226,272514.9912163388,150.021085,1.8462021330169125,306645.5341691552,27739.91275740048,0.1128280109178376,0.131027496915115,20292.28791271925,4.0,35572.0,0.1522204370194035,3.340625000000003,0.03384171103691,2.2976520624324244,150.021085,0.1327845987213303,0.1050000000000004,19529.13275810066,4.268346283984693,288325.1538028736,0.002121417287294,-7988.093799999973,161664.0551694012,13906.4375,0.4699999999999988,-0.0114068108360048,3.151662577310404,1406.0,0.1422032342103758,0.1057365493493896,264717.0,2994.2000000001863,6601.0,651361.2050000001,0.0009107054298054,0.0670543323528545,377585.8499999996,934901.0,11940.0,0.9194999999999992,94755.63200000116,297960.0
2023-04-28,297960.0,298250.0,148.3652812,79.35416666666667,147.4144039,8.4,77.1625,4.400594786354055,105803.10836996346,148.3652812,147.4144039,81.628,81.73666666666666,0.0,-0.5560958729732306,1.08323452065253,420476.0939452395,-0.3519354700000008,3.335223388221975,327848.51778762694,150.021085,1.551120046772131,212109.2452006638,17129.778209076612,0.1111631255459182,0.0796653670862248,20111.617393165605,14.8125,22007.0,0.1377232525413649,13.171875,0.0354421247238128,2.211894877106126,150.021085,0.2247733884463159,0.0699999999999985,19484.25871115601,4.277874872066592,316672.2401633307,0.0025222952887127,1151.125,172357.98531937742,-2612.875,0.5600000000000023,-0.0243803468454312,12.408051855661796,-8807.0,0.0968105956569558,0.1084887297749593,83116.0,156730.7000000002,-8050.0,960969.7290000004,0.0013880457969185,0.0982359608349126,283773.0999999996,890290.0,218645.0,3.174999999999997,76760.75999999978,295630.9688
2023-05-02,295630.9688,298388.0,148.29855463999996,83.1875,147.4144039,8.4,79.7875,4.482794123969692,115482.78079614032,148.3652812,147.4144039,83.286,85.63000000000001,-1.697994599999987,-2.0394151898329085,0.8915738755392565,486044.94253006775,-1.7890626049999696,4.449714471916128,370554.3865110258,150.021085,1.36891969809785,257841.0789910769,15623.227903450255,0.0893747175356444,0.0600192544752444,20121.640097147272,14.75,16895.0,-0.4182503905578132,12.65625,0.0389453422265992,2.7606528594747446,150.021085,0.1397048765105674,-0.5349999999999993,19177.798162846204,4.411877360275512,340713.0669938814,0.0092101716236858,-2329.0312000000267,189209.55640967045,-5098.375,2.049999999999983,0.0084970386206978,11.452523107503538,138.0,0.0795908870115797,0.1201618322783923,19068.0,196677.09999999963,-7263.0,537975.3900000006,0.0158323469606644,0.0529908585769831,336086.2999999998,536679.0,244242.0,8.846000000000004,25321.099999999627,289394.1875
2023-05-03,289953.875,296329.0,148.23182808,86.85416666666667,145.7164093,8.4,82.4,4.493084276506746,120349.40532592643,148.3652812,147.4144039,85.24600000000001,88.46333333333332,-1.697994599999987,-1.8451851717535988,0.5226317104666889,531078.359999484,-1.5281951400000082,5.264824777161299,416286.5805683435,150.021085,1.154632148978471,248798.7381347837,12272.396674550257,0.0880389532596178,0.0263613629908769,19424.19652670788,14.9375,7611.0,-0.3784170200284977,12.106250000000005,0.0408975103919904,3.040199915517964,153.7724057,0.1217545670539203,-0.54,17849.19746648778,4.503528996360436,355062.9743911317,0.0020478119574411,-5677.093799999973,203747.197565602,-9166.0,0.4600000000000079,-0.0042647620237909,10.531449478217482,-2059.0,0.0509632452023274,0.1128609706861195,17811.0,207520.09999999963,-10728.0,345562.01999999955,-0.007808539550366,0.0333383748052711,331462.5499999998,188634.0,317775.0,7.604500000000002,-50574.460000000894,283553.0
2023-05-04,282130.5625,291375.0,148.16510152,86.35416666666667,145.7164093,7.8,84.35,4.533085942037459,132650.99411267324,148.0316484,145.7164093,87.792,90.95333333333332,-1.697994599999987,-1.6694532506342057,0.6220561591309791,549596.9092147659,-1.4432954099999904,5.688655716874829,453633.2592024269,153.7724057,1.3742871422041136,219913.0011695661,6621.406515069306,0.0930144310710491,0.0248892890935248,18112.68854781915,12.5,7076.0,-0.342377303835307,9.528125000000005,0.0409763050062355,3.672082443748202,153.7724057,0.099893487175264,-0.5099999999999989,16869.602055007963,4.627148036034214,365607.93591025926,0.0025323204051712,-7823.3125,212867.43786474172,-7414.6875,0.5699999999999932,-0.0074557333479186,7.775478099339622,-4954.0,0.0179231631493295,0.1117662155110959,84283.0,245650.6500000004,-6875.0,-22833.330000000075,-0.0008347197189702,-0.0021253692018163,301926.5499999998,-117825.0,383311.0,8.75,-14877.246999999508,297145.875
2023-05-05,297140.0938,298384.0,148.09837496,86.39583333333333,145.7164093,7.8,86.5375,4.525172168868037,143320.771368308,148.0316484,145.7164093,89.584,90.92,-1.697994599999987,-1.510457702954767,0.6968422806225533,560171.3200351773,-1.358395680000001,6.131136158340187,491657.5671433907,153.7724057,1.5395095319713772,43860.14391532168,12332.272561253165,0.0617693990033628,0.0556660180435166,16894.415046870075,14.375,15734.0,-0.3097699415652775,10.618750000000006,0.0478220327694152,4.03312765533277,153.7724057,0.1024854989024386,-0.4799999999999995,15734.092129709072,4.872248238210362,370442.9307916232,0.0023486661348932,15009.531299999971,213021.1010334416,-14407.0,0.5300000000000011,-0.0029529580912779,8.731384947021553,7009.0,0.029582248381593,0.1122616896644564,-160026.0,233474.1500000004,-4.0,112360.83000000007,0.004444974411477,0.0105106333082185,118305.84999999964,-226282.0,397988.0,7.166499999999999,-18124.960999999195,304395.9375
2023-05-08,304395.9375,305235.0,148.0316484,85.83333333333333,145.7164093,7.8,86.2875,4.539876998102275,143684.35526362152,148.0316484,145.7164093,90.02799999999999,89.70666666666666,-1.697994599999987,-1.366604588387645,0.7543538968128293,553553.161526271,-1.2734959499999832,6.3535047828987326,505752.02062335913,153.7724057,1.6665679550693928,77503.84449481498,17356.294222086202,0.0619624048854148,0.0470501065110677,15422.537938857447,11.8125,13716.0,-0.2802680423685837,8.325000000000003,0.0558560156042202,4.088635083020336,153.7724057,0.0824179705877039,-0.4500000000000002,14695.230725764382,5.230724288179872,365050.8629779239,0.0061452760953182,7255.843700000027,209548.84686705613,1514.9062000000267,1.3900000000000148,0.0372094924584734,6.429586380638554,6851.0,0.0543538437371795,0.1060323798630889,-135371.0,197784.4500000002,8906.0,-181735.8100000005,-0.0068143450224047,-0.0169674420191218,141325.5,-492853.0,323307.0,2.890000000000001,-127356.75700000116,307773.2813
2023-05-09,307773.2813,310951.0,148.0316484,86.04166666666667,145.7164093,7.8,86.0625,4.6388257078027895,151726.74400984985,148.0316484,145.7164093,90.412,89.99666666666667,-1.697994599999987,-1.2364517704459672,0.7983331245997258,516289.4448637608,-1.1885962199999938,6.552313522718625,509770.2197289099,153.7724057,1.763729740841237,62508.954542928375,20874.932867601805,0.0632479409574319,0.0349302393694916,14318.348690027356,12.0,10495.0,-0.2535758478572889,8.049999999999997,0.0526570899797302,4.558600287253394,153.7724057,0.0889054862451678,-0.4200000000000008,13799.481906702964,5.6123158509241104,357326.143203545,0.0021091484313207,3377.3437999999733,205284.98589762152,15001.75,0.4799999999999897,0.001689720126035,6.15653053486345,5716.0,0.0464277958434875,0.102167524490954,-138049.0,222319.59999999963,19576.0,-281028.1699999999,-0.0083084199301297,-0.0262143445571914,115623.59999999964,-403040.0,372327.0,8.5655,79706.87800000049,310497.1563
2023-05-10,310497.1563,311293.0,148.0316484,86.10416666666667,145.7164093,7.8,86.0875,4.6902374533092575,156313.65402797636,148.0316484,145.7164093,91.08,90.95666666666666,-1.697994599999987,-1.118694458974943,0.8309314608634236,487921.5199379639,-1.1036964900000044,6.731315514268591,498873.8720391548,153.7724057,1.835748116878208,-4978.0411278270185,19196.2725944969,0.0650174320665077,0.0163010120796605,13727.966185458525,13.1875,4993.0,-0.2294257671089754,8.724999999999994,0.0523102600140548,5.01370067651465,153.7724057,0.0847748901818019,-0.3900000000000014,12939.827209923316,5.918359014208297,341865.4938834595,0.0019731649565903,2723.875,193096.0758218489,24220.281299999973,0.4499999999999886,0.0299299034635603,6.870789531543124,342.0,0.027892199881939,0.102716208790883,-34624.0,163668.0,12909.0,-402041.5099999998,-0.0019838058475507,-0.0372172220672677,30351.700000000183,-193427.0,311050.0,8.910499999999999,-9314.007999999449,313281.4375
2023-05-11,313281.4375,317007.0,148.0316484,86.66666666666667,145.7164093,7.8,86.475,4.696601234712059,159274.67507937684,148.0316484,145.7164093,91.106,92.75,-1.697994599999987,-1.0121521295487526,0.8534540093614222,466340.22501995263,-1.0187967599999863,6.819249885193538,479973.1255609128,153.7724057,1.885506403740424,57288.58183672745,22537.865680735325,0.0630944119050106,0.0371534855112529,12849.98699615312,11.6875,11356.0,-0.2075756940509778,7.853125000000006,0.0481110186928162,5.215404788246287,153.7724057,0.0886518619465282,-0.3600000000000003,12573.941248810122,6.071386102903896,324779.834360936,0.0021005645267166,2784.2812000000267,178879.61953649437,13351.281299999971,0.4800000000000182,-0.0086794773969209,6.103333385681864,5714.0,0.0245457044373051,0.1011044057700406,-8129.0,144496.2000000002,11772.0,-295876.1499999985,-0.0072292294641483,-0.0281007505592736,77786.54999999981,71142.0,284061.0,6.795500000000004,54380.56900000013,321529.5625
2023-05-12,321529.5625,322281.0,148.0316484,87.02083333333333,145.7164093,7.8,86.4375,4.644314124196905,158708.14455944477,148.0316484,145.7164093,91.386,92.54333333333334,-1.697994599999987,-0.9157566886393624,0.8666866435803376,466145.0640316613,-0.9338970299999688,6.803222044070199,464689.3406721376,153.7724057,1.914740804521769,76316.28832846787,25163.116568284346,0.0602407515740767,0.0495803710711693,12468.64048202574,10.75,15224.0,-0.1878065803318369,6.865624999999994,0.0477915502793295,5.247092904396438,153.7724057,0.0841776292367107,-0.3299999999999992,12894.066379413349,6.145347320064104,301556.0172049228,0.0014847809948033,8248.125,164184.4562016662,8885.5,0.3400000000000034,0.0134985903768644,5.295873063235973,5274.0,0.0278364602292593,0.1027656491112299,27347.0,57789.65000000037,11330.0,-64697.97000000067,0.0024975220145301,-0.0061974984881317,83949.15000000037,601041.0,134351.0,6.280500000000004,7755.021999999881,320582.8438
2023-05-15,320582.8438,321530.0,148.0316484,87.22916666666667,145.7164093,7.8,86.925,4.6086920167513625,155850.88390248493,148.0316484,145.7164093,92.386,91.88333333333334,-1.697994599999987,-0.8285417659118082,0.871052850778308,460591.6834808167,-0.8489973000000077,6.736752198272014,451257.0909034706,153.7724057,1.9243869149642097,323933.97515432816,22087.15308559063,0.0563042235478933,0.0780553227158424,12806.925801259582,1.1875,23280.0,-0.1699202393478529,7.065624999999997,0.0512128206244828,5.263465413384386,153.7724057,0.0938448565873152,-0.2999999999999998,13135.725950575224,6.186963033585723,270245.068451646,0.0057122923298302,-946.7187000000268,165617.82382072695,13756.281200000029,1.309999999999974,-0.0048523911898153,5.696266104832546,-751.0,0.0832882355691015,0.1033315312154895,377074.0,-8406.150000000373,10237.0,132327.6099999994,-0.0045365872042847,0.0127231665988178,331465.2000000002,457365.0,-93129.0,5.244500000000002,58067.2109999992,318791.9688
2023-05-16,320028.9063,324615.0,148.0316484,88.875,145.7164093,7.8,88.175,4.598441269089777,153798.0648917995,148.0316484,145.7164093,92.83599999999998,92.88,0.0,-0.7496330263011544,0.8666866435803012,429225.321343217,-0.7640975700000183,6.862706562656856,423989.9501695434,153.7724057,1.9147408045217336,143333.2632348677,22774.80517267727,0.0585492806984149,0.0878956258294569,13065.526877646776,5.125,26227.0,-0.1537373594099627,10.259375000000006,0.0442931621353785,5.5139884074863215,153.7724057,0.1070331166304833,-0.2700000000000004,13405.164327448649,6.2804683868246585,245170.67217685067,0.0023413111342351,-553.9375,150130.0786966452,10085.6875,0.5400000000000205,-0.0128349655600311,8.942455047229444,3085.0,0.0759257746006174,0.1041082886087455,143264.0,-22499.599999999627,7608.0,-7508.610000001267,0.0027325530437335,-0.0007337468700795,141207.09999999963,174247.0,-152713.0,7.989499999999992,78433.65300000086,327788.625
2023-05-17,327788.625,330437.0,148.0316484,90.83333333333331,145.7164093,7.8,89.275,4.547478074945533,148901.66875996272,148.0316484,145.7164093,93.276,94.10666666666668,0.0,-0.6782394047486662,0.8534540093613511,381696.71473890095,-0.6791978399999721,6.886566227656336,380084.6041332866,153.7724057,1.8855064037403515,129952.0953077376,25873.29991813656,0.0596468334190593,0.1151017956393063,13234.929477848702,5.625,34108.0,-0.1390957061328235,9.918750000000005,0.0419529371350051,5.735236860157036,153.7724057,0.1152174798490779,-0.2400000000000011,14246.179459371951,6.271900660465401,216962.3103278149,0.0020330478415087,7759.718700000027,135492.52694609156,5510.531299999973,0.4699999999999988,-0.0193318109878502,8.71281647130283,5822.0,0.078344295572325,0.105159663395132,116501.0,-58367.84999999963,8156.0,-120560.47999999858,-0.0031794551412357,-0.0116206563457635,119452.15000000036,-52266.0,-196410.0,8.129499999999993,22053.44999999925,331210.625
2023-05-18,331210.625,331923.0,148.0316484,92.125,145.7164093,7.8,90.2,4.469325717423867,141506.97609230623,148.0316484,145.7164093,94.474,96.22999999999998,0.0,-0.6136451757249972,0.8309314608633183,381449.363875354,-0.5942981100000111,6.726031855635873,357475.2912395123,153.7724057,1.8357481168780976,146972.32432604767,24753.65230688546,0.0693084371038434,0.139160875160875,14090.054220632395,6.5625,40548.0,-0.1258484960249353,7.965625000000003,0.0397912031490672,5.9708866263949165,153.7724057,0.1102885326693824,-0.2099999999999999,14217.727700452984,6.208002136462713,191214.28067283687,0.0025469458234406,3422.0,130959.20592164168,6259.0625,0.5900000000000034,0.0380784531040555,6.9782625216549405,1486.0,0.1326717645287882,0.1073154204875222,-132724.0,-16923.5,10393.0,-285139.6199999992,0.0001934864267585,-0.0270714530460766,134363.9500000002,-55671.0,-193118.0,9.486499999999992,59821.72300000116,338677.625
2023-05-19,338677.625,339352.0,148.0316484,92.125,145.7164093,7.8,91.2375,4.353450053512343,131440.8066056497,148.0316484,145.7164093,95.578,97.11333333333332,0.0,-0.5552027780369144,0.7983331245995856,375033.071680393,-0.5093983799999933,6.43251515610768,333402.24105432467,153.7724057,1.7637297408410848,42396.5315330904,29117.63780146779,0.0716534230961369,0.1372995871092284,14066.35354808542,5.0,40968.0,-0.1138629249749412,7.309375000000003,0.0322484956352233,5.939773941294614,153.7724057,0.1211348743937624,-0.1799999999999997,15034.001370693291,6.097710441763288,172127.88448318167,0.0021529452290733,7467.0,121663.74917732184,10627.781200000029,0.5,-0.0193422715992384,6.596404186259235,7429.0,0.1680730762855622,0.1103682943654985,-67324.0,-20356.75,14737.0,-71889.4299999997,0.0019055921381582,-0.0070302461876194,22184.900000000373,167774.0,-184023.0,8.247500000000002,40693.24199999869,338978.875
2023-05-22,338978.875,340959.0,148.0316484,91.6875,145.7164093,7.8,91.95,4.285545595678266,123172.7593476959,148.0316484,145.7164093,97.748,99.33666666666666,0.0,-0.5023263229857946,0.7543538968126517,338400.79022880725,-0.4244986500000038,6.03127471361197,298861.9071728249,153.7724057,1.6665679550691923,212875.5761489868,27798.4818203756,0.0858574200072934,0.1170376922698903,14895.801781920176,6.0,35724.0,-0.1030188368820894,5.793750000000003,0.028717776471576,6.255382419207032,153.7724057,0.1192311350828217,-0.1500000000000003,16019.973898972885,5.971053067663401,160644.15504071084,0.0071753888459225,301.25,110981.5537063696,19885.656200000027,1.6699999999999875,-0.0094794045899248,5.402699025663125,1607.0,0.1397688929721807,0.1135423903627082,125265.0,7540.200000000186,10522.0,-70237.80000000075,0.0046963744188594,-0.0068497217413791,190088.84999999963,48845.0,-110026.0,11.992499999999993,89236.21499999985,340831.4688
2023-05-23,340785.5,349025.0,148.0316484,91.5,145.7164093,7.8,91.775,4.286446939882385,111610.84882208348,148.0316484,145.7164093,98.692,99.91,0.0,-0.4544857207966686,0.696842280622333,272509.2156730813,-0.339598919999986,5.461874437262699,262277.51235759794,153.7724057,1.5395095319711196,253097.7117538452,32448.816885101725,0.1034073852297014,0.1224437290762854,15894.21568873954,5.375,38074.0,-0.0932075190837951,4.674999999999997,0.0277952195571185,6.286095997893666,153.7724057,0.1412912507461968,-0.1200000000000001,17197.242971945117,5.844732108579772,160447.4027546897,0.0021756750991852,1806.625,112707.34450167565,11190.25,0.5099999999999909,-0.0346961685867914,4.661965785123783,8066.0,0.1136116920088659,0.1107571268086832,159638.0,25182.450000000183,17102.0,-87272.6400000006,-0.0002594347885951,-0.0085163042347202,233216.9000000004,-77712.0,-111312.0,8.373500000000007,53930.020000001416,346369.0
2023-05-24,341669.3125,342079.0,148.0316484,91.0625,145.7164093,7.8,91.375,4.275377484104202,99750.1145261931,148.0316484,145.7164093,99.68,100.94333333333331,0.0,-0.4112013664350797,0.6220561591307026,209257.6840959249,-0.2546991899999966,4.678279308269978,224655.2634575835,153.7724057,1.3742871422037797,197641.358253479,23073.97718175873,0.133601534906398,0.0988971804698466,17087.307855304756,3.5,30786.0,-0.0843306125043863,3.403125000000003,0.0292165783212989,6.071281383001176,153.7724057,0.1428615565562305,-0.0900000000000007,18260.43013464115,5.706835790247793,169941.7114696269,0.0030223054656903,883.8125,116497.93488039088,9620.843799999971,0.710000000000008,-0.0040379263782466,3.822135710350096,-6946.0,0.1074108426838285,0.114769782214536,225099.0,77737.09999999963,2727.0,72427.8900000006,0.0083292324852751,0.007133050632476,182031.1500000004,81078.0,9177.0,8.389499999999998,67427.98999999836,346369.0
2023-05-29,346369.0,346987.0,148.0316484,91.47916666666669,145.7164093,7.8,91.5625,4.43832884031178,86568.62651409034,148.0316484,145.7164093,100.884,101.45666666666666,0.0,-0.3720393315365129,0.522631710466324,226759.16054952337,-0.1697994599999788,3.8909516217795934,217000.4317467828,153.7724057,1.154632148978019,369517.7527055284,25317.026973972213,0.1348683490357978,0.0945720441504447,18557.719755356928,5.5625,29980.0,-0.0762991255992071,4.478125000000006,0.0386768022721577,5.762170095591052,153.7724057,0.2100568413161822,-0.0599999999999996,19473.772640930085,5.639344376788086,193448.7881088,0.0111615668633027,4699.6875,145789.8953532593,7691.375,2.6299999999999955,-0.0047887275211712,5.211098976031039,4908.0,0.1155303453579488,0.1277929004454818,242985.0,75675.70000000019,6028.0,303878.6300000008,0.0094932834338666,0.0298392030975385,372577.7999999998,363786.0,31107.0,10.416000000000013,100849.85000000148,343391.875
2023-05-30,343391.875,346369.0,148.0316484,91.54166666666669,145.7164093,7.8,91.425,4.53088047676647,82403.34075513679,148.0316484,145.7164093,100.76,100.56,0.0,-0.3366070142473347,0.3796831351014557,276882.77306844544,-0.0848997300000178,2.714595282789894,229854.7472789353,153.7724057,0.838820809059262,381820.1572097642,22346.73869073676,0.0923432855106813,0.0747422280556409,19728.551180157658,4.5,24088.0,-0.0690325422088067,2.403125000000003,0.040488190944308,5.082995490642508,153.7724057,0.0861327278197147,-0.0300000000000002,19820.206455588475,5.545532483569775,222673.26576775112,0.0022244606732142,-2977.125,173921.10994914715,7390.125,0.5300000000000011,0.0082668663639614,3.527303835456649,-618.0,0.1056160963893686,0.1253154278895599,228615.0,126158.84999999964,-2656.0,611305.2300000004,0.0095377717737143,0.0601652310108529,403140.9500000002,631856.0,176526.0,2.6629999999999967,80369.86999999918,342078.4688
2023-05-31,342078.4688,343671.0,148.0316484,90.125,145.7164093,7.8,90.4375,4.566203392432228,92803.63323252616,148.0316484,145.7164093,99.944,99.77666666666666,0.0,-0.3045492033666335,0.0,349838.08422434074,0.0,2.723209817573621,289668.3322452393,153.7724057,0.0,325196.9041421674,17777.43024399993,0.0824528882203516,0.0688613815196093,20043.83466880533,-1.375,22141.0,-0.0624580143793966,-2.4625000000000057,0.037201209660715,4.5781934784708485,153.7724057,0.0871402813747642,0.0,19870.223289646456,5.350683084774909,246461.01258902744,0.0022614012312074,-1313.4062000000267,191416.8503757572,2560.4062000000267,0.5400000000000205,-0.0079984631290557,-1.2193441488725654,-2698.0,0.06799471977013,0.1109307979871924,240875.0,182168.0,1592.0,1051202.17,-0.0096373277336684,0.1027942622403066,356327.25,886734.0,302946.0,3.333500000000001,-637.6299999989569,353373.625
2023-06-01,353373.625,353940.0,147.95684795999998,89.83333333333333,145.7164093,7.8,90.5625,4.701673022503104,101039.64724865965,148.0316484,145.7164093,100.834,99.82666666666664,0.5460660999999902,0.218515287430165,0.1221040919767055,457012.4611474761,0.5187627949999865,2.7504560028633933,360340.90784669097,153.7724057,0.2717658658448926,256816.5799381509,25375.341649333248,0.0733132939569258,0.0903377847604085,20067.986685723365,-0.25,29325.0,-1.6850810606289777,2.606250000000003,0.0374221232000659,4.889652097192196,153.7724057,0.1219562040235841,-1.7100000000000009,20228.55905665938,5.310610307875896,272530.2477503176,0.0030919650691512,11295.156200000029,203246.0158745821,-4290.531200000027,0.7399999999999807,0.0039453331959587,3.703331484353384,10269.0,0.0670517010367852,0.1084752174575521,-11245.0,171228.84999999963,6953.0,957723.2899999992,0.0035614971129641,0.0913182729322668,296269.5499999998,917294.0,309356.0,8.436499999999995,77705.72999999858,352936.8125
2023-06-02,352936.8438,358156.0,147.88204752,90.04166666666667,146.2624754,7.8,90.8125,4.798819372348624,107843.49974138652,148.0316484,145.7164093,101.792,102.66333333333334,0.5460660999999902,0.1977043076749112,0.1680755992193081,525040.4451746853,0.4914594899999827,2.7722336851835285,408431.427739763,153.7724057,0.374084193324636,103219.38184880372,26773.118635111023,0.0619589147036998,0.0838858844499859,20390.25828958327,-0.75,27719.0,-1.5245971500928848,2.549999999999997,0.0385328662682875,5.175469569339082,152.5570318,0.1344981468577243,-1.62,19610.99112648788,5.215679271501524,289098.7220447824,0.0027908526679718,-436.78120000002673,205509.6861760225,7004.625,0.6700000000000159,0.0240633162511528,3.5202761048911526,4216.0,0.1084771875846579,0.1063363435355674,-206471.0,162677.9500000002,11787.0,612305.9900000002,-0.0021681106511408,0.0568437116978275,142820.7999999998,587522.0,337668.0,9.043000000000006,-19058.52999999933,360825.625
2023-06-05,360825.5938,362027.0,147.80724708,91.8125,146.2624754,6.0,90.6375,4.969316880937008,106720.25217089972,147.6576462,146.2624754,102.282,105.35333333333334,0.5460660999999902,0.1788753259915836,0.2000499770692481,566833.0668470501,0.4641561850000073,2.6281700783110344,453416.6879879722,152.5570318,0.4452492488136272,199613.44072034585,27725.63114605285,0.0707600888761082,0.0906957336490692,19685.29899898825,0.0625,30104.0,-1.3793974215126097,2.03125,0.0444819356431569,5.508007830709279,152.5570318,0.1340592729363023,-1.5300000000000011,18021.65971322542,5.186732061105272,293443.0555027462,0.0075184846722604,7888.75,212566.5296032453,9544.9375,1.8100000000000025,0.014871321786078,3.015368856806276,3871.0,0.0767207449617874,0.1113658716049551,-66673.0,20545.5,18356.0,155977.16000000015,-0.0015068369168851,0.0138308584269359,243352.9000000004,227839.0,142027.0,9.243500000000012,-100168.13000000082,380757.4375
2023-06-06,380757.4375,380977.0,147.73244663999998,91.79166666666669,146.2624754,6.0,90.7125,5.088408912731536,106162.38379750049,147.6576462,146.2624754,104.28,106.30333333333331,0.5460660999999902,0.1618395806590342,0.2241007989608431,597476.8776073628,0.4368528799999751,2.581554238474826,490404.7262255618,152.5570318,0.4987789244341518,115875.97017555124,42230.332941666886,0.0697788670303725,0.1226602465876141,18244.119164741223,-0.3125,41625.0,-1.2480262385114085,1.734375,0.0456094256742887,5.697944135248938,152.5570318,0.1447051898776032,-1.4400000000000004,19475.27056900289,5.271894096853092,291514.3231412155,0.0025974025974024,19931.843700000027,206211.2144869126,18747.156200000027,0.6299999999999955,0.001468199883479,2.671643251396148,18950.0,0.0894144020893048,0.1026735794216065,-96866.0,52242.90000000037,27037.0,-10751.459999999031,-0.0152787594507793,-0.0009393634475476,149944.2000000002,-203674.0,165535.0,8.979,-41642.61999999918,381077.9688
2023-06-07,380430.9063,388549.0,147.6576462,91.25,146.2624754,6.0,91.4875,5.229032591418161,107102.35065250196,147.6576462,146.2624754,105.95,106.70666666666666,0.5460660999999902,0.1464262872629262,0.2425962311359653,595936.6947778863,0.4095495749999998,2.346049310740121,518222.5580492985,152.5570318,0.5399440242905867,114524.7349207364,45059.25361388904,0.0679987989641618,0.1395768992752795,19642.56041218439,-1.0625,47590.0,-1.1291665967484166,0.1124999999999971,0.0422006366827198,5.342283269007022,152.5570318,0.155883759053328,-1.3499999999999996,20606.65883577323,5.43812999980238,275943.76264149806,0.0025906735751295,-326.5312000000268,200677.80582248128,27383.8125,0.6299999999999955,0.0187497211190074,1.1731534179298393,7572.0,0.1242473945540394,0.1006551991246259,56570.0,69742.84999999963,30393.0,-16076.85000000149,-0.0017866785823618,-0.0014122257050002,140334.40000000037,-200469.0,146287.0,7.702999999999989,-19335.94999999925,380907.4688
2023-06-08,380907.4688,388954.0,147.6576462,90.97916666666669,146.2624754,6.0,91.325,5.316205116632872,108480.54286294318,147.6576462,146.2624754,105.992,106.01,0.5460660999999902,0.132480926571219,0.2567397186351688,575363.5419626218,0.382246269999996,2.102265675502954,539381.6499007631,152.5570318,0.5714230440675065,173409.14111876208,41134.32469828054,0.0706793037340385,0.1144015471671082,20799.738972885814,-0.1875,39929.0,-1.0216269208676143,0.4781250000000057,0.0430090009367489,5.252997415009999,152.5570318,0.1658351122205182,-1.260000000000001,21316.144739966552,5.577020049416451,263230.8647410198,0.0021328083343588,476.5625,195352.308700937,28141.156299999973,0.5200000000000102,-0.0150298318952818,1.6269007114603369,405.0,0.1241938566230711,0.0993191017775879,16302.0,98224.4500000002,26927.0,-65140.33999999985,-0.0042858569892622,-0.0056973466233468,192880.9500000002,-142639.0,145800.0,4.751500000000007,23664.909999998286,381763.875
2023-06-09,381763.875,387605.0,147.6576462,90.83333333333331,146.2624754,6.0,91.1875,5.3589724073899045,114366.95327671977,147.6576462,146.2624754,105.726,105.07333333333334,0.5460660999999902,0.1198636954691778,0.2672231714978342,555122.8595930013,0.3549429649999922,1.9610097425891289,545719.1376653484,152.5570318,0.5947559610735095,97115.46101221348,35996.24615558714,0.0783079621565658,0.1330862169264994,21465.62716621293,0.5625,45526.0,-0.9243291188802224,0.5875000000000057,0.0435540776187193,5.14748510388648,152.5570318,0.1935822123156763,-1.17,21672.79049811462,5.732475904878667,242881.0836344145,0.0026194081774648,856.4062000000267,176861.4375205675,20081.843799999973,0.6399999999999864,-0.0087371461027168,1.7546958817974456,-1349.0,0.1175830393276173,0.099085770517224,21771.0,154327.7000000002,6628.0,-235325.41999999995,0.006775523102308,-0.0205798975291803,102121.5,-321063.0,140838.0,4.05149999999999,-69716.27999999933,381718.5
2023-06-12,381672.4688,384559.0,147.6576462,91.54166666666669,146.2624754,6.0,91.325,5.454607781741988,124736.21017570156,147.6576462,146.2624754,105.956,105.36333333333334,0.5460660999999902,0.1084481054244861,0.2744663042030109,520488.8487088525,0.3276396599999884,1.8036763443773205,536329.2811650547,152.5570318,0.6108769296596547,187304.2266300982,29812.127474102657,0.0998985953599564,0.1082807136866799,21784.0810549472,-0.1875,37572.0,-0.8362977742249624,1.5062499999999943,0.0395689239182883,5.029009424277301,152.5570318,0.2367285434743338,-1.080000000000001,21655.969020710763,5.82476301754339,222805.7059408361,0.0073886598358983,-91.40620000002671,165495.69207313357,1006.4375,1.8100000000000025,-0.0073834666795551,2.661986750197684,-3046.0,0.1021883453773289,0.1072810789319964,120972.0,211582.4500000002,-3990.0,-321690.88999999873,-3.1455970592481064e-05,-0.0282979952909007,185257.6500000004,-254913.0,195738.0,6.680999999999997,-9156.320000000298,381896.125
2023-06-13,381896.125,385763.0,147.6576462,91.75,146.2624754,6.0,91.3,5.469058876992356,130557.3553712051,147.6576462,146.2624754,105.326,105.19333333333331,0.5460660999999902,0.0981197144316752,0.278721849515539,520331.85153763456,0.3003363549999847,1.523810472226236,529137.8430177902,152.5570318,0.620348454632698,205112.44314151723,28062.21057180717,0.1077101488752714,0.1137341967670317,21736.54671792572,0.25,39394.0,-0.7566503671559186,0.3937499999999971,0.0373914087833779,4.614785619699532,152.5570318,0.2714106875843206,-0.9900000000000002,21789.90006700241,5.860219144457645,200341.9254899892,0.0020666180403599,223.65620000002676,154151.66568296115,640.5312000000267,0.5099999999999909,-0.0123496172319953,1.6167975358931417,1204.0,0.1020573434689593,0.1015732078936851,83233.0,189165.5499999998,-3191.0,-401720.9400000013,-0.0035910370074963,-0.0353369037297721,197270.9000000004,45574.0,122232.0,2.3440000000000083,93336.31000000052,378695.375
2023-06-14,378695.375,384602.0,147.6576462,92.0625,146.2624754,6.0,91.675,5.488099349838093,127791.2070020428,147.6576462,146.2624754,104.892,105.31666666666666,0.5460660999999902,0.0887749797238939,0.2801259987021386,533472.9768316827,0.2730330500000093,1.3165819981671991,528186.5827180007,152.5570318,0.6234736555435068,293697.8771280395,24339.190517349343,0.1045087403252058,0.1190993712009451,21839.441827598785,5.75,40931.0,-0.6845884274267835,0.7999999999999972,0.0378639613372209,4.023873853573158,152.5570318,0.2455518508529637,-0.9000000000000004,21203.70802143037,5.907856588789189,177253.59624335196,0.0020623559383721,-3200.75,168535.855473546,988.6562000000268,0.5100000000000193,-0.0017840497905705,2.02829300866523,-1161.0,0.1121291818567344,0.1018799241373506,268805.0,125838.75,-3003.0,-123478.5300000012,-0.0033551863338447,-0.0110254621462793,297496.9000000004,492437.0,7950.0,2.4065000000000083,-24339.25,391831.375
2023-06-15,391831.375,392306.0,147.6576462,92.0,146.2624754,6.0,91.9375,5.473311587773111,122751.40529476224,147.6576462,146.2624754,104.736,103.97666666666667,0.0,0.0803202197501775,0.2787218495155754,502587.94748651714,0.2457297450000055,1.3238699252383397,510592.414123833,152.5570318,0.6203484546327366,316408.6983539406,28991.45808712556,0.119397088430681,0.1083969034299598,21224.362443707592,0.5,38366.0,-0.6193895295766136,0.8499999999999943,0.0377028316894687,3.6600075855538496,152.5570318,0.2422025718320163,-0.8100000000000005,21010.90794938713,5.971673022213,160801.74852672822,0.0031476997578692,13136.0,175012.74397399015,-3068.5,0.7800000000000011,0.0010497936319962,1.8916698649828163,7704.0,0.107042417280605,0.1042046300289729,214917.0,122750.4500000002,7747.0,37077.36999999918,0.0049497135942372,0.0033565469776795,323162.4000000004,300200.0,24670.0,0.9964999999999976,101286.61999999918,409416.5
2023-06-16,409416.5,411034.0,147.6576462,92.04166666666669,146.2624754,6.0,92.025,5.39935756412489,112351.55802581688,147.6576462,146.2624754,104.66,103.96333333333332,0.0,0.0726706750120627,0.2744663042030841,474771.0789590848,0.2184264400000017,1.2911643052536306,489218.1139147182,152.5570318,0.610876929659731,57166.203272612765,43174.74779311358,0.1226087509269053,0.1476395760506594,20870.705746036365,-0.25,52878.0,-0.5604000505693172,0.3375000000000057,0.0380555555555555,3.297958658895732,152.5570318,0.2495435244765878,-0.7200000000000006,22541.82232577228,5.959307514522804,143530.39950108164,0.0023332528763375,17585.125,162252.3882615494,10112.875,0.5799999999999841,0.00873548909696,1.2025822587939672,18728.0,0.1088302784340511,0.1059175337967664,-77707.0,118256.25,25271.0,11717.180000001565,0.0008915327832783,0.0010684432508607,52262.050000000745,-262512.0,40576.0,0.8255000000000052,54094.24000000022,429908.5938
2023-06-21,429417.625,430267.0,147.6576462,92.04166666666669,146.2624754,6.0,91.975,5.466724098436908,101055.14536418163,147.6576462,146.2624754,104.68,105.01,0.0,0.0657496583442309,0.2672231714979452,449632.89076969575,0.191123134999998,1.3028309257366546,463776.490167232,152.5570318,0.5947559610736256,285237.2315323632,56464.15276519797,0.1114112032931562,0.188494228331036,22359.008505919657,0.4375,68240.0,-0.5070286171817626,0.8125,0.0418390261198438,3.237291712461936,152.5570318,0.2468150953143714,-0.6299999999999999,25747.703426671014,6.059113970316118,129959.5758658389,0.0114384331353347,20001.125,163436.0989833413,27520.375,2.8499999999999943,0.0168578239248656,1.540431567480255,19233.0,0.1600277599265733,0.1224259621892463,60888.0,13469.549999999814,45665.0,-37054.1799999997,0.0154712697759907,-0.0033454723775563,281402.44999999925,-501548.0,92187.0,4.229500000000016,44147.79000000097,415186.375
2023-06-22,415186.375,429909.0,147.6576462,91.79166666666669,146.2624754,6.0,91.9625,5.440633090097388,89638.09994586489,147.6576462,146.2624754,104.322,104.50333333333332,0.0,0.0594877861209681,0.2567397186353231,409856.7139179867,0.1638198299999942,1.2949801868035364,423920.95672834944,152.5570318,0.5714230440676692,321390.6380530894,50762.70964470296,0.1534680945561973,0.1284381996813455,25595.0647438805,-0.1875,48932.0,-0.4587401774501662,0.1500000000000056,0.0416568511974873,2.955974503129829,152.5570318,0.2501670453061163,-0.5400000000000009,26853.95828359517,6.090727637804204,122410.7836217328,0.0019840482520534,-14231.25,152980.8657175298,51213.21879999997,0.5,0.0071085896847187,0.7716999896249916,-358.0,0.1914580451429965,0.1143906259581021,74855.0,79220.29999999981,37603.0,-133804.20999999903,-0.0062168371730077,-0.0120725301430268,313926.0,-11106.0,142570.0,-1.6319999999999908,83897.69999999925,420736.6875
2023-06-23,420736.6875,425927.0,147.6576462,90.97916666666669,146.2624754,6.0,91.375,5.436947189080684,85212.88006306169,147.6576462,146.2624754,104.132,104.43666666666668,0.0,0.0538222826808691,0.24259623113617,380590.4354121209,0.1365165250000188,1.377375340620908,379964.8048775386,152.5570318,0.5399440242908011,241875.1010956522,42325.40396425506,0.1818981630286231,0.0961989350120577,26662.90340361775,-1.0625,37378.0,-0.4150506367406263,-1.9937500000000057,0.0414708646616539,2.9418996279697183,152.5570318,0.250116571398602,-0.4500000000000002,27828.876605251604,6.11541045229326,132176.01321267546,0.0019009148152548,5550.3125,152319.48230413024,23355.0,0.4800000000000182,-0.0269042961660679,-1.3375095331964388,-3982.0,0.0904222323956573,0.1148661557407524,274025.0,149187.2999999998,14893.0,-84786.5700000003,0.0025996281571665,-0.0077230999179331,234757.6500000004,548367.0,211093.0,-0.1394999999999981,110031.8900000006,432406.1563
2023-06-26,432406.1563,442749.0,147.6576462,90.875,146.2624754,6.0,91.3,5.447288461148154,75611.4791813154,147.6576462,146.2624754,104.58,103.81,0.0,0.0486963509969768,0.2241007989611105,327772.1732409472,0.1092132199999866,1.3841650295216112,324977.5381779296,152.5570318,0.4987789244344265,308463.28194368444,53514.317872421234,0.1573507750355591,0.1383068434827767,27598.371912305643,0.9375,53795.0,-0.3755220046700902,0.59375,0.0434612831426453,2.814029654202764,152.5570318,0.260523393986405,-0.3600000000000003,29280.876356287918,6.108172609839794,154781.04966138958,0.0061267243764575,11669.468799999971,161850.34880875892,11320.1875,1.549999999999983,0.005461416327692,1.164872327107986,16822.0,0.1040698280850078,0.119723409648601,114987.0,60286.25,12482.0,-211746.8200000003,-0.0009604898568515,-0.0191819385046351,307092.5999999996,481845.0,104501.0,1.7644999999999982,116225.04999999888,416375.875
2023-06-27,416375.875,434029.0,147.6576462,90.72916666666669,146.2624754,6.0,91.175,5.399026325474674,73734.94167730065,147.6576462,146.2624754,104.37,104.04333333333334,0.0,0.0440586032829628,0.2000499770695974,254571.5768749253,0.0819099149999829,1.3782258809609416,263947.385159996,152.5570318,0.4452492488139847,263664.15985381044,40528.19236076204,0.1704044355213905,0.1197714167773893,29015.970605434668,-0.1875,46424.0,-0.3397580042253194,-0.2374999999999971,0.0418140131348852,2.722903056046477,152.5570318,0.2572755819959055,-0.2699999999999996,28857.070411963483,6.079669225768407,186700.72848434772,0.0024750530368506,-16030.281299999971,161888.38572157762,2497.5625,0.6299999999999955,-0.004115317813282,0.3188130578596002,-8720.0,0.1351999940096737,0.1066682836534026,27958.0,98443.9500000002,4120.0,-80518.05000000075,-0.0054445814870736,-0.0073535442024891,262444.19999999925,240815.0,90628.0,-1.3969999999999914,108838.84000000171,409622.75
2023-06-28,409622.75,426958.0,147.6576462,91.8125,146.2624754,6.0,91.2375,5.478558780902178,70931.76653604052,147.6576462,146.2624754,103.34,103.69,0.0,0.0398625458274182,0.1680755992197806,255172.8893180529,0.0546066100000075,1.3721711330676825,224101.03536013552,152.5570318,0.3740841933251206,376294.2398677319,30270.79308830848,0.1502074743427421,0.1102535631723611,28893.798762638,0.0625,42399.0,-0.3074000990610033,1.2062499999999972,0.0362060962401362,2.7465049081554533,152.5570318,0.2570512230409146,-0.1799999999999997,27965.477120015883,6.041151772374302,221080.6723661742,0.0026257005133834,-6753.125,185176.4217764952,1189.5,0.6700000000000159,-0.0117963371509729,1.589045147587257,-7071.0,0.0906633714360742,0.1047627039763369,234253.0,83178.84999999963,1031.0,373300.37999999896,-0.00956228370127,0.0342681088650131,390007.44999999925,363472.0,17424.0,-1.5344999999999942,69412.7899999991,416949.875
2023-06-29,416466.8438,418050.0,147.6576462,91.22916666666669,146.2624754,6.0,90.9625,5.488064058051278,76937.15767696526,147.6576462,146.2624754,102.846,101.61333333333332,0.0,0.0360661128914614,0.1221040919774374,298646.12808749545,0.0273033050000037,1.3967883450703065,239255.8660894187,152.5570318,0.2717658658456378,464343.0265469961,19328.241365612485,0.1327309075399255,0.083696466483307,27996.335710485917,-1.4375,32287.0,-0.2781238991504313,-1.109375,0.039015166132829,2.440250795997017,152.5570318,0.235809475250231,-0.0899999999999998,26686.987054212063,6.047545195759716,257779.40908653932,0.0015634771732333,6844.093799999973,218832.9063796812,-11113.9375,0.4000000000000057,-0.0025651769686216,-0.7111020093258134,-8908.0,0.0731016442745111,0.1044084309640358,272122.0,141841.40000000037,-24699.0,860413.8200000003,0.0068918454285517,0.0794684093615578,498036.0500000008,668447.0,94397.0,-4.623500000000007,84329.51999999955,426280.9688
2023-06-30,426280.9688,428680.0,147.6576462,91.4375,146.2624754,6.0,91.45,5.43401237819046,102144.72739546784,147.6576462,146.2624754,101.798,100.15,0.0,0.0326312449970203,0.0,415692.1009392594,0.0,0.8235521086495362,357043.1299389976,152.5570318,0.0,365373.6430663299,27105.075521268416,0.1566261571821568,0.1146067883162333,26735.34086176468,-0.5,44078.0,-0.2516359087551523,0.1906249999999971,0.0396767365787955,2.4415096710191144,152.5570318,0.3193126555066347,0.0,25189.383996502245,6.014169321826508,287368.56914043817,0.0017171401810802,9814.125,238002.2944388564,-15456.281299999971,0.4399999999999977,0.01530088859811,0.7703124677528308,10630.0,0.091788703014465,0.1019474761293855,228658.0,285570.2000000002,-5349.0,1495177.0700000003,-0.003659035684928,0.137562953175079,410534.5,1170779.0,301374.0,-5.843000000000018,17866.110000001267,436619.0
2023-07-03,436616.0,437474.0,147.57190906,91.4375,146.2624754,6.0,91.575,5.401868950456526,126114.5836915558,147.6576462,146.2624754,101.81199999999998,101.26333333333334,2.1709353999999905,1.9937031549972917,0.4854359129152659,486800.3545709917,2.0623886299999867,0.8522597188021259,428122.59871484496,152.5570318,0.5219113022236379,364057.7722981069,32480.11594781431,0.1316375896119184,0.1151346143061793,25225.967403862964,0.25,45168.0,0.0437579873167672,0.9656250000000028,0.04074045684501,2.4699818878508863,152.5570318,0.3021191019895435,0.2850000000000001,24815.0383547234,6.021072884813076,303298.3521299727,0.0050646719650928,10335.031200000029,254259.95924522085,9905.093799999971,1.3000000000000114,0.0022053336221716,1.4320684232049388,8794.0,0.1256566542435326,0.1075570459753477,113424.0,315403.2999999998,10516.0,1035761.9400000012,0.0077722523637707,0.0919302668374666,416630.3000000008,659278.0,335608.0,1.5900000000000034,-107466.60000000148,441468.9375
2023-07-04,441469.9375,443476.0,147.48617192,91.97916666666669,148.4334108,6.0,91.7125,5.370792943515609,137556.86502908997,147.6576462,146.2624754,102.154,102.89,2.1709353999999905,1.8038266640451752,0.6681998172520405,524609.0624474762,1.9538418600000116,0.8486153582860695,476289.1941421236,152.5570318,0.7184079864906134,321165.84160304815,34817.15252421296,0.1345476782883461,0.0789277772641678,24837.711175358323,0.0625,32442.0,0.0395905599532655,0.2249999999999943,0.0400244657670401,2.453791641734946,150.2229735,0.3030547126877473,0.2700000000000004,24009.14894916384,5.945194676111409,316965.7343237531,0.0045352352895571,4853.9375,256247.94436369848,26996.25,1.169999999999959,0.0192817090248944,0.6171095257568453,6002.0,0.1143033147868775,0.1029375022826473,-32588.0,237921.0,25426.0,523908.6199999992,-0.0092776569283034,0.0448262851740761,369952.75,215148.0,258670.0,0.2224999999999966,17556.5,437402.0
2023-07-05,436732.5938,441470.0,147.40043478,92.125,148.4334108,6.3,91.6375,5.398739107178683,135988.2674758425,147.2289605,148.4334108,102.544,104.93333333333334,2.1709353999999905,1.6320336484218387,0.7953168618120259,566529.9059814025,1.8452950899999792,0.8579398902407814,533595.0942502194,150.2229735,0.8550765363363463,351805.6662122812,29686.2808552403,0.120422751928482,0.0260373210123017,24016.2998300718,-0.0625,11203.0,0.0358200304339071,0.5812499999999972,0.0335413121573076,2.399817975552549,150.2229735,0.2970955039215918,0.2549999999999999,22857.081996549678,5.96693820807366,319225.6880685113,0.0025081998842371,-4737.343700000027,266014.24855386355,24519.0625,0.6500000000000341,-0.0002730347239428,0.8976229042561954,-2006.0,0.0782880941535086,0.103341018067867,95593.0,186268.6500000004,12790.0,30631.13000000082,0.00494873445706,0.0024774017552879,402518.9000000004,-167898.0,320740.0,0.3500000000000085,-86965.44999999925,417548.6875
2023-07-06,417548.6875,437402.0,147.31469764,92.0625,148.4334108,6.3,92.075,5.37960338980405,234581.3137080834,147.2289605,148.4334108,103.5,104.42666666666666,2.1709353999999905,1.4766018723816785,0.8909330896697502,605912.8457255587,1.7367483200000038,0.874670990777945,603877.533841027,150.2229735,0.9578773153213168,284697.50752539746,23178.444583312667,0.2228905055570341,0.0174292699152611,22895.5005518357,0.8125,7493.0,0.0324085989640119,0.7374999999999972,0.0316610757227393,2.305639025473233,150.2229735,0.3056071513807363,0.2399999999999993,22063.847018380104,5.932253743199691,313182.4563627123,0.0020400307929175,-19183.906299999973,262893.1557004833,11121.031200000029,0.5299999999999727,-0.0273607474885994,0.9817778657556032,-4068.0,0.0174302312353542,0.1032082599018049,21447.0,835367.2000000002,-72.0,326655.8599999994,-0.0037686845302141,0.0265518093849521,328553.05000000075,36834.0,942959.0,0.3515000000000015,-93969.97000000069,423580.4375
2023-07-07,423580.4375,426427.0,147.2289605,91.97916666666669,148.4334108,6.3,92.0375,5.323498330392967,311724.28214512655,147.2289605,148.4334108,104.434,103.95,2.1709353999999905,1.33597312263106,0.9644633609077818,624895.887845311,1.6282015499999716,0.8232524853339205,642128.8179916054,150.2229735,1.0369326109714794,199574.64966583624,11041.21176585427,0.1553177487874754,0.0011739100831833,22093.398800540403,2.25,500.0,0.0293220657293442,-0.1343750000000056,0.0317352885880803,2.2234146333004703,150.2229735,0.2990675705131556,0.2249999999999996,21187.30116637601,5.84940986677262,305415.8234741779,0.0024968309453388,6031.75,251664.2727317716,-19070.3125,0.6500000000000341,-0.015169097439847,0.1531561642550798,-10975.0,0.0056897640246502,0.1054172871591034,-33583.0,902210.5,-17049.0,195907.6400000006,0.0044109174773431,0.0160429595588109,231353.1500000004,123237.0,981601.0,-0.7939999999999969,63041.5,420772.5625
2023-07-10,420772.5625,424943.0,147.2289605,92.3125,148.4334108,6.3,92.1625,5.300900494505088,307820.363233472,147.2289605,148.4334108,104.342,104.26,2.1709353999999905,1.2087375871423944,1.0206920806382636,617653.4429368699,1.5196547799999962,0.8697918308138973,655402.4852370912,150.2229735,1.0973863259854435,210503.3973167092,8647.001121487177,0.1193704366521676,-0.0402169174859796,21254.926241863457,1.25,-17806.0,0.0265294880408353,1.3812499999999943,0.032145797470249,2.249458121882017,150.2229735,0.3273281430289485,0.2099999999999999,20006.885638740398,5.781411592338313,295606.61394214944,0.006398957774542,-2807.875,243814.24556166504,-17888.5,1.669999999999959,0.0139557893191125,1.608807958135543,-1484.0,0.0067589779652861,0.1134088624300814,-68168.0,155202.15000000037,-16527.0,-312898.62000000104,-0.0002006271417997,-0.025244250373544,233557.80000000077,-454574.0,332846.0,1.542500000000004,-12964.830000000076,422811.3125
2023-07-11,422765.375,423278.0,147.2289605,92.0625,148.4334108,6.3,92.125,5.230054845240486,307488.7419564928,147.2289605,148.4334108,103.85,103.47333333333334,2.1709353999999905,1.0936197217002643,1.062370000094548,603014.1657931899,1.4111080100000208,0.8632374326538459,658453.7745427148,150.2229735,1.1421959015415335,224719.69281035665,6317.048633726488,0.1187817748699655,-0.0247702342470204,20069.64724867881,0.5,-10751.0,0.0240028701321843,-0.1968750000000056,0.0314819650117497,2.2865401926551185,150.2229735,0.3175963444784772,0.1950000000000002,18646.34549879857,5.715666742893072,279044.4004965252,0.0025509232819342,1992.8125,226466.8203880312,-16629.4375,0.6700000000000159,-0.0026288247914367,0.0418976764083538,-1665.0,-0.0269043204646898,0.1075267639433949,6843.0,209945.25,-14124.0,-663529.5299999993,0.0015230173055938,-0.052539151038646,235349.34999999963,-288096.0,360410.0,-1.768500000000003,77253.79000000097,431551.125
2023-07-12,431551.125,435403.0,147.2289605,92.39583333333331,148.4334108,6.3,92.2,5.219040923187701,306238.1176129378,147.2289605,148.4334108,103.28,103.01,2.1709353999999905,0.9894654624907276,1.0911657323263038,576406.8052422737,1.3025612399999886,0.8659304396537947,650569.7942571901,150.2229735,1.1731553293624262,100899.67444746567,16685.663049562078,0.1140152725441387,0.019779463085362,18704.849960714557,0.0,8445.0,0.0217168825005478,0.7374999999999972,0.0336344631924743,2.145908959661075,150.2229735,0.3180537414487682,0.1799999999999997,17164.100791146888,5.62388129226592,255201.54148341945,0.0023165729910374,8785.75,209677.16644628084,5262.625,0.6100000000000136,0.019056193909092,0.8861217072266072,12125.0,0.015455836628383,0.1085893083935732,-42241.0,126097.7999999998,8976.0,-551254.629999999,-0.0020712496317419,-0.0444296912332212,97226.09999999964,-223860.0,296885.0,-1.8310000000000173,-4151.410000000149,451345.5625
2023-07-13,451138.5625,452626.0,147.2289605,92.04166666666669,148.4334108,6.3,92.15,5.153778276791622,304212.35486492474,147.2289605,148.4334108,102.66,101.62333333333332,2.1709353999999905,0.8952306565392405,1.1080840394052234,568421.9873038749,1.1940144699999848,0.867069322793479,635309.5741165514,150.2229735,1.1913448687929902,163297.4673572313,30679.266568651365,0.1189193799590887,0.0827078100705658,17219.51350330835,1.9375,34576.0,0.0196486079766859,0.2750000000000057,0.0316817709107115,2.199439162962857,150.2229735,0.305937995915693,0.165,16474.599492357367,5.497114530180365,235283.11350782664,0.0022354412154736,19587.4375,194819.43374193585,7970.6875,0.589999999999975,0.021203661700196,0.4058958303478874,17223.0,0.0535330984424082,0.1115256986999838,4259.0,126386.40000000036,27683.0,-252459.9000000004,0.0072457477883842,-0.0208956281632305,149879.44999999923,367233.0,244631.0,-2.082000000000022,26869.480000000447,443305.0
2023-07-14,443303.5938,452014.0,147.2289605,92.25,148.4334108,6.3,92.2875,5.033283327277066,300093.3598130443,147.2289605,148.4334108,102.556,101.79333333333334,2.1709353999999905,0.8099705940117019,1.1136663620874454,565398.2755642001,1.085467699999981,0.867069322793479,622879.872279342,150.2229735,1.1973466441519982,174665.6133232098,27203.717371636943,0.1210193497288309,0.0544322105066716,16533.268147967177,0.5,23334.0,0.0177773119789064,0.4000000000000057,0.0307595498963577,2.1877409641709447,150.2229735,0.305937995915693,0.1499999999999994,13765.430873442165,5.326900426882462,206114.00595286887,0.002343868138515,-7834.968700000027,187898.43206912107,30573.0,0.6200000000000045,0.0831280000654747,0.4803343226957111,-612.0,0.082493579114276,0.1121289403348149,-3858.0,151299.75,28736.0,-115225.91000000016,-0.0025117448826583,-0.0096296758611182,157187.15000000037,44988.0,132019.0,-0.7299999999999898,28988.25,456842.8125
2023-07-17,456843.0,461556.0,147.2289605,92.29166666666669,148.4334108,6.3,92.1875,4.966913978890535,293926.3273314862,147.2289605,148.4334108,102.384,102.76666666666664,0.0,0.7328305374391562,1.108084039405254,547190.4773837496,0.9769209300000056,0.8815310768639483,607707.9975805457,150.2229735,1.1913448687930217,292122.8406257611,33246.12524100486,0.1228360142936302,0.0550478428432317,13812.343788127244,0.125,24082.0,0.0160842346475824,0.8187499999999943,0.0322960780703369,2.206718151462894,150.2229735,0.299573394825299,0.1349999999999998,13272.103168546932,5.243733578485033,185119.75022557288,0.0062231274043902,13539.406200000029,191100.8365291468,20493.6875,1.650000000000034,-0.0208760289223208,0.8304215300580324,9542.0,0.0399361746031576,0.1226790650290593,257548.0,77190.54999999981,26153.0,-33871.70000000112,0.0145401960751676,-0.0028569023225951,278338.3499999996,147684.0,28256.0,1.2704999999999842,91838.55999999866,456880.6875
2023-07-18,456842.8125,464668.0,147.2289605,92.1875,148.4334108,6.3,92.225,4.852984838439075,288295.4355920322,147.2289605,148.4334108,102.348,102.95333333333332,0.0,0.6630371529211629,1.0911657323263653,491425.4508207151,0.8683741600000019,0.8811986733858106,582841.0974696929,150.2229735,1.173155329362492,294031.1891375929,32895.44664662343,0.1336674640555506,0.0477861259684853,13296.310634682895,0.0,21192.0,0.0145524027763848,-0.0593750000000028,0.0313533779313386,2.226931982038835,150.2229735,0.2994264718926754,0.1200000000000001,14009.97940144834,5.065149735410762,163742.05506710816,0.0029611304771541,-0.1875,160630.84985221678,25291.6875,0.7899999999999636,0.0183231744797195,-0.0403329013760753,3112.0,0.0463191306379247,0.1084390765494785,210820.0,122259.59999999964,12042.0,-136568.72999999858,-0.0192470126491732,-0.0115447705699772,269837.3499999996,-72704.0,156609.0,-1.370500000000007,25182.090000001717,453206.9063
2023-07-19,456880.6875,459944.0,147.2289605,91.875,148.4334108,6.3,91.975,4.906691751820461,274762.2683907079,147.2289605,148.4334108,101.946,101.99333333333334,0.0,0.5998907574048644,1.0623700000946412,419713.8313582448,0.7598273899999981,0.8849527938662294,560241.5621755467,150.2229735,1.142195901541639,234328.98064829785,25488.451727897394,0.1407656934187008,0.0418465580900173,14019.77553880162,-0.875,18474.0,0.0131664596548244,-0.5125000000000028,0.0293794819259476,2.0952172981129453,150.2229735,0.3046803180975612,0.1049999999999995,15214.76711318768,5.06374468779624,143810.84866074982,0.0024291800583005,37.875,152445.4765842647,5535.125,0.6500000000000341,-0.0863102962815338,-0.4888726250545403,-4724.0,0.0349101571840486,0.1075494377627086,146030.0,107375.4500000002,7930.0,-263759.54000000097,0.0024195924115774,-0.0222572795426245,208097.94999999923,79960.0,198703.0,-3.157499999999999,67183.73999999836,459108.0
2023-07-20,453206.9063,459608.0,147.2289605,91.33333333333331,148.4334108,6.3,91.7625,4.910137311834307,265323.7905047677,147.2289605,148.4334108,101.9,100.81666666666666,0.0,0.5427583043187099,1.020692080638393,362058.9663186808,0.6512806199999943,0.8996984143841351,528565.315551577,150.2229735,1.0973863259855954,169811.12534845993,22756.980134764337,0.1444306918460243,0.0507679434479038,14917.74566445552,-1.3125,22206.0,0.0119125111162698,-0.7374999999999972,0.0290453399583503,2.126297189208987,150.2229735,0.2817402507557649,0.0899999999999998,15422.479629865064,5.020351843407588,135127.24832050805,0.0020504790664725,-3673.7812000000263,143889.3648368559,9901.906299999971,0.5499999999999545,0.00790301222836,-0.66850380362078,-336.0,0.0361335940393505,0.1082505927100202,-48820.0,132253.34999999963,-1948.0,-257662.12999999896,-0.0049623186263257,-0.0217947305018459,140582.90000000037,-21373.0,-455417.0,-1.7065000000000197,88179.08000000007,472973.5625
2023-07-21,459108.0,473706.0,147.2289605,91.5,148.4334108,6.3,91.775,4.868086487794431,260069.08599123263,147.2289605,148.4334108,101.49,100.36333333333334,0.0,0.4910670372407537,0.9644633609079516,324537.9535611632,0.5427338499999905,0.6884264093248219,486852.39904021006,150.2229735,1.036932610971684,130844.06579146348,33344.98202669155,0.1592502405728115,0.1108724353758088,15600.151932572327,0.75,47279.0,0.0107779862480539,0.3624999999999971,0.0297022486242211,2.174559786061045,150.2229735,0.3059408332301117,0.0750000000000001,16114.841135006507,4.9647800343520725,138252.59059601845,0.0023811295483295,5901.093700000027,122952.85396857318,2265.1875,0.6400000000000432,-0.0154557474723734,0.5261156062478562,14098.0,0.0995316564131219,0.1018979361374464,-106873.0,147305.0,9038.0,-111433.49000000022,0.0024635078771264,-0.0095299970207355,93073.80000000076,81106.0,-545014.0,-2.119499999999988,48524.50999999978,466662.9375
2023-07-24,472973.5625,479112.0,147.2289605,91.77083333333331,148.4334108,6.3,91.6625,4.974084840452106,245956.9171535392,147.2289605,148.4334108,101.31,101.70666666666666,0.0,0.4442987479797295,0.8909330896699713,266782.9926156168,0.4341870799999867,0.6895230402456123,428929.5532198602,150.2229735,0.9578773153215864,259134.72619227687,35060.41230986378,0.1638427925182899,0.1274735670431093,17558.32633390374,-1.0625,54169.0,0.0097515113672868,0.1656250000000056,0.0310358580182008,2.0563856898109223,150.2229735,0.3099024046461737,0.0599999999999996,18134.67226525004,5.034961453887492,150684.6978368809,0.0065696681760818,13865.5625,119606.79888555336,16092.875,1.7699999999999818,-0.0029085227294432,0.3063665008909169,5406.0,0.1166086075445824,0.1084913021755325,83731.0,69395.90000000037,19168.0,32378.269999999557,0.0021277748821955,0.0027944281834786,223501.19999999923,81086.0,125116.0,1.1880000000000166,40673.680000001565,471449.375
2023-07-25,466662.9375,472431.0,147.2289605,92.04166666666669,148.4334108,6.3,91.675,5.029902060364387,234998.7410295709,147.2289605,148.4334108,101.388,102.1,0.0,0.4019845815054736,0.7953168618123158,187171.8466076088,0.3256403100000113,0.6615854536665986,363015.7593439161,150.2229735,0.8550765363366996,299012.7046501562,25676.611137495784,0.1870711465132332,0.1161246273134912,18781.383122664385,0.25,49153.0,0.0088227959989737,-0.1218750000000028,0.029363902650707,2.0560885194942338,150.2229735,0.2979659625921607,0.0449999999999999,18532.852120918866,5.055863818122103,185036.5357066421,0.0017699767690548,-6310.625,115495.66323877891,13456.031200000029,0.4800000000000182,-0.0058654545238318,0.0509982627108343,-6681.0,0.1090621848709538,0.1055451504465907,201727.0,140280.2999999998,12823.0,73447.72999999858,0.0057588456661448,0.0063511049660145,265293.69999999925,173368.0,143922.0,-0.2349999999999852,178902.99000000022,471102.8438
2023-07-26,471449.375,475188.0,147.2289605,91.83333333333331,148.4334108,6.3,91.75,5.06357882592262,219839.03546544665,147.2289605,148.4334108,101.772,102.46333333333332,0.0,0.3637003356478203,0.6681998172524376,155912.3731273256,0.2170935400000075,0.6510603067531856,332510.7369484795,150.2229735,0.7184079864910904,349321.06611204706,25725.64817201998,0.1957421816117505,0.0913751168457728,19459.0811597696,-0.875,39785.0,0.0079825297133577,-0.265625,0.0300119180902163,2.065576190799071,150.2229735,0.2551823915924012,0.0299999999999993,18351.471582168037,4.954602219948926,217561.2520443678,0.0026870835940662,4786.4375,132508.66929253694,12341.375,0.7299999999999613,0.0240487094778185,-0.1235015718330601,2757.0,0.1150349128844558,0.1081556843717004,314000.0,107008.2000000002,1482.0,158320.34999999963,-0.0055330389448671,0.0136701237641327,326070.25,192097.0,203817.0,-0.8455000000000013,51490.93999999948,450210.5938
2023-07-27,451857.0,471103.0,147.2289605,91.39583333333331,148.4334108,6.3,91.7,5.0394810718664935,208956.2641791626,147.2289605,148.4334108,101.864,101.74,0.0,0.3290622084432755,0.4854359129158874,174443.7275839817,0.1085467699999753,0.5720587675718901,327618.294143681,150.2229735,0.5219113022243697,439039.393148996,19579.634060399025,0.2031930972596783,0.0408217822219669,19124.743776731124,-1.3125,18477.0,0.0072222887882764,-1.171875,0.0289088094466645,1.970519301043624,150.2229735,0.2616200658832449,0.0149999999999996,17324.767938149453,4.879623691274717,250409.8899493552,0.0022026431718062,-19592.375,166906.8040455283,-1870.7187000000267,0.6000000000000227,-0.0281267853173039,-0.903406184039426,-4085.0,0.0916501348478699,0.1085767457018423,294365.0,144483.65000000037,-8009.0,253345.99000000025,0.0006889529389985,0.0218042641579314,435750.5,377006.0,248720.0,-1.0009999999999906,63820.59999999963,457787.75
2023-07-28,457787.75,460997.0,147.2289605,91.54166666666669,148.4334108,6.3,91.7,4.959945325464364,205593.81574768608,147.2289605,148.4334108,101.864,101.15666666666668,0.0,0.2977229504963077,0.0,268726.27154913533,0.0,0.5737543716178624,319101.1018008142,150.2229735,0.0,356917.1652300451,8571.383197503863,0.199781435523652,0.0198732782612927,18075.890127882594,0.0625,8983.0,0.0065344517608219,0.2999999999999971,0.0290875139153228,1.7861349038448342,150.2229735,0.2765813873418739,0.0,16973.51853839822,4.807899065192764,279430.8755061471,0.0023076923076923,5930.75,184284.85186482387,-16452.343700000027,0.6299999999999955,-0.0205440870321745,0.5397753572976569,-10106.0,-0.0025146335630584,0.1064637189155748,178460.0,103998.2999999998,-11434.0,572633.790000001,-0.0047575152427512,0.0492037673223506,364147.9000000004,832759.0,177108.0,-2.13600000000001,30455.109999999404,457137.7813
2023-07-31,457137.7813,462477.0,147.2289605,91.79166666666669,148.4334108,6.3,91.7625,4.991602922595042,212619.43334942404,147.2289605,148.4334108,101.61,101.43666666666668,0.0,0.2693683837823926,0.0,389995.7608264676,0.0,0.5681007717345091,368726.0103386415,150.2229735,0.0,578535.6733033732,9094.1086072654,0.2183992444267871,0.0019954241738813,17676.12551967865,-0.25,921.0,0.0059121230216963,0.4312500000000057,0.0271118721461187,1.6102313498364085,150.2229735,0.2787036480173752,0.0,16967.745999082217,4.834392576009587,311309.4935545544,0.0060300405657274,-649.9687000000267,230895.4547192212,-13661.625,1.6499999999999773,-0.0086523621796528,0.601463418507393,1480.0,0.0326699450716774,0.1085680668315055,373898.0,278876.5999999996,-12711.0,1092989.3599999994,0.0072158945577452,0.0931011387183358,607338.75,1133841.0,430858.0,-0.0315000000000083,121451.75,457137.7813
2023-08-01,453024.375,459532.0,147.13137838,91.47916666666669,148.4334108,6.3,91.3625,5.0505069052539335,212413.16615672564,147.2289605,148.4334108,101.68,101.79333333333334,1.3882627000000127,1.499761456755493,0.310424976782543,455180.0895230218,1.318849565000022,0.7415851953598556,412267.1686784531,150.2229735,0.3843945303308296,482582.5139411483,5563.479216097272,0.208638350038649,-0.0110530529324162,17629.258950292315,-1.9375,-5136.0,5.524396682733916,-2.034374999999997,0.030578424035069,1.5380653432139988,150.2229735,0.2814498586116045,5.795000000000001,16949.014896329565,4.869887359556331,337538.0434592482,0.0031240918337693,-4113.406299999973,258068.5121392933,-13965.0625,0.8600000000000136,0.0001112599169489,-1.7742711927790251,-2945.0,0.0006456680326998,0.109476818244264,192810.0,239475.9000000004,-11571.0,947331.620000001,-0.001614531612046,0.0797924358140049,524661.0999999996,742003.0,351005.0,0.2335000000000064,21326.080000000075,445226.2188
2023-08-02,453024.375,459532.0,147.03379626,91.41666666666669,149.8216735,6.3,91.45,5.121747645812562,203729.15613045468,147.2289605,148.4334108,102.058,102.78666666666668,1.3882627000000127,1.3569270323025933,0.4272982431620665,534328.4645377283,1.2494364300000314,0.7404823730110479,447169.6824001387,150.2229735,0.5291169196303659,447982.4649943728,5033.624052659434,0.1390260311259993,-0.0008957612231054,17664.504051961623,0.8125,-412.0,4.998263665330685,0.21875,0.0317042829216276,1.477039713679181,151.9420381,0.2799340449071462,5.490000000000001,16766.555609709725,4.964186369972385,350268.1184163151,0.0043456217860504,0.0,281426.1999900491,6927.1875,1.1999999999999886,0.0004602064995459,0.4304213017713607,0.0,0.0005627154025851,0.1125990177077145,249918.0,155751.0499999998,-1465.0,647477.6899999995,0.0039893623621928,0.0530256928808752,502450.25,490419.0,280134.0,1.166000000000011,-30198.320000000294,453024.4063
2023-08-03,440737.7813,452930.0,146.93621414,91.25,149.8216735,12.4,91.675,5.165873111103151,188691.2227516744,146.7410499,149.8216735,101.744,101.96333333333332,1.3882627000000127,1.2276958863689913,0.5085866368640624,599277.9874734033,1.1800232950000122,0.7323232115585572,472012.0521555109,151.9420381,0.6297751019786673,464933.1349949092,-1419.0068094985909,0.1652936704480349,-0.0145297731980296,17481.194870203075,0.875,-6678.0,4.52223855434681,0.0531249999999943,0.034332173542569,1.480674099682212,151.9420381,0.27964164662284,5.185,15216.534316244542,5.034766497489348,350984.669828683,0.0033893416023653,-12286.593700000029,302884.6673275902,-12561.531200000029,0.9399999999999976,0.0044018384059218,0.2197859396978998,-6602.0,-0.0176093686770015,0.1136421583609965,33292.0,195200.5499999998,-9547.0,87754.45000000112,0.0005496588696525,0.0068382954485275,528422.8499999996,151536.0,260587.0,-2.132000000000005,8968.620000001043,451570.5
2023-08-04,451570.4688,458361.0,146.83863202000003,92.16666666666669,149.8216735,12.4,91.7375,5.199026705473786,156744.94140971592,146.7410499,149.8216735,100.574,99.31333333333332,1.3882627000000127,1.110772468619558,0.5697309908828637,658476.6457788016,1.1106101600000216,0.7461524114119479,520201.8924744331,151.9420381,0.7054892261740078,294485.64594777673,3629.898600929824,0.1165106793485647,-0.0323935098985446,15806.01653071965,0.3125,-15345.0,4.091549168218542,0.6875,0.0341898492248884,2.20689803737385,151.9420381,0.2564226293848998,4.88,13884.490889051824,5.084740302847291,346416.9629826022,0.0037372430645394,10832.6875,304061.01155842893,-4113.375,1.0400000000000205,0.0119213527924855,0.8208777549647692,5431.0,-0.0132508989170304,0.10852063407479,-61002.0,259984.7999999998,-1171.0,250809.69999999923,-0.0044202758817659,0.0195642740393364,352822.1500000004,385165.0,274989.0,-7.021000000000015,-48795.800000000745,452400.875
2023-08-07,452400.875,455411.0,146.7410499,92.39583333333331,149.8216735,12.4,91.8125,5.590427415165159,159906.38777940918,146.7410499,149.8216735,100.678,99.13666666666666,1.3882627000000127,1.0049846144653145,0.616751889284828,671830.758965519,1.0411970250000024,0.7172395456140895,550101.0921518209,151.9420381,0.7637144899536775,384200.4891908467,615.1463532221969,0.0915865846161469,-0.0494686002437843,14418.859290198665,0.6875,-23701.0,3.7018778188643946,0.8937499999999972,0.0382600133628723,2.04555866773702,151.9420381,0.2617032658609482,4.575,11862.654773251905,5.39207398337012,327033.3121207317,0.0137118716883859,830.4062000000267,311414.09583037737,-5567.281299999973,3.829999999999984,0.0141717639404615,0.9123417783014672,-2950.0,-0.0452521328821629,0.1238549750936431,56599.0,236950.6500000004,-4121.0,12065.02999999933,0.0102015131204491,0.0009383200186416,441973.94999999925,-1407.0,329707.0,1.404500000000013,-200553.08999999985,466194.1875
2023-08-08,466194.1875,474376.0,146.7410499,92.27083333333331,149.8216735,12.4,92.15,5.929444724159461,165959.0208248892,146.7410499,149.8216735,99.808,98.56666666666668,1.3882627000000127,0.909271794040052,0.6527088478707814,682939.9199655185,0.9717838900000118,0.7187213953140528,571120.0245419355,151.9420381,0.8082394452296049,458560.01402981393,17715.37051005813,0.1067879307528555,0.0041170033295867,12339.896553166269,-0.3125,1945.0,3.349318026591595,-0.3531250000000057,0.0417003337431933,2.169155547550677,151.9420381,0.2633183799925771,4.270000000000001,9836.086175781673,5.6925302856167335,311434.7474622401,0.0036729648596152,13793.3125,324820.39981996105,7174.656200000027,1.0400000000000205,0.0223983456667288,-0.3055002958224833,18965.0,-0.0305618067215804,0.117746791583485,113337.0,235293.0,21446.0,-99706.3200000003,-0.0013049988834739,-0.0077168786984753,519359.8499999996,-110693.0,251731.0,-3.1059999999999945,76838.6400000006,470432.8125
2023-08-09,461280.8125,475260.0,146.7410499,92.3125,149.8216735,12.4,92.275,6.210389660630259,162854.1324108481,146.7410499,149.8216735,98.342,99.06666666666666,1.3882627000000127,0.8226744803219503,0.6793609080816793,683148.6056140219,0.9023707550000212,0.7287561501071684,584891.5787295236,151.9420381,0.8412422862809257,472168.107931735,16828.001890052576,0.0955757329799183,0.0001515189777518,10176.124731250473,1.0625,72.0,3.030335357392396,0.8250000000000028,0.044249649368864,2.458796185983453,151.9420381,0.2623666900841943,3.9650000000000016,8184.207514096142,5.955395850560638,291463.8664336721,0.003483584925578,-4913.375,327429.4384211054,13169.781200000029,0.9900000000000092,0.0713629184952922,0.7979997323510872,884.0,-0.0111468755261368,0.1155300935645633,316096.0,183795.6500000004,16899.0,-257168.27999999933,-0.0027147520107126,-0.0196753379062775,528601.3000000007,-206573.0,230170.0,-4.929500000000019,35392.6400000006,470380.5
2023-08-10,470380.5,472597.0,146.7410499,92.02083333333331,149.8216735,12.4,92.275,6.436167133352184,164225.62746175053,146.7410499,149.8216735,98.062,97.60333333333334,1.3882627000000127,0.7443245298150885,0.6977751091567309,685598.2996994175,0.832957620000002,0.7272523429992978,592680.8562722089,151.9420381,0.864044311578697,443525.24050966464,12815.954090999963,0.1117577080593529,0.0031712810149797,8833.49758008279,1.125,1494.0,2.7417319900216928,0.0218749999999943,0.0455213435969208,2.52140076983044,151.9420381,0.266300099661318,3.66,8619.025457392285,6.18802364079039,273947.76639417454,0.0035416228347009,9099.6875,329266.1269442169,18862.3125,1.009999999999991,-0.0315180326794002,-0.0131192897775918,-2663.0,-0.0014222612086044,0.1111005107608755,203983.0,249726.5499999998,17186.0,-70160.3599999994,-0.0046344813721442,-0.0054513876808317,495653.9000000004,-40964.0,259362.0,-2.3825000000000074,143232.73999999836,480298.6563
2023-08-11,480252.625,480915.0,146.7410499,92.3125,149.8216735,12.4,92.2375,6.617681956222037,176352.4050720012,146.7410499,149.8216735,98.862,97.73666666666666,1.3882627000000127,0.6734364793564964,0.708593973073561,685140.8084139582,0.7635444849999828,0.7329756404389688,597408.4030971904,151.9420381,0.8774411463215613,402868.97950874455,19121.19655852375,0.133467981347634,0.0432063549220493,9078.159459038152,0.125,19918.0,2.480614657638675,0.5125000000000028,0.0468995358900095,2.5412675556639037,151.9420381,0.2629654408341765,3.3550000000000004,9317.48031121571,6.397190892557726,257204.60456147467,0.0038436004053252,9872.125,325550.7093197145,17979.625,1.1000000000000227,0.0138042770893514,0.4405111187726476,8318.0,0.0448010475048044,0.1054312507731506,83105.0,345537.4500000002,6539.0,-13309.610000001268,-0.007166741650543,-0.0010381227583545,447813.6500000004,209855.0,409534.0,-2.097500000000011,96263.84000000171,496114.5625
2023-08-14,496114.5625,513204.0,146.7410499,92.66666666666669,149.8216735,12.4,92.4375,17.644810061468174,168673.10321802192,146.7410499,149.8216735,98.952,100.15333333333332,1.3882627000000127,0.6092996717987376,0.7121637386037177,750604.4173350763,0.6941313499999922,0.831162193623182,604584.150001447,151.9420381,0.8818615327175435,715791.5052698161,46513.987362473854,0.1122762498366303,0.1096854546280139,9440.925098806834,1.375,50727.0,2.244365642625469,1.8312499999999967,0.2718116143373159,2.45833464168787,151.9420381,0.2572882597745568,3.0500000000000007,12370.286700951843,18.29013667901032,269508.18839363905,0.2182115632287931,15861.9375,361297.21381844673,14104.468799999971,62.69,-0.0177144137867958,1.642605297937152,32289.0,0.0491732386897638,0.2439941526023291,408064.0,200989.4000000004,37944.0,158554.0,0.1426818751818605,0.0123740559116434,774488.3000000007,1076555.0,93363.0,2.7124999999999915,305087.7899999991,527243.1875
2023-08-15,526983.9375,528172.0,146.7410499,99.33333333333331,149.8216735,12.4,96.5125,23.32534566224445,165056.72848602835,146.7410499,149.8216735,100.564,102.73666666666668,0.0,0.5512711316274306,0.7085939730736054,746878.7781885468,0.6247182150000015,4.536973472423771,587016.0673215409,151.9420381,0.8774411463215185,564334.8381012622,55626.55999461922,0.1137792158989003,0.1493693583907105,12208.73806135821,22.0625,68640.0,2.0306165338039968,18.950000000000003,0.2678701110073658,2.75368079027565,151.9420381,0.2608119786708316,2.744999999999999,19105.975571187104,24.35340544110795,283540.886628494,8.571918395339218e-05,30869.375,377275.004879188,25681.75,0.0299999999999727,-0.0114507617871237,17.88497622194315,14968.0,0.0852626555809028,0.1554338062151515,297967.0,210878.25,55575.0,-152937.90000000037,-0.0908953263137783,-0.0119482517999628,627086.5500000007,563122.0,141918.0,5.400000000000006,104142.6400000006,563124.6875
2023-08-16,559931.625,566158.0,146.7410499,106.16666666666669,149.8216735,12.4,100.55,27.24631807090792,153610.765954108,146.7410499,149.8216735,103.76,107.23,0.0,0.4987691190914631,0.6977751091568207,727965.6912621082,0.5553050800000108,6.336665573636398,554811.9479348897,151.9420381,0.8640443115786085,384002.5201868564,84697.07809036976,0.1004872963546324,0.2320317192273879,18749.21510784188,20.8125,106626.0,1.8372244829655209,18.86875000000001,0.2639611396286216,3.7039141458727416,151.9420381,0.161890786557983,2.4400000000000013,28433.53704436554,28.567702867141843,289928.0753852553,-2.8570612268241646e-05,32947.6875,371793.2903074562,56862.6875,-0.0099999999999909,0.0159042635972707,17.086407057948563,37986.0,0.1533572788506685,0.135544464074978,156305.0,87068.79999999981,85243.0,-401856.63999999873,-0.0201320877112116,-0.0313765808375396,437070.5500000008,267629.0,96735.0,10.596999999999994,-11580.640000000596,582323.0
2023-08-17,578097.625,578520.0,146.7410499,112.25,149.8216735,12.4,104.575,30.111636428814137,145041.47698625724,146.7410499,149.8216735,107.532,111.90333333333336,0.0,0.4512672982255878,0.6793609080818176,690563.3655738478,0.4858919450000201,7.453719598647825,516066.22404442925,151.9420381,0.8412422862807887,436344.51826429926,87815.35636747739,0.1037269751927986,0.27728346543616,28319.935005062485,20.125,125590.0,1.6622507226830905,16.943749999999994,0.2581951738578245,5.1272075861598445,151.9420381,0.1302715539617682,2.135,36962.3480222794,31.61071044340645,295261.3417764837,-5.714285714275569e-05,18166.0,360777.085926305,82826.03120000003,-0.0199999999999818,-0.0301458277965109,14.667463528620118,12362.0,0.2648057632764014,0.1109774987346284,-133691.0,108017.40000000036,65316.0,-642607.3000000007,-0.0252718518607636,-0.0495381197892104,477992.75,-626595.0,106321.0,15.069500000000003,15037.699999999257,584293.1875
2023-08-18,584393.1875,585253.0,146.7410499,112.08333333333331,149.8216735,12.4,108.375,32.22438592775802,137293.69728925012,146.7410499,149.8216735,110.828,114.84333333333332,0.0,0.4082894602993292,0.6527088478709734,636803.9067547637,0.416478810000001,8.258134944596241,472424.0756828351,151.9420381,0.8082394452294143,287621.56414388865,85543.7509991462,0.124529731862515,0.2768385617450002,37338.69131818378,18.8125,126892.0,1.5039411300466057,15.362499999999995,0.254517453798768,5.842972927506594,151.9420381,0.1067301082030326,1.83,43859.636786601055,33.86933754965806,298633.2779889132,0.000114292245271,6295.5625,329661.44850653503,86208.4375,0.0399999999999636,-0.0341149394994466,12.705086049703908,6733.0,0.2854119820078225,0.1050168441769276,-160085.0,99017.25,57081.0,-304476.6699999999,-0.0060945878527177,-0.0240748491260271,306857.5999999996,-264308.0,62934.0,12.048000000000002,36107.79000000097,593946.9375
2023-08-22,593946.9375,594874.0,146.7410499,111.75,149.8216735,12.4,112.0,33.785160725726875,118718.69844032706,146.7410499,149.8216735,115.458,119.65000000000002,0.0,0.3694047497946258,0.6167518892850801,578932.9928144881,0.3470656750000103,8.9210829851702,427314.2062254404,151.9420381,0.7637144899534265,379475.74851113744,86101.4413801799,0.1032856167743454,0.3062354664248339,44195.51406209051,19.125,139463.0,1.3607086414707386,14.871875000000005,0.2431160033869601,7.857029353588658,151.9420381,0.1031887093574888,1.5250000000000004,50325.43689741848,35.58537684218123,304455.9526228781,-2.8569796011623797e-05,9553.75,312422.7948486775,57050.0,-0.0099999999999909,-0.0166929577571966,11.947458806874977,9621.0,0.2939135472755638,0.0929109649375125,111625.0,-23485.0,28716.0,-133061.11000000127,-0.011759815258118,-0.0107258234526084,387156.9000000004,-27863.0,-45042.0,22.325500000000005,90301.65000000036,615499.3125
2023-08-23,615499.3125,616246.0,146.7410499,111.97916666666669,149.8216735,12.4,112.1625,34.83202583754512,107733.1966988087,146.7410499,149.8216735,118.162,120.45333333333332,0.0,0.3342233450522656,0.5697309908831859,506216.782445419,0.2776525400000196,9.485161433405707,373961.5954233748,151.9420381,0.7054892261736811,293633.9153196011,97237.87553444842,0.1250951051480644,0.2990665632325413,50348.37382399487,21.1875,141870.0,1.2311173422830493,14.640625,0.2380615135572643,8.575072364279348,151.9420381,0.0931903049087752,1.2199999999999989,57407.4275628964,36.75525873939743,321279.3533248285,-8.571183680461392e-05,21552.375,289963.36318443343,30822.25,-0.0299999999999727,-0.006365747184133,11.544724634791637,21372.0,0.3128775170914513,0.0928560833631894,-41581.0,-7875.0,37726.0,4413.210000000894,-5.788337990615677e-05,0.0003579429015825,287038.5,16257.0,-36811.0,14.726499999999987,67780.6099999994,613509.0625
2023-08-24,613509.0625,623585.0,146.7410499,112.35416666666669,149.8216735,12.4,112.0875,35.434275389352415,93068.41062202536,146.7410499,149.8216735,119.428,121.56333333333332,0.0,0.3023925502853615,0.5085866368644747,416294.25333836966,0.2082394050000005,9.88156583436146,326544.981650255,151.9420381,0.6297751019782396,181868.8281463049,94617.1731025962,0.129648645431926,0.3120923284097125,57359.66121880096,19.8125,148325.0,1.113868071589426,13.409374999999995,0.2335303203277148,9.028979717378803,151.9420381,0.0934589407333734,0.9150000000000008,62737.50839393152,37.45911609938791,341367.1550890174,0.0,-1990.25,264437.7327172476,33176.3125,0.0,-0.0028514672833113,10.275584193382912,7339.0,0.3202638063778948,0.0856318887597498,-15755.0,-14957.349999999627,38332.0,-72896.52999999933,-0.0071314786533235,-0.0059060877893298,158217.09999999963,198536.0,-2723.0,12.512999999999993,92036.9299999997,631166.0625
2023-08-25,631166.0625,631380.0,146.7410499,112.39583333333331,149.8216735,12.4,112.0875,35.618798152691134,84592.26999041277,146.7410499,149.8216735,120.282,119.94333333333331,0.0,0.2735932597819897,0.4272982431626139,330532.0114267509,0.1388262700000098,10.078035877819117,291466.1924304555,151.9420381,0.5291169196297835,119830.1302276086,92658.6328071109,0.203201313196003,0.33597970363756,62544.5517328068,20.125,158783.0,1.0077853981047191,11.846874999999995,0.2282052140155952,9.616153897971335,151.9420381,0.0829959930498445,0.6099999999999994,67634.18992699326,37.69454113766348,360887.84224061656,0.0,17657.0,245074.60635414408,29215.875,0.0,0.0014992260513261,8.844576174965482,7795.0,0.3041374797809197,0.08850399839905,-196979.0,72890.84999999963,36506.0,-38316.13999999873,0.0023643456545408,-0.003122083980672,81859.59999999963,-20000.0,7114.0,14.735,48470.76999999955,665523.9375
2023-08-28,665523.9375,666558.0,146.7410499,112.64583333333331,149.8216735,12.4,112.5,35.40427872967436,88590.19213116175,146.7410499,149.8216735,122.324,121.78000000000002,0.0,0.2475367588503729,0.3104249767833682,297663.87192567514,0.0694131349999906,10.31437183968915,283287.60591428954,151.9420381,0.384394530329927,220012.87972974216,115661.71539690986,0.2101807607745603,0.3860203986151398,67208.67057387337,21.0625,185643.0,0.9118058363804612,12.224999999999994,0.2232925569147694,10.317149290074257,151.9420381,0.0868935955644801,0.3049999999999997,74450.57388563073,37.51603618875333,382292.2010683861,2.8573061317871407e-05,34357.875,218484.36826188915,37219.125,0.0099999999999909,-0.0020352451254659,9.302830824968764,35178.0,0.3418202125725875,0.0835976630712715,-18704.0,-245539.0499999998,50312.0,79.61999999918044,-0.0046912787084087,6.455440894725939e-06,169874.40000000037,65614.0,-437876.0,17.143,96143.30000000076,683587.6875
2023-08-29,683587.6875,690782.0,146.7410499,112.375,149.8216735,12.4,112.4625,34.86130964641478,110826.07314230772,146.7410499,149.8216735,122.058,124.03333333333336,0.0,0.2239618294360355,0.0,298812.8007977444,0.0,10.34742441494648,285222.48366017285,151.9420381,0.0,130890.89118405244,126563.26631148986,0.1558731318903056,0.3460183474797547,73876.67507720567,17.9375,177578.0,0.8249671852966074,9.509375000000006,0.0022393358457588,10.889354664074236,151.9420381,0.0844223043126715,0.0,80916.27289522273,36.96859242725769,412262.76512106153,-2.857224492125443e-05,18063.75,210917.34787203532,50024.625,-0.0099999999999909,0.0079001734097288,6.833513603543167,24224.0,0.3856460532846175,0.0886951730544604,-1427.0,-283570.4000000004,67197.0,104472.36999999918,0.0047117649742174,0.0085146553821986,77096.25,155604.0,-371476.0,15.883499999999998,124842.27999999931,675841.0
2023-08-30,675841.0,689924.0,146.7410499,112.35416666666669,149.8216735,12.4,112.3125,33.94225487578409,124056.29763321168,146.7410499,149.8216735,122.58,124.28333333333336,0.0,0.2026321313944947,0.0,317682.6984431623,0.0,10.136374276357351,281923.713306973,151.9420381,0.0,130329.04440461844,113733.33618658606,0.1240424422885994,0.3062487220072249,80200.20123553422,0.0625,161752.0,0.7463988819350256,8.653125000000003,0.0012546709216376,11.144087067990029,151.9420381,0.0865307877282451,0.0,84459.24209531782,36.05275247175365,436851.3243097478,0.0,-7746.6875,197986.5082425331,70078.625,0.0,-0.0002197381847018,6.408893260348577,-858.0,0.3778827294552556,0.0865440789546625,61155.0,-237635.4000000004,58544.0,465292.2400000002,-0.002083546357411,0.0380317810338313,69903.5,645601.0,-371558.0,12.111499999999992,30886.870000001043,653602.875
2023-08-31,653602.875,678566.0,146.7410499,112.02083333333331,149.8216735,12.4,112.3,32.658157597017606,133489.43191636793,146.7410499,149.8216735,123.068,122.80333333333331,0.0,0.1833338331664435,0.0,408591.3840839745,0.0,9.971717302972396,341993.69533117086,151.9420381,0.0,222226.754461322,92625.30416881596,0.2061153474079489,0.1985452824123301,83831.26000036755,-0.4375,112408.0,0.6753132741316907,8.134375000000006,-0.0007086592711711,11.260795276673532,151.9420381,0.0845637952508088,0.0,84867.89534790024,34.725119904306865,465735.2306633147,0.000114292245271,-22238.125,186485.02839374385,44674.9375,0.0399999999999636,-0.0024406454109204,6.250903426029666,-11358.0,0.2818392271782555,0.0947639808273865,53103.0,220103.9000000004,12008.0,1166499.5,0.0075937023386934,0.0945769902681517,159707.05000000077,1063157.0,206299.0,9.700500000000003,168305.29999999888,634999.25
2023-09-01,635243.6875,664109.0,146.63377162,112.5,149.8216735,12.4,112.525,30.95775547334513,141400.66403751174,146.7410499,149.8216735,123.804,122.85333333333332,-0.291374200000007,-0.0977508080875111,0.0651532518121119,447585.8611312647,-0.2768054899999868,9.706364802588324,399766.9326352452,151.9420381,0.7848139312654964,157193.1111792922,70723.70377178583,0.1770629803173251,0.1479447555832123,83584.95986155416,1.125,85589.0,0.8824262956429578,7.759375000000006,0.0012822261628699,11.358970487078068,151.9420381,0.094019070269753,0.2849999999999983,82180.94841705021,32.987600924239885,489019.18403746415,-5.713959202324759e-05,-18359.1875,175406.45019036933,-11921.0625,-0.0199999999999818,-0.0095974940441325,6.277603099741128,-14457.0,0.1606716762883886,0.0957267389484076,79960.0,205149.4000000004,-26673.0,1223465.5200000014,0.001282715447854,0.098872416597928,91452.5,702041.0,165649.0,12.899999999999991,53072.800000000745,633243.3125
2023-09-04,633243.3125,641501.0,146.52649334,112.60416666666669,149.5302993,12.4,112.2875,28.796044885586227,143475.38456549833,146.7410499,149.8216735,124.614,125.17,-0.291374200000007,-0.0884412073172882,0.0896830864690934,475371.58559625456,-0.2622367799999949,9.33062744688888,417007.0769818217,151.9420381,1.0802919839591587,294866.52916221693,43533.25579352048,0.1725959435660587,0.0961088623210817,81608.90276143837,0.875,56248.0,0.798385696057915,5.900000000000006,0.0012003164470633,11.144714631183732,148.4322435,0.0906830591702944,0.2699999999999996,78987.83025888521,30.751503767254057,490944.330742629,8.571428571424455e-05,-2000.375,150606.34242535863,-48588.4375,0.0299999999999727,-0.004605096161451,4.888069471194356,-22608.0,0.0904588175291032,0.1077264387354286,235515.0,104449.2999999998,-48423.0,629048.1899999995,0.0122449509610801,0.0495329417176273,224988.9000000004,269568.0,63368.0,15.182999999999993,-112889.40000000036,598133.375
2023-09-05,598013.0625,633243.0,146.41921506,112.375,149.5302993,12.7,112.3,26.38654679148097,147414.54583590807,146.2046585,149.5302993,124.944,127.16,-0.291374200000007,-0.0800182351918294,0.1067442238774902,477223.2843391079,-0.2476680700000031,8.826698621377993,437481.6718176264,148.4322435,1.285804647562338,237413.62162295915,31915.707622708986,0.163452913984742,0.0644993729764622,78291.60662654598,-0.125,38369.0,0.7223489631000195,4.450000000000003,-5.449145846381232e-05,11.15656950670272,148.4322435,0.1061778185274873,0.254999999999999,73739.7505004845,28.15634468557142,465667.7858814784,-0.0001142759192068,-35230.25,132196.53290263898,-42597.6875,-0.0399999999999636,0.0019634752764818,3.970158092985372,-8258.0,0.0837766485168887,0.1133533953170565,87763.0,145510.2999999998,-45323.0,-200350.6199999992,0.005782006102684,-0.0148403898126572,165482.25,-416995.0,221522.0,11.467,-9253.769999999551,584655.0625
2023-09-06,583982.625,607515.0,146.31193678,112.4375,149.5302993,12.7,112.575,23.36665200778027,148726.17321558343,146.2046585,149.5302993,125.622,127.31333333333332,-0.291374200000007,-0.0723974508878484,0.1195774486240924,480352.2050247634,-0.2330993600000113,8.088401250320663,483664.8802136129,148.4322435,1.440389311945864,91803.13384934328,5598.402134831878,0.1608401579175865,-0.0141680432814168,72908.05059230867,0.625,-8731.0,0.6535538237571608,4.921875,-0.00027239791888,10.616213816114843,148.4322435,0.1130627186305839,0.2399999999999984,68600.76319420054,24.91855535645492,430576.2205836773,2.8572244921365453e-05,-14030.4375,118105.91062199006,-55469.5,0.0099999999999909,-0.0107741664803495,5.005738274605804,-25728.0,0.007048504227703,0.1408879949148826,303.0,84711.75,-56594.0,35500.41000000015,0.0269207420152766,0.002610775397096,15419.400000000373,15543.0,139502.0,9.048000000000002,-88267.83000000007,548015.125
2023-09-07,548015.125,584655.0,146.2046585,112.70833333333331,149.5302993,12.7,112.7,19.470473191883723,153826.16849747888,146.2046585,149.5302993,126.492,125.93333333333334,-0.291374200000007,-0.0655024555651948,0.129446385284959,475871.457532936,-0.2185306500000194,7.245701850925468,518609.0704891517,148.4322435,1.559267169355953,229818.6925303582,-15617.63616372354,0.1501460936821646,-0.0624293400258184,67627.82539145033,0.5625,-38930.0,0.5913106024469563,3.653125000000003,-0.0010071589950186,9.583601729269478,148.4322435,0.1418582041776702,0.2249999999999996,62722.63002079423,20.77383764561557,381122.34287520056,-2.8571428571377844e-05,-35967.5,114217.7370700226,-50344.1875,-0.0099999999999909,4.941594505081248e-05,4.302810819881444,-22860.0,-0.0501125661289832,0.1642548141489447,-6202.0,173591.75,-56846.0,257406.9299999997,0.0234523650045067,0.019312316251381,158565.69999999923,95208.0,235743.0,7.013000000000019,-133850.1400000006,532550.375
2023-09-08,532550.375,565737.0,146.2046585,113.5,149.5302993,12.7,112.9,14.021214556223548,155486.18285278764,146.2046585,149.5302993,126.77,125.89666666666666,-0.291374200000007,-0.059264126463745,0.13699317743191,452851.9287209204,-0.2039619399999992,6.0154773990782,538619.7349896703,148.4322435,1.6501732630494452,198634.76943222992,-31246.527957654675,0.1417013589261367,-0.1039674997624251,62571.59161532288,2.125,-65643.0,0.5349953069758175,3.6031250000000057,2.724795640318689e-05,8.555571345773767,148.4322435,0.172630850940221,0.209999999999999,57754.88837144234,14.959492462544416,333964.14378764795,-2.857224492125443e-05,-15464.75,108037.17826048992,-85228.1875,-0.0099999999999909,-0.005530559457534,4.854328837035595,-18918.0,-0.1067530074178814,0.2749325524774566,15985.0,101420.15000000036,-67506.0,138376.91000000015,0.1094243511072981,0.0104042708195206,130645.94999999924,83137.0,66058.0,7.112999999999985,-62052.87999999896,514119.9063
2023-09-11,514073.7813,541899.0,146.2046585,113.39583333333331,149.5302993,12.7,113.05,0.0163514066711766,153423.81454052284,146.2046585,149.5302993,122.218,119.49666666666668,-0.291374200000007,-0.0536199239433869,0.1425870198092865,433296.429147037,-0.1893932300000074,4.24943276981017,542363.3489094346,148.4322435,1.7175547874590955,289756.1247243993,-49838.38243787794,0.1422844328391214,-0.1870189840944074,57567.603059886605,-0.4375,-124659.0,0.484043372978121,1.4468750000000057,-0.0007629427792914,7.664485700464521,148.4322435,0.2713468320284389,0.1950000000000002,54645.90879986386,0.2663056219724881,285991.9532629275,0.0,-18476.593700000027,108969.56355570296,-65583.0,0.0,-0.0006008617105651,3.374154662079832,-23838.0,-0.1562436470512861,0.2407314626339263,273554.0,109678.7999999998,-65616.0,-527339.1500000004,-0.0934269732937077,-0.0386806523291647,228629.6500000004,-187889.0,391863.0,-13.416000000000013,-3167.2400000002235,538084.5
2023-09-12,538084.5,539661.0,146.2046585,113.39583333333331,149.5302993,12.7,113.3125,0.0163514066711766,157332.82611706655,146.2046585,149.5302993,113.392,105.32666666666668,-0.291374200000007,-0.0485132645202099,0.1464518669356994,453044.3082748926,-0.1748245199999871,0.7172395456153601,542322.789343795,148.4322435,1.7641094226131613,440148.68427445553,-47116.72696760378,0.1398384786119377,-0.2187680049567012,54436.06830299149,1.375,-151121.0,0.4379440041230626,0.5437500000000028,-0.0007356948228882,10.783635311262591,148.4322435,0.2245085673400354,0.1799999999999997,51305.2932809934,0.211781913843034,263878.59457038896,0.0,24010.718700000027,141757.79827785902,-70535.15620000003,0.0,-0.0034731902280347,3.1093542180722267,-2238.0,-0.2274959962653484,0.2407314626339262,308071.0,152714.25,-44994.0,-617161.7300000004,0.0036878894481636,-0.0454261411143323,411292.5999999996,78120.0,492907.0,-36.273,12596.060000000522,553410.125
2023-09-13,553410.125,555404.0,146.2046585,112.72916666666669,149.5302993,12.7,113.075,0.0161815383797506,159620.69939452157,146.2046585,149.5302993,106.032,92.75,-0.291374200000007,-0.0438929536135219,0.1487225739269729,466348.26030415326,-0.1602558100000237,0.7075427734920661,540651.2529573586,148.4322435,1.7914615874112132,212267.71434355527,-28385.752970689093,0.1381648139275963,-0.1949779975765446,51064.05904019523,0.1875,-134520.0,0.3962350513494375,-0.40625,-0.0010079272113104,12.422672777923529,148.4322435,0.2179792093102598,0.1649999999999991,49687.71382315624,0.2062005923710666,247387.3545651634,0.0,15325.625,148907.13496144372,-9930.625,0.0,0.0027102997354427,1.9650109592082003,15743.0,-0.2128522648383716,0.2466629262384371,112809.0,131988.59999999963,-10333.0,-539015.0300000012,0.0035092810149053,-0.040110097883546,197368.75,265797.0,441211.0,-29.119,-28738.070000000294,571753.3125
2023-09-14,571753.3125,573118.0,146.2046585,112.60416666666669,149.5302993,12.7,112.9875,0.0163111222989161,162464.0367723733,146.2046585,149.5302993,97.71,85.08666666666667,-0.291374200000007,-0.0397126723169947,0.1494718107792581,466009.393573128,-0.1456871000000035,0.7033460909746104,531817.2565105745,148.4322435,1.8004866399325892,226885.97964416817,-9655.395544909174,0.1376315470631385,-0.1553982958179455,49447.20409927106,0.1875,-105448.0,0.3584983797923495,0.1062500000000028,0.0012546709216376,14.59306232967874,148.4322435,0.2119788453387353,0.1499999999999985,49259.63194937745,0.2093165572435451,226917.4047052265,0.0,18343.1875,155390.07478304664,20859.75,0.0,-0.002122365446862,2.230248010712174,17714.0,-0.1811533703933321,0.2204097107133939,29688.0,135452.7999999998,31219.0,-70501.5700000003,0.0259590133415843,-0.0053794129003337,218562.30000000077,290503.0,-18843.0,-33.084500000000006,100447.7199999988,567513.4375
2023-09-15,567513.4375,576880.0,146.2046585,112.5625,149.5302993,12.7,112.75,0.0160918441296444,162897.57276387495,146.2046585,149.5302993,89.47,86.02666666666666,0.0,-0.0359305130487257,0.1487225739269315,457843.7464757745,-0.1311183900000117,0.6981751943307232,517865.4095565913,148.4322435,1.7914615874112574,238991.02920186703,-5332.119778727414,0.1417592755291058,-0.1313474143551736,49145.42234207652,-0.1875,-87229.0,0.3243556769549833,0.3718750000000028,-2.724647158192095e-05,16.167187782340743,148.4322435,0.2305889543233076,0.134999999999998,49565.22612347674,0.1892721518134546,204149.6424807217,2.8573061317871407e-05,-4239.875,165322.1778020651,57633.40620000003,0.0099999999999909,0.0008174253800001,2.300581533501486,3762.0,-0.1252282779508887,0.2104062840941111,-129774.0,-52034.450000000186,37219.0,144302.91999999993,0.0334089158496697,0.0111268552970469,241567.4000000004,-22212.0,-207044.0,-29.57149999999997,72083.66999999993,576676.125
2023-09-18,585204.4375,586457.0,146.2046585,112.5,149.5302993,12.7,112.5375,0.0146808172408706,165339.26347739922,146.2046585,149.5302993,85.946,86.02,0.0,-0.0325085594250538,0.1464518669356173,438360.1128668366,-0.1165496800000198,0.6578536171398687,499889.3220213592,148.4322435,1.7641094226132512,283160.6454683561,3840.6059144847095,0.134048866239837,-0.0858050104364607,49542.295232353325,-0.3125,-55044.0,0.2934646601021278,-0.65625,0.000217977711779,17.189962332710166,148.4322435,0.2333360867873578,0.1199999999999992,49552.41562682749,0.1678932934289792,181537.76486381292,0.0,17691.0,174900.2326333628,29428.9375,0.0,0.0007484871278315,1.176716625548977,9577.0,-0.1062769956027507,0.2138297361422886,149739.0,-120306.90000000036,31053.0,11699.75,-0.0372438860958311,0.000907001500159,291665.3499999996,74489.0,-187119.0,-24.8155,81846.02000000142,576676.125
2023-09-19,576676.125,587217.0,146.2046585,112.39583333333331,149.5302993,12.7,112.3875,0.0141048731823442,164454.95030265528,146.2046585,149.5302993,86.486,86.62,0.0,-0.0294125061464853,0.1425870198091615,412140.84790347057,-0.1019809699999996,0.6397197551558358,477009.3177424708,148.4322435,1.717554787459234,213925.20304279772,4162.452970248065,0.1343201482071069,-0.0726829984697817,49695.78437412131,0.5625,-46026.0,0.2655156448543074,-0.3031249999999943,-0.0010081469169777,18.025892780284437,148.4322435,0.2393361871436089,0.1050000000000004,49807.56472908503,0.1839650998923901,167449.00555897533,-2.857224492125443e-05,-8528.3125,182643.39530959656,23266.0,-0.0099999999999909,-0.0006060975955639,1.4039340897824104,760.0,-0.0893293089455248,0.2038816644291918,64521.0,-75658.0,14099.0,-290922.8800000008,0.0366298119199352,-0.0223180643642646,229996.09999999963,-51674.0,-190820.0,-26.33,90022.59999999963,562032.625
2023-09-20,562032.625,583319.0,146.2046585,111.60416666666669,149.5302993,12.7,112.075,0.014142138419274,163800.29749348463,146.2046585,149.5302993,85.928,86.84666666666668,0.0,-0.0266113150849207,0.136993177431735,388689.3176530104,-0.0874122600000077,0.7867307751099201,456834.8354148984,148.4322435,1.6501732630496375,216824.5646577701,239.2669730815105,0.1364151143133056,-0.0398278231813206,49942.98161843444,-2.75,-24196.0,0.2402284405824684,-1.9468750000000057,0.0,18.78426874723677,148.4322435,0.2410833270031157,0.0899999999999998,50297.93105121226,0.1810960782495328,162189.70534312466,5.714612263552077e-05,-14643.5,188711.0979445459,4922.8125,0.0199999999999818,0.0026181956978736,-0.3131072521016165,-3898.0,-0.0358736878710371,0.2337617251256608,52982.0,-50217.700000000186,6439.0,-378091.0999999996,0.0026205135498598,-0.0288328870138592,236734.05000000077,157400.0,-108148.0,-23.8505,97005.25999999978,553754.8125
2023-09-21,553754.8125,565511.0,146.2046585,110.9375,149.5302993,12.7,111.5375,0.014142138419274,162787.29058512562,146.2046585,149.5302993,88.03399999999999,88.56666666666666,0.0,-0.0240769041244561,0.1294463852847283,374459.7300584778,-0.0728435499999875,0.9745739622521116,424172.0126732092,148.4322435,1.559267169356205,250626.79659512453,-15895.52035768819,0.135444203747816,-0.0327440969460621,50409.89144599192,-3.125,-19144.0,0.2173495414793773,-2.4437499999999943,0.0002452316076293,18.998670147366003,148.4322435,0.17145496873179,0.0749999999999992,50982.66171515648,0.1567566000607755,168931.39064059206,-5.714285714275569e-05,-8277.8125,191270.8475723813,-5480.8125,-0.0199999999999818,0.0011418522773702,-0.848763704282419,-17808.0,-0.0386936485305812,0.2337617251256607,39190.0,938.4500000001864,-20946.0,109503.00999999978,0.0158965243030187,0.008481325937178,270292.75,255568.0,-153406.0,-14.705999999999989,90690.5399999991,553392.1875
2023-09-22,553392.1875,565017.0,146.2046585,111.02083333333331,149.5302993,12.7,111.4625,0.0165035905222111,162720.97483743803,146.2046585,149.5302993,89.84599999999999,91.62666666666668,0.0,-0.0217838656364222,0.1195774486237943,336765.66313838173,-0.0582748399999957,0.97110283041596,381293.5500498911,148.4322435,1.4403893119461884,158987.29215749353,-14828.613656956004,0.1320815405024314,-0.0012726761728506,51068.69795438982,-1.5625,-720.0,0.196649585148009,0.1531250000000028,0.0,19.001988226997263,148.4322435,0.1806158109197449,0.0600000000000005,50897.49785954288,0.1569604377893846,185093.60001171965,0.0001428653065889,-362.625,181123.79472805728,-22921.3125,0.0499999999999545,0.0104141074946002,1.6070709342206726,-494.0,0.0104735932242745,0.2869979912804851,11003.0,-1164.5499999998135,-22200.0,240158.2800000012,-0.0006736580286974,0.0188442397539978,170037.40000000037,478062.0,-88098.0,-12.902500000000003,107904.16000000016,548544.75
2023-09-25,548544.75,557496.0,146.2046585,111.60416666666669,149.5302993,12.7,111.5375,0.0169441831385004,146826.37589244364,146.2046585,149.5302993,92.918,97.67,0.0,-0.0197092117662975,0.1067442238770985,320977.3319576928,-0.0437061300000038,0.9405159820572104,340295.0058546745,148.4322435,1.2858046475627596,274310.50242820755,-20221.07902296027,0.1537612754613587,0.02878211622461,50951.81823486074,-0.6875,15597.0,0.1779210532291522,-0.0406250000000056,0.000708987783595,18.5400327598642,148.4322435,0.1704363757913721,0.0449999999999999,48330.760297025874,0.1566516419504486,214418.7019108908,-5.713795960338164e-05,-4847.4375,186727.5411507773,-23283.9375,-0.0199999999999818,0.0103809778317723,1.2278260833425207,-7521.0,0.0391358517022919,0.2573894957455335,129478.0,-23992.150000000373,-25823.0,407042.6300000008,0.0012702572422924,0.0319622691305852,287841.25,545036.0,-102411.0,-2.1040000000000134,126188.5,543252.125
2023-09-26,543253.125,558703.0,146.2046585,112.33333333333331,149.5302993,12.7,111.5,0.0184676124784597,119003.81119521048,146.2046585,149.5302993,95.672,99.35,0.0,-0.0178321439790352,0.0896830864685585,310267.7205631201,-0.0291374199999836,0.9292399270964984,294154.74549236626,148.4322435,1.080291983959731,302347.45457790233,-17203.214354106924,0.2129187463675349,0.0352851141735275,48337.461211017886,-0.9375,19042.0,0.1609761910168519,-0.25,0.0006817004335615,18.061955735744554,148.4322435,0.1740224409115403,0.0300000000000011,42906.3791148341,0.1563355031889741,252737.84293956996,5.714122453648329e-05,-5291.625,186649.4003853625,-13487.875,0.0199999999999818,0.0250691980406269,0.9412474087384624,1207.0,0.0669587838909944,0.2809596813015417,129157.0,2045.5999999996277,-6808.0,212228.0600000005,0.0014274445168294,0.016299438351303,314549.75,377143.0,-106142.0,-5.963499999999996,116090.5300000012,557023.4375
2023-09-27,557023.4375,565447.0,146.2046585,112.52083333333331,149.5302993,12.7,112.0125,0.0195407825928546,85831.29056397348,146.2046585,149.5302993,98.384,101.07666666666668,0.0,-0.0161338445524563,0.0651532518112845,384947.4834028293,-0.0145687099999918,0.9377137914152236,291378.21810887,148.4322435,0.7848139312663787,437763.1255704835,-9463.098701334791,0.1148444707437909,0.0180823328604042,42845.636872769,1.0,10043.0,0.1456451252057231,0.6906249999999972,-0.0002181500872601,17.627079429404127,148.4322435,0.174334153657849,0.0150000000000005,36100.33496623287,0.1660691044477271,290456.9228934632,0.0,13770.3125,200123.34712563036,-10502.6875,0.0,0.008556211903336,1.756366703144323,6744.0,0.009603742534862,0.1786099589413355,385557.0,6218.25,430.0,625127.9299999997,-0.0285201865279406,0.0481439994325068,454474.3000000008,772336.0,-65964.0,-4.241500000000002,77691.65000000037,581685.5
2023-09-28,581468.9375,582633.0,146.2046585,112.625,149.5302993,12.7,112.55,0.0202354580696593,82400.45912593055,146.2046585,149.5302993,99.388,99.35,0.0,-0.0145972879284101,0.0,520619.9768741547,0.0,0.938683463549824,327555.9243996852,148.4322435,0.0,408178.9231352005,6987.386889268528,0.1317113116008171,0.0166021656971164,35959.189319388504,0.0,9515.0,0.1317741609004166,0.1812500000000056,-0.0002179302078508,17.1975005527883,148.4322435,0.1722686472950693,0.0,30531.220539675967,0.1523120069202862,337263.9214749036,0.0,24445.5,215790.93012769023,3631.25,0.0,0.0047384120861822,1.1367127314162817,17186.0,0.0065291767113946,0.1802512883304794,254741.0,-19218.799999999814,25137.0,778798.9399999995,0.0457511462921313,0.0592596717181379,431380.25,1004000.0,-110716.0,-3.765999999999991,149125.06999999844,562568.5
2023-09-29,562568.5,590524.0,146.2046585,112.3125,149.5302993,12.7,112.275,0.0203844645470107,106430.31138358166,146.2046585,149.5302993,100.054,98.93,0.0,-0.0132070700304893,0.0,673475.5037354116,0.0,0.964304315299397,462758.80427222064,148.4322435,0.0,384117.5018842295,13461.397661719122,0.1913683523328732,0.023651365968659,30320.23124371339,-1.75,13644.0,0.1192242408146633,-1.1593749999999972,-0.0038418571701043,16.390636447615172,148.4322435,0.1894023299988831,0.0,25944.47790721333,0.33453188044038,392396.8711641165,-5.713795960338164e-05,-18900.4375,221659.77795190932,33140.75,-0.0199999999999818,-0.0161008511118233,-0.272140862051927,7891.0,0.0173714559808519,0.1613605953973529,211250.0,306236.5,31821.0,1478697.59,0.0302098372284662,0.1117448495185005,408033.25,1419994.0,414678.0,-3.634999999999991,167033.05000000077,556828.0
2023-10-02,556828.0,566430.0,146.09225688,112.375,149.5302993,12.7,112.475,0.0203844645470107,130126.87107848653,146.2046585,149.5302993,101.976,103.65666666666668,-1.2844661999999971,-1.1740853395513966,0.2872153738005558,813548.0865576774,-1.2202428899999802,0.9876707047683846,578246.6463276249,148.4322435,0.2068993450367127,811439.787419064,-9619.973544158856,0.130947586355704,-0.0341491362538088,25674.58429875203,1.375,-20027.0,-3.873082829739113,0.9124999999999944,-0.0002179302078508,15.343524083983633,148.4322435,0.2174558926951108,-4.18,20047.368923655937,0.33453188044038,436907.5352437108,5.714122453648329e-05,-5740.5,296397.91512765264,19316.375,0.0199999999999818,0.0535858172220452,1.6763963629053933,-24094.0,-0.0087133399374353,0.1613605953973529,542491.0,318117.4500000002,983.0,1210192.92,0.0,0.088921528157893,863850.0,1242905.0,517540.0,13.165500000000009,19453.550000000745,561427.0
2023-10-03,560995.4375,566521.0,145.97985526,111.9375,148.2458331,12.7,112.3125,0.021343064327085,160992.17286035352,146.2046585,149.5302993,103.96,106.97,-1.2844661999999971,-1.062267688165548,0.3953503545558318,882160.0532527094,-1.1560195799999915,1.007471063645994,647528.0252610168,148.4322435,0.2847957904729899,825448.4743315354,-8621.452254239004,0.1371621912479071,-0.0352442112541019,19620.38376250595,-1.0,-20696.0,-3.504217798335389,-1.0656249999999972,2.727471088803668e-05,14.230386270971318,147.5069615,0.2304576065937794,-3.959999999999999,17888.0068687035,0.3361703829896169,479368.9612907659,0.0,4167.4375,357240.35195267294,-195.4375,0.0,-0.0117104858110569,-0.292784243085606,91.0,-0.0344181493554982,0.1272147832185395,630007.0,404475.25,-16112.0,731237.3599999994,0.0168874738403942,0.0525278739842069,901159.75,519498.0,577024.0,9.2025,84983.19999999925,593739.875
2023-10-04,593739.875,594748.0,145.86745364,112.0,148.2458331,8.3,111.9625,0.0222663322701797,185873.588681848,145.6426504,148.2458331,105.316,109.84666666666668,-1.2844661999999971,-0.9610993369117012,0.4705610435431132,944730.5896899496,-1.0917962700000032,1.0060466859025758,725131.886713148,147.5069615,0.3389747924019489,798256.476776151,17738.352722355165,0.0945235452286107,0.0195930528578702,17356.612967649806,0.8125,11429.0,-3.170482769922496,-0.90625,0.000217977711779,12.982502597119208,147.5069615,0.212756944396017,-3.7399999999999984,18758.542742629998,0.3386412479607886,500149.3748141983,0.0,32744.4375,395947.0043944069,-20258.5,0.0,0.0121988184058769,-0.2083524104107965,28227.0,-0.026443135650882,0.1383618417195481,670470.0,396458.0,4224.0,168027.22000000067,0.0019622959403258,0.0114214874236746,884767.4000000004,119300.0,564833.0,7.615000000000009,-121506.26999999955,613071.625
2023-10-05,613071.625,616012.0,145.75505202,112.02083333333331,148.2458331,8.3,112.1125,0.0228265790398486,210811.4273047566,145.6426504,148.2458331,106.5,106.89,-1.2844661999999971,-0.8695660667296465,0.5271338060742072,1035867.0729613728,-1.0275729600000147,1.021132586823794,829842.5172111857,147.5069615,0.379727720630254,676283.717083184,35287.84293927369,0.097886805576888,0.0893015343644951,18210.86599152809,3.4375,50501.0,-2.8685320299298773,1.078125,-0.0011986161431801,11.536990668463206,147.5069615,0.2090327647868612,-3.52,22244.574090759408,0.3397410005460158,510087.6563542035,0.0,19331.75,424360.00399530097,31171.375,0.0,0.0135319631135642,1.6210144858188045,21264.0,0.0564153193064191,0.1295565371990878,106948.0,424480.2000000002,49582.0,458191.0500000008,0.0181782664338487,0.0309173546361729,771404.6500000004,350089.0,557802.0,7.152000000000001,33596.04999999888,628917.75
2023-10-06,628917.75,637030.0,145.6426504,112.20833333333331,148.2458331,8.3,112.25,0.022682014092583,242040.27154727027,145.6426504,148.2458331,107.40800000000002,104.67666666666668,-1.2844661999999971,-0.7867502508506448,0.5706390840672523,1076981.3136798914,-0.9633496499999978,0.92890246322702,895986.805122242,147.5069615,0.4110673157336239,571628.3154562153,50943.381706961896,0.0920811038094213,0.1274528023050634,21846.201885732597,-0.6875,72013.0,-2.5953385032698897,-0.3093750000000028,2.724721397240337e-05,9.432511232852653,147.5069615,0.2426302463570928,-3.299999999999997,25837.009367317183,0.3400170275603203,507905.6142585869,0.0,15846.125,437417.4743287647,56243.625,0.0,0.0051655366139699,0.1094892966932121,21018.0,0.1071174663606195,0.147259665040606,-38434.0,507552.0499999998,70509.0,430810.9299999997,0.0003436501982236,0.0294025203056276,666053.3499999996,413605.0,673341.0,5.745499999999993,-4702.849999999628,649732.8125
2023-10-09,648630.75,656249.0,145.6426504,113.02083333333331,148.2458331,8.3,112.35,0.0222426824190101,261862.5438478068,145.6426504,148.2458331,107.148,106.71,-1.2844661999999971,-0.7118216555315371,0.6039076419262125,1070281.9257586114,-0.8991263400000093,0.9826622003542316,923000.5707099448,147.5069615,0.4350327558151686,699801.9520794321,63480.25011582265,0.0776469326022682,0.1771366969449108,25572.65006460032,1.5,98753.0,-2.348163407720378,1.5875000000000057,0.0005449888277289,9.853826454198916,147.5069615,0.2389469255239288,-3.0799999999999983,28908.8043625462,0.3471690018896837,493507.4995211496,0.0,19713.0,465650.67406183656,67490.75,0.0,0.0317103313596852,1.8520379351033824,19219.0,0.1364774642757311,0.1348584208576582,106568.0,430625.1500000004,61501.0,-67933.93999999948,-0.0164966935248818,-0.0045655978103982,803012.3000000007,-13731.0,631209.0,15.63300000000001,-67358.9299999997,697882.5
2023-10-10,697833.6875,716691.0,145.6426504,112.89583333333331,148.2458331,8.3,112.6875,0.0214905138224524,294059.54072670755,145.6426504,148.2458331,106.76399999999998,107.40999999999998,-1.2844661999999971,-0.6440291169094792,0.6285670025077494,1073061.275250405,-0.8349030299999924,0.9799543071408824,937914.5917699928,147.5069615,0.452796448217217,770011.1471194848,112120.1310571729,0.0859850304907742,0.2827763588167595,28928.51040757718,0.875,157988.0,-2.124528797461295,0.7781250000000028,8.174832415930311e-05,9.496584690796483,147.5069615,0.2400373654749576,-2.8599999999999994,39079.62789508606,0.3472963243769243,484916.1807993485,0.0,49202.9375,505929.8126165754,55992.9375,0.0,-0.0527936190901698,0.9405343222364024,60442.0,0.1844663767176697,0.1589471226558586,308616.0,570512.75,100679.0,-418165.4200000018,0.002916964226566,-0.0273703273325145,891670.3000000007,-424680.0,758330.0,8.939499999999995,234408.23000000045,716543.6875
2023-10-11,716543.6875,718981.0,145.6426504,113.39583333333331,148.2458331,8.3,113.0875,0.0203909183897202,323620.8578479353,145.6426504,148.2458331,106.958,109.09666666666664,-1.2844661999999971,-0.5826930105371559,0.645604425526351,1092562.317027452,-0.770679720000004,1.012762920706351,948205.2433990238,147.5069615,0.4650695783669453,899378.7045366764,103513.92809934691,0.0829066248879074,0.2715267743926486,39174.73535251335,0.25,153534.0,-1.9221927215126016,1.0906250000000028,0.0010091643028584,9.450953878340677,147.5069615,0.2299502991224243,-2.639999999999999,48856.74301736821,0.3465814252007094,465864.10471785103,0.0,18710.0,545142.2681880693,84810.875,0.0,-0.0069779837857219,1.1902453391662675,2290.0,0.2846383251607161,0.1519474799304967,577139.0,582552.8499999996,81951.0,-58112.56999999844,-0.0139786398863978,-0.0038528553162588,1031625.5,217332.0,783302.0,8.353499999999997,60756.26999999955,760673.75
2023-10-12,760673.75,768068.0,145.6426504,113.04166666666669,148.2458331,8.3,112.9625,0.0188833002005134,378850.17156075663,145.6426504,148.2458331,107.264,107.08333333333331,-1.2844661999999971,-0.5271984381050459,0.6556143933973528,1120000.2004577275,-0.706456409999987,1.0153580114680718,958406.281194356,147.5069615,0.4722803894351156,912235.875533184,138067.50637559954,0.1133294051062575,0.3182706781112638,48991.862003819486,0.125,185435.0,-1.7391267480352113,0.4593749999999943,0.0012261246287565,8.837840457225093,147.5069615,0.2274104107912726,-2.42,61877.34734907736,0.3671669634253747,453436.4729267188,0.0,44130.0625,581273.6079544361,87625.9375,0.0,-0.043729511743804,0.5114124497218597,49087.0,0.2863797809225936,0.1789893941403949,484184.0,845669.5999999996,111819.0,292193.75,-0.004548228822006,0.0197273670064879,1052904.6500000004,979459.0,1129261.0,6.293500000000009,140699.40000000037,823683.0625
2023-10-17,823683.0625,823683.0,145.6426504,118.125,148.2458331,8.3,116.2375,0.0177408263956572,387281.2510243295,145.6426504,148.2458331,112.826,114.78000000000002,-1.2844661999999971,-0.4769890630474265,0.6589172575925482,1118508.533198645,-0.6422330999999701,3.7144643040140535,967402.0190924592,147.5069615,0.4746596507876515,1172754.9826252628,175236.55338744714,0.0938254756646401,0.3948340795632354,62038.04792849925,17.0625,233159.0,-1.5734956291747153,15.193749999999994,0.0054431072210063,10.4189333098828,147.5069615,0.2720003235315017,-2.1999999999999997,79222.39381007127,0.3973914947298985,451112.46124984656,-2.856897980174633e-05,63009.3125,641788.7152450273,110940.9375,-0.0099999999999909,0.00739771133746,14.486516025938826,55615.0,0.3077062261307872,0.1699136123609395,716888.0,497943.6500000004,106992.0,352548.1000000015,-0.0446715994593775,0.0237248097707178,1331933.5500000007,839079.0,490981.0,27.7165,206087.87999999896,798907.3125
2023-10-18,798907.3125,834791.0,145.6426504,122.89583333333331,148.2458331,8.3,119.0125,0.0165115613448442,378372.6345790872,145.6426504,148.2458331,112.99,116.76333333333334,0.0,-0.4315615332334062,0.6556143933973108,1129538.8782233663,-0.5780097899999816,4.934126095769403,960553.3358437977,147.5069615,0.472280389435154,1187757.8414228575,168597.4530648332,0.0866774559764499,0.4737761064915347,79405.13318369139,14.375,268361.0,-1.4236389025866476,13.84375,0.0003542137816407,10.176007178911522,147.5069615,0.164529036100097,-1.9799999999999984,89296.81679802589,0.3985668405668672,464207.1051898649,2.8569796011623797e-05,-24775.75,698806.241674675,125800.5625,0.0099999999999909,-0.0057705966346238,12.597919261563703,11108.0,0.4641471438589255,0.2409213556999314,632879.0,330719.7000000002,115810.0,360136.26999999955,-0.0002464949308395,0.0239693350400052,1363722.75,736311.0,338139.0,9.692000000000007,241884.8500000015,764079.375
2023-10-19,764079.4375,798907.0,145.6426504,127.5625,148.2458331,8.3,121.7625,0.0134848872580561,375627.9140662592,145.6426504,148.2458331,114.298,119.13333333333333,0.0,-0.3904604348302314,0.6456044255262634,1102590.1569965277,-0.5137864799999932,5.695662700860983,919401.4356395511,147.5069615,0.4650695783670235,861638.0946206804,120074.07658246811,0.093213187442383,0.4101983862910643,89296.10943215906,15.4375,232386.0,-1.2880542451974435,12.184375000000005,0.001418246283922,9.428005468032918,147.5069615,0.1491722235125245,-1.7599999999999998,94006.77259434902,0.39528137889956,486712.8696153591,0.0,-34827.875,712198.4049364707,82363.625,0.0,-0.0200587463259511,10.549903141414774,-35884.0,0.4347470179301329,0.2338951175804205,288576.0,438030.75,30839.0,236589.29999999888,-0.0198248900863983,0.0156642363189041,1029496.1500000004,402919.0,388035.0,8.526500000000013,185657.19999999923,800804.75
2023-10-20,800804.75,809199.0,145.6426504,127.04166666666669,148.2458331,8.3,124.425,0.0123544185637322,367784.2319174028,145.6426504,148.2458331,115.774,114.01,0.0,-0.353273726751155,0.6285670025076132,1070793.6015602164,-0.4495631700000047,6.21663710469357,850868.7099854851,147.5069615,0.4527964482173361,643828.6570377592,117950.2597650902,0.0918145006829917,0.3605745626719214,93996.663041585,15.3125,214451.0,-1.165382412321497,11.315624999999995,0.0025606799422484,8.527187232919093,147.5069615,0.125668064704987,-1.5399999999999991,99734.60683186947,0.4616264154618362,515501.05780637264,0.0,36725.3125,703399.4373995947,3405.625,0.0,-0.0104706809951735,9.48860284223241,10292.0,0.3609594390722213,0.3235294117647058,-245429.0,380485.3499999996,-14484.0,45834.0,0.0011956247006196,0.0030129289637068,789440.5999999996,559408.0,362015.0,8.272000000000006,164269.84999999963,701205.1875
2023-10-23,701205.1875,800805.0,145.6426504,126.97916666666669,148.2458331,8.3,127.375,0.0088258039828364,349498.01442420704,145.6426504,148.2458331,120.83,120.15000000000002,0.0,-0.3196286099177143,0.6039076419260248,1069983.052848096,-0.3853398600000162,6.634923055120839,778169.4276523725,147.5069615,0.4350327558153329,571369.4992246386,99122.33026365309,0.0805469645684024,0.2999827925430023,99713.7488487868,14.125,184793.0,-1.054393611148022,11.25,0.0034365198418111,9.713015941725075,147.5069615,0.1135372413364205,-1.3200000000000005,98210.1353155246,0.5030967261603204,538339.275388069,-8.570693940512797e-05,-99599.5625,686386.9740962249,-22878.3125,-0.0299999999999727,0.0084160240579097,9.32004542868647,-8394.0,0.3487467891557729,0.3388888888888889,-397774.0,66471.04999999981,-33986.0,-456373.8100000005,-0.0443624841539216,-0.0296635337531956,690733.0,702026.0,29104.0,23.37450000000001,66971.0700000003,654136.4375
2023-10-24,654136.4375,734135.0,145.6426504,126.83333333333331,148.2458331,8.3,126.9875,0.0088258039828364,327216.40009316284,145.6426504,148.2458331,119.564,123.55666666666669,0.0,-0.2891877899255632,0.570639084067006,1026396.1289026486,-0.3211165500000277,6.938166753166327,678671.3573687004,147.5069615,0.4110673157338421,392003.9278699122,29361.63214330515,0.0891155435865937,0.1524339513052761,98181.84807075156,14.4375,97105.0,-0.9539751719910684,9.375,0.0024794289139558,9.715520464428632,147.5069615,0.0968715620437747,-1.1000000000000014,95507.89316518662,0.5393280420355526,572713.724008077,8.571428571424455e-05,-47068.75,644068.7568974319,-97702.125,0.0299999999999727,-0.0188761645994196,7.358017292621099,-66670.0,0.1437573668492648,0.3388888888888889,-300455.0,45118.40000000037,-64772.0,-831260.6400000006,-0.0019967983996905,-0.0541877581925217,469398.3000000008,487002.0,-74648.0,13.957000000000008,212885.9299999997,686455.0625
2023-10-25,657894.3125,657894.0,145.6426504,127.10416666666669,148.2458331,8.3,126.95,0.0081272818753072,299345.42113664607,145.6426504,148.2458331,121.5,126.30666666666669,0.0,-0.2616460956469382,0.5271338060738889,981705.1561494876,-0.2568932400000108,7.230300908922012,575341.8454839282,147.5069615,0.3797277206305381,351081.02997753955,-42414.66615605727,0.0886234815645765,0.002506670486355,95473.812865843,13.6875,1645.0,-0.8631203937062057,9.803124999999994,0.0014706683370555,10.045347325738986,147.5069615,0.1027658106395371,-0.879999999999999,92124.06426399872,0.5555840929097564,598050.9071119548,-2.856897980174633e-05,3757.875,601689.8908622639,-109942.9375,-0.0099999999999909,-0.0023789455976844,7.731658502847665,-76241.0,0.0400985462725451,0.3316666666666667,-154384.0,-23657.700000000183,-151305.0,-727349.7400000002,-0.0265269864125347,-0.0476692027657199,389606.8499999996,455297.0,-64607.0,12.226499999999987,15359.210000000894,673102.75
2023-10-26,673102.75,708609.0,145.6426504,126.83333333333331,148.2458331,8.3,126.9375,0.0088704165419219,270550.54899649974,145.6426504,148.2458331,124.182,124.71999999999998,0.0,-0.2367274198710447,0.470561043542695,913283.848372619,-0.1926699299999938,7.371531298462788,457113.8179223168,147.5069615,0.3389747924023208,332741.5985511076,7509.825858805329,0.1024349026475849,-0.011276826414731,92250.4135432614,13.6875,-8082.0,-0.780918451448473,8.262500000000003,0.0029699463229886,10.267351885312802,147.5069615,0.0881414241398363,-0.6600000000000001,87857.47759017299,0.5937428116614739,621712.2942739159,-2.8569796011623797e-05,15208.4375,552344.0657101056,-114349.6875,-0.0099999999999909,0.004326504463561,6.260191026385982,50715.0,0.0565190018012211,0.2908134108923828,-125383.0,-26387.0,-92196.0,-458126.4800000005,0.0260283486235656,-0.0306877618283103,332627.25,43365.0,-212544.0,14.808999999999996,78062.71999999881,655565.1875
2023-10-27,655565.1875,680626.0,145.6426504,127.25,148.2458331,8.3,127.1125,0.0094451366012266,237869.35459736668,145.6426504,148.2458331,125.594,124.06,0.0,-0.2141819513119003,0.3953503545552632,867000.7055983583,-0.1284466200000054,7.530400967648315,362001.4003136859,147.5069615,0.2847957904734965,292489.255831955,-18523.34803250944,0.1187900544504093,-0.0533463332132559,87871.90105539553,14.1875,-38355.0,-0.7065452655962385,8.415625000000006,0.0025067436854582,10.03602640752931,147.5069615,0.0960436332738152,-0.4399999999999995,84008.41332833485,0.6001971168135587,638326.209665679,0.0,-17537.5625,507769.39787803526,-28102.4375,0.0,0.0002032928679812,6.455649023873036,-27983.0,-0.0355070516885005,0.2831911387976997,3255.0,-41805.950000000186,-53509.0,121739.1400000006,-0.0423227198220003,0.0083905275066726,259045.6500000004,263531.0,-249163.0,8.529499999999999,41488.19000000134,591691.8125
2023-10-30,591691.8125,663876.0,145.6426504,127.33333333333331,148.2458331,8.3,127.1625,0.0094451366012266,193386.7083128605,145.6426504,148.2458331,125.93,127.53333333333336,0.0,-0.1937836702345805,0.2872153737996785,883971.0553233352,-0.0642233099999884,7.600112398537332,287693.9867280679,147.5069615,0.2068993450374983,537977.0886098631,-31913.98155322275,0.1063163845292847,-0.1356546555773707,83929.74659935918,15.0,-104192.0,-0.6392552403013596,7.846874999999997,0.0011429815490122,10.403604081986714,147.5069615,0.0932310221891606,-0.2199999999999988,83454.45503018235,0.6124875939278754,655085.9336576584,5.714122453648329e-05,-63873.375,462846.2331886023,1428.75,0.0199999999999818,-0.0046791692730563,6.0104681644565545,-16750.0,-0.0851008822822125,0.2831911387976997,309339.0,-152424.25,5982.0,573126.8200000003,0.0385233296842885,0.0394418705888344,482608.3000000008,669510.0,-649855.0,18.41900000000001,55620.12999999896,579150.0
2023-10-31,579150.0,603749.0,145.6426504,127.08333333333331,148.2458331,8.3,127.0875,0.0094451366012266,181716.5289519833,145.6426504,148.2458331,125.768,126.2,0.0,-0.1753280825932108,0.0,919651.2628690838,0.0,7.423454644916869,345758.7009904218,147.5069615,0.0,405166.9373136871,-83275.17378624913,0.1407101409344934,-0.26701291637681,83378.18049250421,-2.3125,-219934.0,-0.5783737888440879,5.296875,0.0009521477733345,9.71012617133019,147.5069615,0.0915300481623121,0.0,82374.55730759584,0.4787472688721147,677473.5271743976,-5.713795960338164e-05,-12541.8125,395212.2855342753,-94763.25,-0.0199999999999818,-0.0002528180568228,3.798161672603541,-60127.0,-0.2221477177304988,0.2831911387976996,202492.0,92723.9500000002,-104860.0,1358610.8800000008,-0.0875755245951418,0.0938882430420939,319219.5999999996,660159.0,-81805.0,6.718500000000006,107485.06000000052,616255.375
2023-11-01,619303.5,620554.0,145.53153028000003,127.375,148.2458331,8.3,127.275,0.0120852269601043,180709.6379787242,145.6426504,148.2458331,127.954,130.24,-1.775869699999987,-1.7653694223462535,0.3970965368378319,932026.931564284,-1.687076214999962,7.408023605089213,419171.7502587627,147.5069615,0.2565811530671483,372153.84804571606,-60139.6810447016,0.1788089664742696,-0.2566354931953027,82281.2979189677,0.75,-214237.0,3.548138000569633,7.040625000000006,0.0021517677180367,10.456175510949636,147.5069615,0.0985428931184884,4.275,78809.88364753716,0.4813697562055503,681799.2525586893,-5.714122453637227e-05,40153.5,371870.7496211898,-93952.75,-0.0199999999999818,0.0003829564943125,5.698336751403204,16805.0,-0.2968776142583361,0.2315325348092362,218117.0,276380.0999999996,-60072.0,1437508.1899999997,0.0258616171276904,0.0982518205457965,277481.69999999925,314859.0,255998.0,16.662000000000006,-104365.95000000112,654094.875
2023-11-02,650551.75,650934.0,145.42041016,127.1875,146.4699634,8.3,127.375,0.0120852269601043,192276.87079975623,145.6426504,148.2458331,129.472,130.6233333333333,-1.775869699999987,-1.5972390011704365,0.5466011604968687,902350.32942952,-1.5982827299999656,7.115340722831209,439931.1377026115,147.5069615,0.3531825211685653,313151.5291842185,-26925.42570711102,0.1731400590508153,-0.185219305876654,78773.0263567708,0.4375,-147973.0,3.2102200957534777,4.996875000000003,0.0023967099708581,10.941594659107224,146.3594957,0.1073064716267318,4.050000000000001,74286.4357872877,0.4575115760168775,675488.1718220776,0.000114288979685,31248.25,349452.7314537344,-39309.8125,0.0399999999999636,0.0063466599499171,4.024685632221946,30380.0,-0.2286271944719494,0.2315325348092362,-110039.0,350509.6500000004,-12942.0,693041.0699999984,-0.0275643621044016,0.0458844506581475,209890.6500000004,-354493.0,204174.0,16.020999999999987,-113653.08999999984,637284.125
2023-11-03,630800.5,671101.0,145.30929004,128.0625,146.4699634,12.8,127.575,0.0120852269601043,213418.52950343624,145.0870498,146.4699634,132.25400000000002,134.87,-1.775869699999987,-1.4451210010589932,0.6505855111078871,868428.690045889,-1.5094892449999977,6.769847769026719,502241.9546905724,146.3594957,0.4203712828558968,171852.76450000703,-6114.766115957638,0.1790732556979174,-0.1706601219230374,74121.6375071345,1.875,-138098.0,2.904484848538861,5.512500000000003,5.434339591880999e-05,11.18954704882587,146.3594957,0.1046735526824747,3.8249999999999993,72421.58887245183,0.4585044338648134,651352.296975856,0.0,-19751.25,323476.1081545683,62403.0625,0.0,0.0053896374843801,4.885429857724617,20167.0,-0.143943814737834,0.2315325348092362,-143087.0,454193.5499999998,67352.0,397366.62999999896,0.0293165485819661,0.0251035165427011,54131.800000000745,-307128.0,354907.0,15.704999999999984,-9740.599999999627,611365.25
2023-11-07,633339.875,639425.0,145.19816992,128.3125,146.4699634,12.8,127.8625,0.0120852269601043,229239.35868283344,145.0870498,146.4699634,134.316,138.13666666666666,-1.775869699999987,-1.3074904295295653,0.7288015473292856,840313.0017174855,-1.4206957599999726,6.4983700828407205,520140.2829381021,146.3594957,0.4709100282241331,230869.6916904841,-34191.645533485455,0.1338963791471536,-0.2015222182678679,71970.54514710537,1.6875,-161380.0,2.6278672439161106,5.346874999999997,-0.0001087222418526,11.784211783925722,146.3594957,0.1274847971908758,3.6000000000000014,71522.97544675638,0.4056755250975949,610205.2030883229,0.0,2539.375,286238.93407617643,58134.125,0.0,-0.0005247057279309,4.9856270141317935,-31676.0,-0.2041953734665035,0.2315325348092362,-65929.0,415225.7999999998,18871.0,-286232.3300000001,-0.0265812788261471,-0.0178134087169062,98195.75,-561474.0,633751.0,21.77500000000002,-366392.5,584969.6875
2023-11-08,588295.9375,611792.0,145.0870498,128.9375,146.4699634,12.8,128.4875,0.0120852269601043,243393.42944657852,145.0870498,146.4699634,136.814,138.43666666666667,-1.775869699999987,-1.182967531479136,0.7889508178807308,797362.1745817091,-1.331902274999976,5.945669587364577,541074.7858682004,146.3594957,0.5097750591735604,307668.53057710454,-55936.58405410592,0.1321829964346237,-0.166649185776458,72061.45773484286,2.75,-122343.0,2.3775941730669565,4.362499999999997,0.0003261489957329,11.192655533640323,146.3594957,0.1260358274639073,3.375,73722.65839157645,0.3869703512103662,559756.9451325036,0.0,-45043.9375,231781.8739848053,-4890.125,0.0,7.061179900853809e-05,4.39771015564304,-27633.0,-0.1281221803568017,0.2315325348092362,69295.0,372898.75,-39142.0,84224.77000000142,0.0195664064365135,0.0053316630123854,160442.25,-143900.0,609589.0,11.856999999999983,41656.25,623995.5625
2023-11-09,623995.5625,628273.0,145.0870498,128.70833333333334,146.4699634,12.8,128.375,0.0120852269601043,251330.51909978315,145.0870498,146.4699634,137.10600000000002,138.32666666666668,-1.775869699999987,-1.0703039570525732,0.834947064309379,694732.251257104,-1.2431087899999795,5.396509707489945,540521.4177151544,146.3594957,0.5394952124625139,152810.24195071496,-35697.90938228625,0.0973590936355502,-0.0450239704268469,74493.1017270778,0.375,-29621.0,2.151156632774864,2.471874999999997,0.0005710866963992,11.16676595268736,146.3594957,0.1504500146346102,3.1499999999999986,74516.51120896461,0.370156439303712,488329.0939567227,0.0,35699.625,187921.0510784642,-69125.1875,0.0,0.002369349277732,2.904475855105602,16481.0,-0.1057374976149375,0.2315325348092362,53731.0,340653.8499999996,-42828.0,-531286.1199999992,0.0014792287715236,-0.0327419028771904,-8238.75,-524939.0,646905.0,10.632500000000007,18565.75,660274.6875
2023-11-10,660274.6875,664653.0,145.0870498,128.5,146.4699634,12.8,128.65,0.0129370978256208,265327.60104799643,145.0870498,146.4699634,137.308,135.61,-1.775869699999987,-0.9683702468570914,0.8690404575634509,575707.7914090079,-1.154315304999983,4.573140080663989,532117.2001357762,146.3594957,0.5615244203289389,70830.4093839787,617.1296065029455,0.0945520035953161,-0.0620313882550179,75313.62453760051,1.875,-43956.0,1.946284572510592,2.3812499999999943,-0.00013583265417,10.591316453138322,146.3594957,0.1776577315503108,2.9250000000000007,74545.28245931224,0.3342564412324744,429472.37070247,-8.570693940512797e-05,36279.125,156228.60217833167,-13288.5625,-0.0299999999999727,-0.0001278495548001,3.2498829165241148,36380.0,-0.0909884760300678,0.2622905602046329,-104112.0,367850.0,25228.0,-347385.3499999996,0.0487280537680009,-0.0220113077160375,-101381.40000000036,82768.0,672541.0,9.394999999999996,112474.90000000036,636964.25
2023-11-13,636934.25,673460.0,145.0870498,128.375,146.4699634,12.8,128.675,0.0129370978256208,272589.4242392672,145.0870498,146.4699634,138.552,137.76666666666668,-1.775869699999987,-0.8761445090611915,0.8925959573538282,491601.7616228856,-1.0655218199999863,3.4634650350984084,527848.3297406189,146.3594957,0.5767446419540813,204881.89420455132,8526.593453502748,0.06938033837845,-0.010528542841443,75354.96716322222,1.125,-7166.0,1.760924137033392,1.7406249999999943,0.0,10.17169771835932,146.3594957,0.2865647541952368,2.6999999999999997,74571.73837508976,0.2807152520187438,363003.6214971799,8.571428571424455e-05,-23340.4375,145041.66978393248,48909.4375,0.0299999999999727,-0.0004013011829532,3.0534654959027705,8807.0,-0.0190581044275929,0.2622905602046329,-57679.0,269193.5,61668.0,-553853.0,-0.0304056002817335,-0.0348745016137377,39039.0,-100819.0,579093.0,14.0265,127595.63000000082,634516.25
2023-11-14,636091.6875,650401.0,145.0870498,128.35416666666666,146.4699634,12.8,128.4,0.0129370978256208,276467.52565734106,145.0870498,146.4699634,136.36399999999998,136.89999999999998,-1.775869699999987,-0.7927021748648997,0.906435479670652,444012.33142788906,-0.97672833499999,0.911052384539789,526676.6345028041,146.3594957,0.5856869526128649,334545.57094697654,-13148.367827783222,0.072541704443619,-0.0202974651892823,75408.7760550527,0.0625,-13475.0,1.593217076363544,0.1124999999999971,0.0001359138849625,8.869431240294253,146.3594957,0.1876221637226095,2.4750000000000014,72224.23498097203,0.2671935038608331,296365.7930471656,0.0,-842.5625,146980.72683061613,51994.5625,0.0,0.0105262612362273,1.970992591531072,-23059.0,-0.0283738945488163,0.2622905602046329,245973.0,320310.0499999998,22128.0,-184804.70999999903,0.0155560190399665,-0.0117745985117628,185920.55000000077,414182.0,720384.0,3.5600000000000023,75797.71999999881,629361.5
2023-11-15,627071.1875,645309.0,145.0870498,127.77083333333331,146.4699634,12.8,127.95,0.6684741069466837,287572.27733438055,145.0870498,146.4699634,135.668,135.70333333333335,-1.775869699999987,-0.7172067296396847,0.9110019341616108,374544.6451621064,-0.8879348499999935,0.9220157675794372,529289.7993497499,146.3594957,0.5886375352798693,439420.75466631167,-16503.189939422882,0.0775629988464834,0.0688365529383898,73172.9283497816,0.875,41560.0,1.4414821167098744,-0.8156249999999972,0.0069848344838832,8.88914197209111,146.3594957,0.1973709746180516,2.25,62830.20197697292,0.644824537603025,241550.46092147223,0.0085135559809159,-9020.5,158808.78150607966,10520.6875,2.980000000000018,0.0205276825054367,0.8785171066233488,-5092.0,0.0723762549950781,0.273860926752602,471627.0,340337.8499999996,-19344.0,192261.30000000077,0.1228676411661526,0.012456395443817,330694.94999999925,365435.0,495489.0,2.6665000000000134,83361.47000000067,602278.1875
2023-11-16,603603.125,633942.0,145.0870498,127.66666666666669,146.4699634,12.8,128.05,0.9954692096934996,294735.1933996947,145.0870498,146.4699634,133.828,130.45333333333335,0.0,-0.6489013268168833,0.9064354796706106,360236.3855916769,-0.799141364999997,0.9370393605207324,530961.2622191146,146.3594957,0.5856869526129013,425150.1113647576,-25215.88613566826,0.0703812947042819,0.0215742707322812,63929.55891484801,-0.0625,13388.0,1.3041981055946472,0.7125000000000057,0.0081809039762998,8.10050362306938,146.3594957,0.2157845724227744,2.0249999999999986,54606.26741286712,0.8903924327480707,208144.25968216104,0.0013314070422933,-23468.0625,160844.45864909183,-30913.1875,0.4700000000000273,0.0151959571236446,2.2085392869449265,-11367.0,0.0866986100319433,0.1649811952874637,346491.0,338239.9500000002,-39518.0,227667.16000000012,-0.0924563034825821,0.0148535443655624,360298.75,713968.0,308240.0,-3.7770000000000152,58633.12999999896,645079.5625
2023-11-17,635298.125,636249.0,145.0870498,127.72916666666669,146.4699634,12.8,127.9375,1.2852425534241343,308201.9646972412,145.0870498,146.4699634,132.15800000000002,128.6,0.0,-0.5871012004533895,0.8925959573537441,347904.27940424444,-0.7103478800000005,0.9143861184923068,533361.9146149349,146.3594957,0.5767446419541552,428048.3864728771,-20727.08745608083,0.0721158860754781,-0.0225598908645116,56027.13058921325,0.8125,-14685.0,1.1799887622046796,0.2750000000000057,0.0095095775030566,7.167341135132332,146.3594957,0.2145992946379327,1.8000000000000007,47501.75116008902,1.1316326119839606,196129.25120421936,0.0014993776168381,31695.0,183844.2251599695,-34686.0625,0.5299999999999727,0.017683791921967,1.6589164977120705,2307.0,-0.022680836658017,0.1427900138221729,229568.0,389255.75,-14152.0,95839.63999999872,-0.0615928431857341,0.0061790574456672,393207.69999999925,544769.0,279710.0,-3.42000000000003,112421.98000000045,792443.1875
2023-11-21,792443.1875,808207.0,145.0870498,128.375,146.4699634,12.8,127.95,1.7687509717537426,312098.62242836657,145.0870498,146.4699634,133.174,133.61,0.0,-0.5311868004102109,0.8690404575633208,332612.175289048,-0.621554395000004,0.9074968736393112,534631.7553808925,146.3594957,0.561524420329053,307036.7306183167,136827.96849211736,0.0788814719479938,0.2043000978988258,49158.52754629926,0.1875,137106.0,1.0676088800899493,0.921875,0.0153783453335143,7.030550083291884,146.3594957,0.2300187469761227,1.5749999999999993,46054.08641048622,1.6326712854706786,196897.43766693052,0.0057060535013133,157145.0625,195341.12918755005,10563.3125,2.019999999999982,0.0218033784902749,2.1794958788823493,171958.0,-0.0137828820322127,0.1362588339853095,-10254.0,234155.7000000002,162898.0,-445872.2200000007,0.0038939666599219,-0.0285321565972108,286401.3499999996,493734.0,2974.0,14.756500000000017,34481.800000000745,838616.625
2023-11-22,838616.625,881282.0,145.0870498,128.22916666666666,146.4699634,12.8,127.975,2.1611324395170013,299997.6139529274,145.0870498,146.4699634,133.82,136.88666666666668,0.0,-0.4805975813235363,0.8349470643091971,383341.44199815503,-0.5327609100000075,0.9044389799363388,529963.304760172,146.3594957,0.5394952124626718,230096.99436895363,189912.2095881061,0.0810427782342897,0.3782413887477029,47770.06234784679,-1.25,241857.0,0.9659318438909068,0.0875000000000056,0.0175605512817027,7.078750168452032,146.3594957,0.2304235289507159,1.3499999999999996,62559.29484378697,2.048317088446431,218168.3379068716,0.0013482009942982,46173.4375,200873.43895174764,163081.6875,0.4800000000000182,-0.0028204948118802,1.236805795179265,73075.0,0.2434692100638784,0.1158157315161484,-93455.0,181906.25,247340.0,-508486.41000000015,-0.0258932285218682,-0.0326893048443632,217588.19999999923,438251.0,-12382.0,3.5424999999999898,208424.75,878971.25
2023-11-23,878971.25,885858.0,145.0870498,127.66666666666669,146.4699634,12.8,127.875,2.504146613766503,287348.9612879112,145.0870498,146.4699634,135.382,141.07666666666668,0.0,-0.434826383102262,0.7889508178804875,402095.005474453,-0.4439674249999825,0.9044389799363388,499235.5711079624,146.3594957,0.5097750591737699,282075.80442905426,175965.5229606675,0.0954506116741519,0.4479725135340116,63722.88508578564,-2.75,274066.0,0.8739383349489138,-1.5374999999999943,0.0175519630484988,6.94866787687748,146.3594957,0.2304235289507159,1.125,80951.26012403701,2.368096004028445,253089.5492536955,0.001402485203781,40354.625,202975.61819709104,236338.4375,0.5,-0.0116901746806468,-0.3512233281711303,4576.0,0.3717113051485998,0.1025165046958256,-59740.0,227073.09999999963,249609.0,-647312.1500000004,-0.0133501892539831,-0.0414777838573982,272176.4000000004,239383.0,82994.0,6.521999999999991,106068.49000000022,917599.3125
2023-11-24,917599.3125,922893.0,145.0870498,127.20833333333331,146.4699634,12.8,127.675,2.8120691015086314,271769.8210148406,145.0870498,146.4699634,137.89,138.31333333333336,0.0,-0.3934143466163391,0.7288015473289671,390124.2584009479,-0.3551739400000144,0.9074119139542852,472613.4191446741,146.3594957,0.4709100282244046,6551.204007240012,192714.75886917533,0.1201884504224881,0.4689362745176062,81713.17656626382,-0.5,294620.0,0.7907061125728276,-0.46875,0.0202484168184164,6.605863005892759,146.3594957,0.2274413765980024,0.8999999999999986,99247.74067793404,2.6890504585273582,284627.8267819781,0.0014565418335621,38628.0625,192538.53313893155,233891.6875,0.5199999999999818,-0.0350366281787544,0.6435360364165916,37035.0,0.5025928159739046,0.096478959195934,-245883.0,314269.3499999996,114686.0,-308902.3200000003,-0.0083191375966378,-0.0203477749170416,-16198.0,-275657.0,216490.0,4.665500000000009,47406.55999999866,843665.1875
2023-11-27,843665.1875,936059.0,145.0870498,127.375,146.4699634,12.8,127.7625,3.191996735270203,257457.30514483,145.0870498,146.4699634,140.094,139.0566666666667,0.0,-0.3559463136052727,0.6505855111074687,386606.1370131548,-0.2663804549999895,0.8738008700691239,421614.5806450613,146.3594957,0.4203712828562524,27450.66076845489,186273.06754830145,0.1436898624491785,0.4083423982138048,99762.94344484292,-0.125,271406.0,0.715400768518272,0.5062499999999943,0.0234750713218312,6.448536023168057,146.3594957,0.2633846237600841,0.6750000000000007,106278.5727155573,3.07374210473181,329023.1079531245,0.0041954521298912,-73934.125,181729.26813047013,125156.125,1.5,-0.0089202703736719,1.543556413900717,13166.0,0.4705221761893539,0.0981396473461962,-169375.0,372086.1500000004,54777.0,104694.75999999978,0.0010915953120659,0.0069580138828975,-6303.550000000745,-1042597.0,271303.0,3.622000000000014,180857.12000000104,779419.75
2023-11-28,773419.75,864053.0,145.0870498,127.66666666666669,146.4699634,12.8,127.45,3.5188707818032445,247060.21628454575,145.0870498,146.4699634,136.864,136.08,0.0,-0.3220466646905038,0.5466011604962973,401655.1715357769,-0.177586969999993,0.8860672274642526,375928.9202088346,146.3594957,0.3531825211690479,142549.45498098433,103384.48968655847,0.1996899860600957,0.2830056722002791,106798.19125830448,-1.5,190593.0,0.6472673619927214,-0.7249999999999943,0.0261462778245862,5.78476210673954,146.3594957,0.2676901375063697,0.450000000000001,107979.87113500986,3.4378725061448425,380658.9092924597,0.0013926412834581,-70245.4375,169808.3467057005,5048.5625,0.5,-0.0177743837639779,0.2655986601958773,-72006.0,0.2777487967839143,0.0926505849260612,-120942.0,468449.5,-21805.0,346907.44000000134,-0.002430321783672,0.0231906657439757,102927.5,-1220770.0,503980.0,-4.210999999999984,158234.73000000045,790376.625
2023-11-29,790376.625,803869.0,145.0870498,127.89583333333331,146.4699634,12.8,127.475,3.799020095273528,188985.72328878316,145.0870498,146.4699634,134.788,131.71666666666667,0.0,-0.2913755537676081,0.3970965368369442,434135.5160044933,-0.0887934850000249,0.885806157886333,372564.298934577,146.3594957,0.2565811530678972,-31269.06454101577,39086.157335457625,0.1584576709738037,0.2359590468034336,108775.13883945363,0.25,153468.0,0.5856228513267467,0.1343750000000056,0.0269344712309405,6.152248711692102,146.3594957,0.2809748717573757,0.2249999999999996,107787.10086990056,3.7264532311966967,429935.7043243753,0.0013350763496788,16956.875,170605.85181738014,-99551.5,0.4800000000000182,-0.00251963135396,1.0319702163676965,-60184.0,0.2236475594980409,0.0892634386351372,-23217.0,186276.4500000002,-119024.0,995304.4900000002,-0.0067316900839213,0.0669236761368121,-71094.09999999963,-921592.0,213877.0,-9.052000000000008,83101.47999999858,822336.9375
2023-11-30,813393.9375,815104.0,145.0870498,127.8125,146.4699634,12.8,127.85,4.037684849941904,313480.5637739755,145.0870498,146.4699634,131.224,126.29333333333334,0.0,-0.2636255010278603,0.0,441328.7567528481,0.0,0.7525381940871074,467868.2631290297,146.3594957,0.0,-108500.01077520476,45528.66616065207,0.2601654612434064,0.2631220082162189,108598.80709246396,1.375,169795.0,0.5298492464384843,0.1468749999999943,0.0212140023211249,6.255637962332881,146.3594957,0.2437232672921235,0.0,106917.25415029,3.9768994468822494,490974.92712942127,0.001444404322102,23017.3125,172970.99739507487,-127222.6875,0.5199999999999818,0.0019625104561832,1.046782576713639,11235.0,0.2456365380713259,0.0878477268288279,-135658.0,1166960.2000000002,-120955.0,1672149.0199999996,-0.0013783812047152,0.110363117891731,-156733.15000000037,-311002.0,1240656.0,-12.661999999999992,209059.83999999985,870169.1875
2023-12-01,870169.1875,872667.0,144.98601667999998,128.20833333333334,146.4699634,12.8,128.05,4.232992471436761,338702.4296804785,145.0870498,146.4699634,131.696,129.70000000000002,-3.057593300000008,-3.004912248549033,0.6836986466339834,460296.3442398985,-2.904713635000008,0.7509314391627525,586275.6286900379,146.3594957,1.5705540418890316,23616.990251004696,93273.41224058995,0.1625929542249138,0.3765723047218829,108224.51857607672,0.0,238725.0,11.969863603920532,0.3375000000000057,0.022213835121583,6.415579721107476,146.3594957,0.2423467762447436,12.064999999999998,110412.0710367974,4.210525532904913,539673.1337726131,0.001386847141708,56775.25,171765.01470548648,-21328.25,0.5,-0.0029143510289591,1.1167318551218557,57563.0,0.3066209761798266,0.0867243606122807,-131159.0,650783.0,8614.0,1914304.5799999984,-0.0004998019934321,0.1250702652876016,-25539.300000000745,-153491.0,751344.0,6.090000000000003,17336.35000000149,845384.3125
2023-12-04,845384.3125,878282.0,144.88498355999997,128.33333333333334,143.4123701,12.8,128.05,4.470569138391162,355693.8033097777,145.0870498,146.4699634,132.93,135.96,-3.057593300000008,-2.718730129639596,0.941107360583564,461885.7352175991,-2.7518339700000354,0.7281352354198309,660572.0872066496,146.3594957,2.1618588486198527,338448.80070329085,89470.46821767662,0.1513352418897267,0.3804060988700963,111493.2689967365,0.4375,242033.0,10.82987659402334,0.3375000000000057,0.0237383932176018,6.750181186651381,139.3357645,0.2092212161292526,11.429999999999998,112331.94138958138,4.461896103921727,569904.8436695342,0.0041547793812148,-24784.875,183805.32647495743,90749.4375,1.5,0.0007821373191306,1.0669240593959586,5615.0,0.444796118405002,0.0937296325821324,396409.0,553199.4000000004,74413.0,1138619.0199999996,0.0042376970977224,0.0717577655955932,302684.69999999925,480084.0,623722.0,8.927500000000009,-56415.8200000003,885270.375
2023-12-05,885270.375,891523.0,144.78395043999998,128.29166666666666,143.4123701,25.5,128.225,4.648246868169954,416946.1616789586,144.5818842,143.4123701,134.324,141.24666666666667,-3.057593300000008,-2.4598034506263105,1.1201418098639215,462488.9583690073,-2.5989543050000066,0.7199575097161853,735877.7572344776,139.3357645,2.5731267066716943,444887.5339696426,92929.42362551694,0.1432003503907985,0.1030874516058386,113486.28403609664,-0.6875,83316.0,9.798459775544924,-0.0124999999999886,0.0195071044392711,6.770556437522315,139.3357645,0.218620742665717,10.794999999999998,114655.10426252884,4.665640899178479,584930.7570074655,0.001379196204452,39886.0625,199137.6904672208,55007.6875,0.5,-0.0029257453201401,0.6260265299296748,13241.0,0.3105116975396349,0.0931618544581823,638330.0,947961.0999999996,76419.0,404028.8000000008,0.0011802089761653,0.0240157568893313,419895.8000000008,618414.0,1216672.0,2.241500000000002,-97684.45000000112,894726.75
2023-12-06,894502.3125,912017.0,144.68291731999997,128.0625,143.4123701,25.5,128.15,4.766307298448331,464818.601810067,144.5818842,143.4123701,136.578,139.85333333333332,-3.057593300000008,-2.22553645532858,1.25480981411173,464428.8903080904,-2.446074640000006,0.6746709724449974,848862.7526624966,139.3357645,2.8824784648263173,428372.6735915802,102621.1928040391,0.135722873664305,0.0348753293497428,116081.56928178358,-0.25,30735.0,8.865273130254934,-0.3125,0.0186466486789731,6.506035153689483,139.3357645,0.2651587289595708,10.16,116165.452880319,4.780883286599591,569127.9199554024,0.0014323885078368,9231.9375,215807.37941489444,62933.4375,0.5200000000000387,0.0148523925755329,0.2271192413649316,20494.0,0.1171404953241521,0.0963000032352654,532304.0,915938.0499999998,39350.0,425006.6900000013,0.0001197476922712,0.0246807954199219,415152.0,1035935.0,1268643.0,1.6525000000000034,-16284.27999999933,941829.875
2023-12-07,941829.875,945551.0,144.5818842,128.33333333333334,143.4123701,25.5,128.3625,4.847160210406472,651830.4924180593,144.5818842,143.4123701,139.358,137.00666666666666,-3.057593300000008,-2.013580602440157,1.358371469923542,464375.8793651674,-2.293194975000034,0.6913097195155893,989322.8248081576,139.3357645,3.1203744705014222,716175.7522971444,123188.03158460674,0.1638718936332827,0.0673843889201204,116249.63350111851,2.9375,59693.0,8.020961403563987,1.2406249999999943,0.0439507623294439,6.507385763397995,139.3357645,0.2677493645834691,9.524999999999997,115917.83166877774,5.864335449413328,547341.319251379,0.0023655618209326,47327.5625,274164.25743564323,24557.5625,0.8600000000000136,0.0052526434640264,1.6191793136158878,33534.0,0.0669079568986603,0.1002544144673962,545036.0,1973825.75,67269.0,1111917.7300000004,0.0600835813231627,0.0653832477509237,732320.9499999993,413023.0,2369352.0,0.6020000000000039,28702.91000000015,976823.0625
2023-12-11,976823.125,981684.0,144.5818842,128.6875,143.4123701,25.5,128.5125,4.941570680417205,734187.0916662955,144.5818842,143.4123701,140.63,140.21,-3.057593300000008,-1.821811021255371,1.4375652389852125,452264.3945487803,-2.1403153100000054,0.7337255667101307,1047653.5507033268,139.3357645,3.3022939385366312,535636.9187450353,144147.6000051204,0.1226435902898089,0.0637029428113551,115545.86860643598,1.75,58791.0,7.257060317510273,1.0531249999999943,0.2318184239970162,7.054107351487242,139.3357645,0.215233687633142,8.889999999999997,118475.71598152902,20.18181813311141,510299.61909692455,0.0043632172552892,34993.25,294462.8091582079,96445.5625,1.589999999999975,0.0101717940404229,1.3518765218429394,36133.0,0.0715138578195817,0.1123732705896363,267611.0,1514051.7999999998,90161.0,311745.5,0.0919254938545381,0.0180957883826518,561413.0500000007,-29514.0,1884249.0,11.569000000000017,-113537.41000000016,1010021.875
2023-12-12,1010021.875,1020220.0,144.5818842,128.875,143.4123701,25.5,128.475,4.936823477978284,811267.0936609119,144.5818842,143.4123701,140.04000000000002,141.73000000000002,-3.057593300000008,-1.648305209707246,1.496265340004979,447484.8866021629,-1.987435645000005,0.7260144898560511,1085483.006215453,139.3357645,3.437136506047397,616645.831245508,165285.16190939466,0.1190488047189296,0.0899099308911084,117920.0812313138,-0.1875,84161.0,6.565911715842631,0.1937499999999943,0.5598237277336804,7.162989287043942,139.3357645,0.2215453184044751,8.254999999999999,123543.9301217098,50.39864540786254,474766.21234442224,0.0013661202185792,33198.75,314574.30751920625,91552.6875,0.5,-0.0058634341098501,0.4314597102388546,38536.0,0.0645420601271429,0.1144389244408497,384953.0,1561410.9000000004,108203.0,-134941.4200000018,-0.0428723304770084,-0.0076475102031697,649558.0,-66104.0,1937015.0,5.294499999999999,59275.0,1003483.688
2023-12-13,1003483.688,1084540.0,144.5818842,128.70833333333334,143.4123701,25.5,128.6125,98.67614243201476,799245.0104480567,144.5818842,143.4123701,141.25799999999998,144.41333333333336,-3.057593300000008,-1.4913237611636987,1.5368218844053,839186.2910495852,-1.834555980000033,0.7290029578179076,1191718.0746528364,139.3357645,3.5303007166926776,1483097.3235078417,207738.0036323095,0.0941374241354406,0.2551776337794094,122828.72454119356,1.5625,220487.0,5.940586790524286,0.6906250000000114,1.205376771288571,7.260436046060722,139.3357645,0.221243754720575,7.619999999999997,123617.4524423381,110.49517312034423,561395.3277729303,1.182755798090041,-6538.1870000000345,478427.25737718126,115295.125,433.48,0.0160749841213177,0.8427492616446841,64320.0,0.1971833020548805,0.2755391831763923,1044330.0,426684.8499999996,138989.0,446305.15000000224,-0.0138493679463505,0.0246331453060264,1571003.5,3094643.0,712601.0,7.654999999999973,1266304.9800000004,986696.0
2023-12-14,990849.375,1027980.0,144.5818842,125.89583333333331,143.4123701,25.5,127.2125,135.67238425125868,784749.1432418439,144.5818842,143.4123701,141.696,141.63,-3.057593300000008,-1.3492929267671627,1.5606500012492026,1236802.222985516,-1.6816763150000045,1.804129377984632,1268239.8638183137,139.3357645,3.5850373252906538,1492071.1974594742,136780.09852447046,0.0960357988413294,0.2787904496876978,122713.75263179862,-7.375,224111.0,5.374816619998164,-7.015625,1.2176318018208767,7.238091108484837,139.3357645,0.2479436670523066,6.984999999999999,119890.9345305172,144.7837634570589,597506.3109833639,0.0006875171879296,-12634.312999999966,610409.9211731814,61653.812999999966,0.5499999999999545,-0.0030003308309589,-6.532155429940531,-56560.0,0.2874753148095104,0.1641663547952203,1334520.0,355168.25,46296.0,937900.5799999982,-0.0592324937676386,0.05347434567914,1635858.25,4250929.0,933935.0,2.5095000000000027,-178473.08000000194,925657.9375
2023-12-15,925657.9375,994546.0,144.5818842,125.5625,143.4123701,25.5,126.8125,161.4123877550593,772923.9328766732,144.5818842,143.4123701,142.316,140.79999999999998,-3.057593300000008,-1.220788838503637,1.56851226763977,1515284.7714853624,-1.528796650000004,1.795393410928986,1329671.2588102366,139.3357645,3.603098081032862,1441208.988177618,93503.6129507114,0.0969903805647091,0.2201461408605527,118359.2341404025,-0.9375,179442.0,4.862929322855482,-0.4749999999999943,1.2152390517218592,7.172723919198548,139.3357645,0.2575490471639011,6.350000000000001,109226.65520087132,169.08177062562024,626254.6814351592,0.0006870448327984,-65191.4375,719826.9675612765,9872.9375,0.5500000000000682,0.006949614797923,0.0274546110061777,-33434.0,0.248387121772484,0.1408881971207373,1289445.0,482621.75,-25674.0,991647.8500000016,-0.0181624070644035,0.0566325738613351,1638037.3000000007,4086516.0,58874.0,2.0400000000000205,78394.6799999997,921876.875
2023-12-18,921876.875,942503.0,144.5818842,125.60416666666669,143.4123701,25.5,126.7625,180.8497029696502,753373.4588133185,144.5818842,143.4123701,139.83599999999998,137.84000000000003,0.0,-1.1045232348366198,1.5606500012491615,1812616.6418021072,-1.3759169850000037,1.8083550609111612,1395625.472226994,139.3357645,3.5850373252906893,1598015.7988273688,37511.98314588168,0.0980214130688823,0.0800259434583867,107646.84601871812,0.5,69836.0,4.399793196869247,1.125,1.2159132865657472,6.7340299188048345,139.3357645,0.2564951806915909,5.714999999999996,91394.04158005687,187.47133991416035,648617.7374488335,0.0019348879013332,-3781.0625,838181.3572953996,-84363.9375,1.5499999999999543,-0.0014606121359482,1.4950779813865438,-52043.0,0.125643146122206,0.1134806978155591,591897.0,294527.55000000075,-142037.0,296667.3199999966,-0.0165825231830469,0.0159804600672781,1849664.5,1873772.0,391100.0,-2.3329999999999984,99518.9200000018,914460.8125
2023-12-19,914460.8125,939261.0,144.5818842,124.22916666666669,143.4123701,25.5,124.425,195.7632788068557,734275.0063712954,144.5818842,143.4123701,138.348,136.15,0.0,-0.999330545804554,1.5368218844052155,2109994.128124908,-1.223037320000003,3.083825788970202,1441893.209037174,139.3357645,3.530300716692748,1524955.1989390478,31006.17522722634,0.1035362738185448,0.0694298642121777,89102.22553550218,-11.875,60979.0,3.9807652733578927,-10.615624999999994,1.2117411993585194,6.355450292547553,139.3357645,0.2785299802358836,5.079999999999998,71643.12053101325,201.46661345193056,668600.9155324455,0.0006852472496665,-7416.0625,937455.0186662872,-81606.81299999997,0.5499999999999545,0.0187377978737147,-9.787191350174083,-3242.0,0.05942256775209,0.1075916415861786,513324.0,290245.69999999925,-88719.0,392550.1799999997,-0.0060072145264424,0.0212451543907121,1821758.4499999995,1460190.0,495175.0,-3.693000000000012,92655.73000000045,918286.5625
2023-12-20,919910.9375,936241.0,144.5818842,118.27083333333331,143.4123701,25.5,120.55,207.18452843768904,702114.321181752,144.5818842,143.4123701,136.584,134.86,0.0,-0.9041562081088728,1.4962653400048491,2389200.774705546,-1.0701576550000027,5.0073660790229,1456391.125424364,139.3357645,3.437136506047504,1478733.0847543755,25320.825205585803,0.1163330813780519,0.0501591097481499,70342.25106664482,-18.6875,44718.0,3.601644771133333,-16.834374999999994,1.2085564304461944,5.985703911469375,139.3357645,0.1950571245619061,4.445,67947.20184267592,211.9263742875916,677949.5266960874,0.0006847780074206,5450.125,1020409.1311611608,-72235.1875,0.5500000000000682,-0.0523752958829576,-15.35805407872894,-3020.0,0.0817101748620394,0.0941384133069679,521914.0,314731.30000000075,-58305.0,591472.4499999993,-0.0079557050881003,0.0319682859356611,1805919.1,1855081.0,131316.0,-2.017499999999984,68105.26999999955,943719.0
2023-12-21,942904.125,970604.0,144.5818842,111.79166666666669,143.4123701,25.5,118.3,215.62908330534984,662312.1960448811,144.5818842,143.4123701,134.934,133.46,0.0,-0.8180460930508957,1.4375652389850326,2698112.430181253,-0.9172779900000024,6.230643545952336,1467253.1788480903,139.3357645,3.3022939385367764,1565319.6004920546,53999.65137648233,0.1251440016524069,0.064238934142675,66491.9283462607,-18.25,58587.0,3.258630983406352,-15.846874999999995,1.209960399674805,6.145552007238617,139.3357645,0.1353302524363384,3.809999999999999,67162.24791593329,219.39448305206847,693229.295596012,0.0006220994612617,22993.1875,1101560.2325681795,-7371.375,0.5,-0.0047770245759227,-13.83883464265952,34363.0,0.0372950326051517,0.0938609930464568,448252.0,362761.8499999996,28101.0,718052.9400000013,-0.0014014661709305,0.0380706839559887,1916798.9499999995,1997079.0,223146.0,-6.0190000000000055,90550.44999999924,948473.75
2023-12-22,948473.75,954958.0,144.5818842,109.27083333333331,143.4123701,25.5,114.65,221.4414700594844,615732.0170959737,144.5818842,143.4123701,133.376,132.51333333333335,0.0,-0.7401369413317695,1.3583714699233038,3014920.6433195327,-0.7643983250000304,7.206485223486042,1429132.896801339,139.3357645,3.1203744705016137,1493792.305207096,34700.922673960216,0.1317439929667309,0.0099486965800892,65676.33790810242,-20.25,9407.0,2.9482851754628925,-15.418750000000005,1.15817070363455,6.23040952865278,139.3357645,0.1200155760431563,3.1750000000000007,67648.30369641598,224.13198124213883,711790.8942368606,0.0006838839635427,5569.625,1170057.7873054678,21842.125,0.5499999999999545,-0.0062150633028005,-12.916683724311,-15646.0,0.0547566617405816,0.0858311535276137,446505.0,162301.94999999923,15697.0,660215.3200000003,-0.004152242024958,0.0349880951952892,1861833.6500000004,2168378.0,-1094054.0,-5.248500000000007,149626.33000000194,913125.0625
2023-12-26,913125.0625,959125.0,144.5818842,108.79166666666669,143.4123701,25.5,110.4625,224.91516286614728,574393.8188489755,144.5818842,143.4123701,134.748,134.78,0.0,-0.6696477088239874,1.2548098141114208,3303974.3283076216,-0.6115186600000015,8.048329422726017,1335135.8155559578,139.3357645,2.882478464826564,1780273.1332826111,35166.21575263061,0.1480493185854361,-0.0229798998455714,66145.09789807968,-21.1875,-22559.0,2.6674961111330937,-15.509375000000006,0.8242863321799307,6.331719542779159,139.3357645,0.1093726777995388,2.539999999999999,67617.07020014845,226.25703228617567,731577.2465568918,0.0026094087825243,-35348.6875,1242412.8257790382,34012.9375,2.1000000000000227,-0.0018269937776435,-12.647832893424235,4167.0,0.0070542198504799,0.0884874677340706,810949.0,278467.4000000004,22884.0,363059.58000000194,0.0008162482097614,0.0190150022203783,2157596.6999999997,2343597.0,-556778.0,5.312499999999972,183038.8599999994,872981.0625
2023-12-27,872972.1875,921368.0,144.5818842,108.27083333333331,143.4123701,25.5,108.725,226.10416468323967,532438.1165028634,144.5818842,143.4123701,136.45999999999998,138.69333333333336,0.0,-0.6058717365550308,1.1201418098635176,3537388.782135382,-0.4586389950000011,8.666853542604374,1318725.7460480062,139.3357645,2.5731267066720163,1824992.6443985517,-2344.04289047711,0.1598754748145298,-0.0968928270373057,66114.97158695484,-20.375,-98852.0,2.413448862453752,-14.543750000000005,0.4355906530285751,6.464316201065572,139.3357645,0.0972740388352914,1.9049999999999976,66496.99187741558,225.89638567738405,760657.0256476289,0.00068163791394,-40152.875,1306700.8389842084,-5161.5,0.5499999999999545,-0.0002674761672586,-11.4998249988124,-37757.0,-0.0652093531012429,0.0834590799428289,796416.0,230046.75,-49236.0,1025225.8000000007,-0.0018454233709832,0.0523632766494408,2205654.0,1922368.0,-701182.0,5.775499999999994,172670.8900000006,904067.1875
2023-12-28,904067.1875,912721.0,144.5818842,108.27083333333331,143.4123701,25.5,108.65,225.00177252869133,494276.24458651664,144.5818842,143.4123701,137.06799999999998,141.01333333333335,0.0,-0.5481696664069489,0.941107360583017,3801322.294681823,-0.3057593300000292,9.084270017996763,1215051.3097504794,139.3357645,2.1618588486202874,2042590.154455833,-9944.276900907862,0.185962133092268,-0.1584256919984509,64956.63352447682,-19.75,-171819.0,2.1835965898391088,-12.509375000000006,0.0144360107609531,6.315214939875951,139.3357645,0.0890870960055333,1.2699999999999996,58549.07275504049,223.0860872416513,790825.9079692257,0.0006811736001883,31095.0,1385991.548615822,-70737.9375,0.5500000000000682,0.0050213837435602,-9.38674642749693,-8647.0,-0.135681034136018,0.0884862375566218,1143309.0,155763.5,-42237.0,532952.5700000003,0.0032568202446942,0.0272890180227065,2434369.1500000004,2495264.0,351644.0,0.9714999999999918,105881.41999999806,929704.1875
2023-12-29,929704.1875,931409.0,144.5818842,108.08333333333331,143.4123701,25.5,108.2375,221.56958411523985,429186.1080358335,144.5818842,143.4123701,138.45999999999998,139.64666666666668,0.0,-0.495963031511053,0.6836986466331392,4009916.279719213,-0.1528796650000004,9.468489986876753,1182510.528304222,139.3357645,1.5705540418897057,1801284.282602897,7910.987565845251,0.1820609353666604,-0.0939424891534854,57495.92407352469,-13.3125,-96571.0,1.9756350098544324,-13.099999999999994,0.0109796994903987,5.701399735798093,139.3357645,0.0913244811090351,0.634999999999998,50808.092095060325,217.7409268059544,808804.9425452779,0.0006188271986931,25637.0,1413799.2156672482,-44406.5625,0.5,0.012005159404378,-9.963008672497224,18688.0,-0.0990713667684451,0.0858657081941662,617734.0,472913.8499999996,-27716.0,1269662.2099999972,0.0006977179918083,0.0652568483462521,2172509.6500000004,2453291.0,768018.0,0.0229999999999961,-6219.910000000149,929704.1875
2024-01-02,930419.6875,938302.0,144.50066184,108.02083333333331,143.4123701,25.5,107.975,215.76387196911728,445156.779412875,144.5818842,143.4123701,141.01999999999998,140.11333333333334,0.3972622999999942,-0.0893006618433389,0.0888305507567573,4105754.1231794218,0.3773991850000016,9.69649624728904,1163019.0738800347,139.3357645,0.4001982761769727,1858011.1604502408,13394.083988145692,0.1857931497650266,-0.0565524369913508,49559.66007321184,-19.5625,-56244.0,-2.6458540387031317,-11.762500000000005,0.0155933093130353,4.483931398835576,139.3357645,0.0856680005250457,-4.654999999999998,44018.88052146968,209.71526231636372,823929.7991740846,0.0026840490797546,715.5,1420399.4305402052,16579.125,2.169999999999959,0.0250651822360649,-8.731412608449872,6893.0,-0.0577602549316101,0.0941296155696838,633217.0,527394.6999999993,16934.0,-370376.4900000021,0.0065951474822568,-0.0179756670439628,2197606.1999999997,1651257.0,666329.0,5.1025000000000205,-15526.589999999853,995912.9375
2024-01-03,972411.6875,974070.0,144.41943948,107.6875,143.8096324,25.5,107.9875,207.29772995621636,430125.5850178743,144.5818842,143.4123701,140.828,141.0466666666667,0.3972622999999942,-0.0807958369058781,0.1222747559604284,4092315.694390207,0.3575360699999805,9.779432212961078,1150158.8947520775,139.3357645,0.5508706873343809,1772131.0499311704,44479.98075117939,0.2125867134512554,0.0334927315881221,43730.2555347289,-20.875,31567.0,-2.393867939779025,-10.431250000000006,0.0148292729371719,4.480419946246862,137.5460234,0.0866535895001018,-4.409999999999997,42984.62534499933,198.5499879223053,822675.2173914697,0.0006167889964843,41992.0,1408715.6476851052,56723.125,0.5,-0.0141396391185119,-7.617111407645126,35768.0,0.0043712151498727,0.0942585260647736,301270.0,446602.5,61349.0,161741.73000000045,0.0038965107878363,0.0080617399703228,2072752.9000000004,-744.0,774804.0,2.069500000000005,-95162.14999999852,1004789.75
2024-01-04,1004789.75,1006280.0,144.33821712,108.1875,143.8096324,20.6,108.1875,195.91911464401616,401163.7045144637,144.1757724,143.8096324,140.176,141.55333333333334,0.3972622999999942,-0.073100995295789,0.1455360697214884,4039155.6307547977,0.3376729550000164,9.703962561317583,1104140.8361291594,137.5460234,0.6556672644956646,1608996.0451758206,69386.17306059087,0.1740688231416236,0.0713529040383875,44193.08006193015,-7.6875,67019.0,-2.165880516942927,-8.578125,0.0141094522632179,4.2897041978734505,137.5460234,0.0820169428678618,-4.164999999999996,40759.4385013704,183.6694170822024,795354.177916698,0.0007396905627812,32378.0625,1391774.7898183283,91845.75,0.6000000000000227,0.074518351559476,-6.100005559297969,32210.0,0.0803101417420846,0.1077909808166821,359200.0,401217.3000000008,74871.0,-369983.6799999997,0.0121842709296395,-0.0178511473382738,1870683.85,-505225.0,739489.0,0.7040000000000077,-278774.55000000075,1055381.125
2024-01-05,1055381.125,1062910.0,144.25699476,108.10416666666669,143.8096324,20.6,107.875,180.9911471308397,408196.6813718171,144.1757724,143.8096324,140.066,139.42333333333335,0.3972622999999942,-0.0661389957437847,0.1630330079527904,3937373.6718645287,0.3178098399999953,9.612643191562624,1049467.7687070672,137.5460234,0.7344942497773153,1076143.7551590763,114014.63276910609,0.184456081209397,0.1352952925582196,41851.3259164722,-1.9375,126669.0,-1.959606181995984,-8.984375,0.013702374444418,4.292353544077931,137.5460234,0.0890088359242751,-3.919999999999998,46097.96337080523,163.99546432752413,746242.7936050554,0.0006159531875578,50591.375,1331309.778631942,75085.5625,0.5,-0.0279333256749357,-6.819647886983887,56630.0,0.0987783579845855,0.1134188469074169,-312681.0,495382.44999999925,124608.0,88551.69000000134,0.0116307699550461,0.0043763919310986,1271449.9499999993,-130472.0,787721.0,-1.01400000000001,-155913.75,1105339.625
2024-01-08,1104913.25,1106230.0,144.1757724,108.02083333333331,143.8096324,20.6,107.95,161.56137205327667,423136.5769573147,144.1757724,143.8096324,140.33,138.8166666666667,0.3972622999999942,-0.0598400437681618,0.1764884081792704,3754898.332542754,0.2979467249999743,9.4146224104626,984423.8038228452,137.5460234,0.7951133490505575,1038008.6832391656,142350.38202919124,0.0962405714532793,0.1397336091753176,46894.11344585252,-1.6875,135626.0,-1.7729770218058896,-7.674999999999997,0.0177291498552238,4.274636949803047,137.5460234,0.0912121181748082,-3.674999999999997,56023.4965961369,137.57602312807668,681878.221120561,0.0019698368728839,49532.125,1247276.6053800571,125676.9375,1.6000000000000227,0.0230590722503363,-5.8874195167949495,43320.0,0.1492938785108271,0.1411913925454182,-342212.0,615243.1500000004,132160.0,-644255.6400000006,0.0310534993780152,-0.0318550139266701,1160791.4499999993,-471654.0,838020.0,0.4049999999999727,-278709.1499999985,1060581.125
2024-01-09,1060581.125,1125290.0,144.1757724,107.97916666666669,143.8096324,20.6,108.1625,135.71276379778007,439116.8179749921,144.1757724,143.8096324,138.766,137.76333333333332,0.3972622999999942,-0.0541409919807165,0.1867777749319576,3465824.6824199595,0.2780836100000101,8.933908461291866,943637.3200924192,137.5460234,0.8414688742779437,893408.665787816,146037.96469307772,0.1001114452724322,0.1783659595500535,56574.975556156176,-0.25,170332.0,-1.604122067348186,-5.650000000000006,0.0180378771717746,4.264959400064723,137.5460234,0.098682728748276,-3.429999999999996,60220.8309335477,101.03048909793851,608071.5151242019,0.0006143638262579,-44332.125,1165564.435998755,109426.6875,0.5,-0.0515236017760248,-4.421950991385913,19060.0,0.1712592678540965,0.1642980331667203,-399002.0,887875.0999999996,119010.0,-929179.2199999988,0.0315488758786963,-0.0456463169938944,949134.3000000007,-728071.0,1255415.0,-2.5694999999999766,-55516.45000000298,1070425.25
2024-01-10,1070425.25,1074200.0,144.1757724,107.97916666666669,143.8096324,20.6,108.05,98.69394646823164,474587.7585445858,144.1757724,143.8096324,138.05599999999998,137.6966666666667,0.3972622999999942,-0.0489847070301721,0.1944044717664036,3075355.1046414315,0.2582204949999891,8.349639405821204,843486.2574873851,137.5460234,0.8758285725965602,790103.8404746912,85905.30138897512,0.0868868143266303,0.1199791476606282,60640.19094188196,-0.5,115075.0,-1.4513485371245487,-5.878124999999997,0.0169758757631439,3.7450249103226776,137.5460234,0.1035596806841166,-3.1849999999999987,64650.7141268842,58.34063026516856,499180.4109062256,0.0007367839381102,9844.125,1035589.2706952476,55791.375,0.6000000000000227,-0.0371370596257147,-5.18831280173012,-51090.0,0.1181976570252998,0.2747732079848813,436.0,850422.25,11290.0,-451814.7300000005,0.0954488331202207,-0.0222322411337254,762697.1500000004,-282259.0,1060615.0,-0.8370000000000175,-1543.449999999255,1038358.25
2024-01-11,1043924.0,1098380.0,144.1757724,108.45833333333331,143.8096324,20.6,108.1125,5.083624354676091,498944.6901958438,144.1757724,143.8096324,137.632,137.0566666666667,0.3972622999999942,-0.0443194968368061,0.1996738403606672,2566493.887265314,0.2383573799999965,7.610415300930487,703225.2996302188,137.5460234,0.8995680654804312,802935.3318580538,99600.98697097752,0.0998500901362135,0.1921186757082946,64972.33606662423,1.3125,177012.0,-1.3131248669222124,-3.174999999999997,0.0201301703595688,3.6718995514283246,137.5460234,0.1161323715841626,-2.9399999999999977,66186.42927345097,7.997784479417456,358178.1733230839,0.0006135345726732,-26501.25,880645.6660058673,15044.125,0.5,-0.0140864351868675,-3.110854439660585,24180.0,0.1722657650742118,0.1009511454763052,26658.0,826066.3499999996,-7850.0,-107814.33999999984,-0.1468990110524591,-0.0055062471139681,696175.4000000004,371336.0,1039820.0,-0.8140000000000214,43303.25,1057769.5
2024-01-16,1057769.5,1067340.0,144.1757724,107.75,143.8096324,20.6,107.95,5.240218356286504,519975.0538017506,144.1757724,143.8096324,137.20999999999998,136.83,0.3972622999999942,-0.0400985923761538,0.2027697434365939,2376611.427421965,0.2184942650000039,6.650456924350142,680064.3944348835,137.5460234,0.913515688943338,1359092.9193001443,62031.369164217846,0.1036009608898938,0.169404451086367,66172.03118556958,-2.375,154619.0,-1.1880653557867653,-4.631249999999994,0.0236663272796153,3.434750584676785,137.5460234,0.1102062254198238,-2.6949999999999967,68634.25013899173,8.152640579672118,351664.03754431586,0.0033110552455697,13845.5,852748.0235346456,-66981.375,2.699999999999932,-0.00311186051114,-5.133034969216709,-31040.0,0.1894396048253337,0.116631721626347,776435.0,854824.8000000007,-57950.0,-507668.8000000008,-0.0100480403836599,-0.0261322842146908,1247690.0,1806272.0,1165507.0,-2.112000000000023,393484.75,1124212.375
2024-01-17,1124212.375,1125300.0,144.1757724,108.16666666666669,143.8096324,20.6,108.1375,5.32381442205776,571461.6941195762,144.1757724,143.8096324,136.66199999999998,136.49333333333337,0.3972622999999942,-0.0362796788164985,0.2037912599442584,2223529.4607216907,0.1986311499999828,6.286129127523539,627871.8529674754,137.5460234,0.9181178122206208,1531085.9746048916,108563.61972000673,0.1120956316915045,0.2081695581640288,68593.9369333143,1.3125,193891.0,-1.0749162742832643,-1.96875,0.0218861777100967,3.4259877945508257,137.5460234,0.1304427047869481,-2.4499999999999997,76375.64116180125,8.568860392217681,334346.7998862725,0.0006111348774675,66442.875,841540.0485234716,-2811.625,0.5,0.0028146393324652,-2.778103067386553,57960.0,0.1700120462562413,0.1104254634090814,1129731.0,1213217.5,51100.0,-432347.8200000003,-0.0047785592456538,-0.0217580724957066,1424788.3000000007,1397235.0,1221108.0,-1.07650000000001,139689.1000000015,1133637.75
2024-01-18,1133637.75,1159540.0,144.1757724,108.125,143.8096324,20.6,108.2,5.3472494405496365,568791.8647735692,144.1757724,143.8096324,136.91400000000002,136.5666666666667,0.0,-0.0328244713101639,0.2027697434366275,1945464.442117727,0.1787680349999902,4.928121297516058,595164.3239671447,137.5460234,0.913515688943368,1081069.2151187118,129203.274984768,0.0900153314413225,0.2357854933699383,76301.48773818412,1.375,221238.0,-0.9725432957800956,-0.6843750000000028,0.0179265785609397,3.407429807747628,137.5460234,0.1945939837040489,-2.2049999999999983,82381.10617615948,8.83390851985162,320276.1399011506,0.0007329139436877,9425.375,785875.3463959405,53787.125,0.6000000000000227,0.027296909850384,-2.1742361085878343,34240.0,0.2092151354325271,0.1083456164385101,696160.0,534320.0,61160.0,-578195.7100000009,-0.0063142485046005,-0.0296928562081972,954359.8000000007,49921.0,510301.0,0.0409999999999968,54914.949999999255,1174875.375
2024-01-19,1174875.375,1177510.0,144.1757724,108.5625,143.8096324,20.6,108.3,5.393139379705746,552151.7132971445,144.1757724,143.8096324,136.974,137.30333333333337,0.0,-0.0296983311853864,0.1996738403607375,1672717.2668888085,0.1589049200000261,2.01195031721768,603386.57467501,137.5460234,0.8995680654804905,755552.3851074055,133156.7726052663,0.0973870788554689,0.2088556263923537,82200.27524099128,-0.0625,203440.0,-0.8799201247534185,-0.7625000000000028,0.018893149913802,3.362922092465148,137.5460234,0.254498577555263,-1.9599999999999973,90212.38641597888,9.216159435312948,312112.946011382,0.0006103143118705,41237.625,726907.079991212,95279.5,0.5,-0.0019433088097857,-2.9850231458651706,17970.0,0.2193531719464263,0.1023447189895472,-249045.0,511159.8000000008,110170.0,-166224.18999999762,-0.0020021551012706,-0.0087859991246896,602716.5,-1451208.0,577240.0,0.1785000000000138,73391.0,1219959.75
2024-01-22,1219959.75,1226020.0,144.1757724,108.45833333333331,143.8096324,20.6,108.1375,5.4839743560081295,526169.6062467858,144.1757724,143.8096324,138.04000000000002,139.35333333333335,0.0,-0.0268699186915171,0.194404471766511,1405018.6338857831,0.139041805000005,0.7896001132349888,635722.5184192718,137.5460234,0.8758285725966529,930863.7293828912,164365.17521428852,0.0851396263405393,0.2183686449099653,89922.644226541,-0.5,219740.0,-0.7961182081102365,0.0843749999999943,0.0175819023618355,3.4354913844487625,137.5460234,0.2822591823350797,-1.715,99634.56510149848,9.384678596983894,327105.1834341736,0.0020738029887161,45084.375,669552.758313357,117105.875,1.7000000000000457,0.0088447454131257,-2.304901893878011,48510.0,0.1796968698380825,0.1134489647451051,-308908.0,342289.5999999996,100720.0,-955211.6899999976,-0.0040021291164983,-0.0491406053283398,761063.3999999985,-1481245.0,451575.0,4.592999999999989,329965.30000000075,1206468.5
2024-01-23,1206468.5,1242770.0,144.1757724,108.39583333333331,143.8096324,20.6,108.5875,5.506050165187946,508654.0196549298,144.1757724,143.8096324,136.258,135.73666666666665,0.0,-0.0243108788161237,0.1867777749321055,1123899.7585160208,0.1191786900000124,0.7608521343859479,679692.5440487787,137.5460234,0.8414688742780758,1020439.0884892828,163866.1109081658,0.1023183925208776,0.1692147030322417,99235.9196371553,1.4375,179860.0,-0.7202974263854536,0.609375,0.01984782940011,4.241223104370107,137.5460234,0.2948575440571195,-1.4699999999999989,105057.92134211812,9.495748785654952,339639.08330202533,0.0006086797735711,-13491.25,611735.0216606809,95747.375,0.5,0.0032624231337103,-1.6330064754134384,16750.0,0.2141443023279248,0.1071934126120828,224302.0,495697.0,83230.0,-439104.2799999975,0.0005304345836904,-0.0232399693803181,838725.5,34424.0,530791.0,-10.940500000000029,7442.5,1251659.75
2024-01-24,1251659.75,1254450.0,144.1757724,108.75,143.8096324,20.6,108.65,5.456275961581825,491485.1244737204,144.1757724,143.8096324,134.506,132.38,0.0,-0.0219955570240983,0.1764884081794679,889450.2051898453,0.0993155749999914,0.7310939442151546,722189.0583863726,137.5460234,0.795113349050733,963117.3181569688,158827.43367881677,0.1043648701466581,0.1339866031476275,104464.1591335942,1.25,148220.0,-0.6516976714916005,0.7562499999999943,0.0151698887619224,4.557119906486492,137.5460234,0.3106706340326887,-1.224999999999998,113391.35167505709,9.535132212825266,355852.1639823155,0.0006083095078777,45191.25,560600.0564131305,72830.75,0.5,-0.0168901807417654,-1.3643868110883517,11680.0,0.1431590649302165,0.1133035083048282,514346.0,424654.4000000004,76940.0,-223772.3100000024,-0.0013948849633352,-0.0119326210192923,773821.5,412613.0,346032.0,-9.729499999999987,66008.39999999851,1284939.875
2024-01-25,1284939.375,1297640.0,144.1757724,108.39583333333331,143.8096324,20.6,108.3,5.345579851417807,450830.3725293443,144.1757724,143.8096324,133.128,128.38,0.0,-0.0199007420694101,0.1630330079530465,706186.7732050556,0.0794524599999988,0.7365780923901533,750636.579235768,137.5460234,0.7344942497775409,727160.1449991614,182777.67809035812,0.1158779223628754,0.1531605186218663,112748.92413138044,-1.4375,172350.0,-0.5896312265876382,-0.8468749999999972,0.0128637951105936,4.605495687361566,137.5460234,0.3284651922441561,-0.9800000000000004,122303.2203833013,9.412430680544688,381701.52813977486,0.0007295276308589,33279.625,482316.5881147551,76784.375,0.599999999999909,0.0067312614734448,-2.761230924318028,43190.0,0.1323757166490797,0.0999698134848541,81635.0,333906.5999999996,71620.0,169573.0700000003,3.2628527986244826e-05,0.0091744799151858,517700.8999999985,367826.0,39321.0,-6.787000000000006,124000.35000000148,1253619.625
2024-01-26,1253619.625,1294030.0,144.1757724,106.29166666666669,143.8096324,20.6,107.225,5.313436889571928,434417.7935441132,144.1757724,143.8096324,130.75799999999998,128.13666666666668,0.0,-0.0180054333008854,0.1455360697218213,573672.870272833,0.0595893450000062,1.4534830840648878,779666.1121585346,137.5460234,0.6556672644959594,672037.3692849576,162104.08970080013,0.1334024639895914,0.2046453174455409,121579.37850649536,-4.875,219830.0,-0.5334758716745291,-5.328125,0.016424399967361,5.134110285243486,137.5460234,0.2561741918423765,-0.7349999999999994,123621.9105901795,9.192581734618347,408275.1908777668,0.0006074965068951,-31319.75,441711.34459895466,64980.125,0.5,0.0086402753915691,-6.795875598192495,-3610.0,0.2115432235322876,0.1046295994722771,-99737.0,586074.9000000004,51260.0,126175.8900000006,0.0106260581337882,0.0068368551418596,459525.3000000008,319789.0,375559.0,-10.673999999999992,41351.099999997765,1253608.0
2024-01-29,1253608.0,1258860.0,144.1757724,104.75,143.8096324,20.6,106.425,5.325338239862173,392923.9003623423,144.1757724,143.8096324,130.57999999999998,132.81,0.0,-0.0162906301293617,0.1222747559608838,536566.6024345343,0.0397262299999852,1.6525343126876766,738243.8096503478,137.5460234,0.5508706873347862,1013993.2388768644,114845.12877691444,0.1456881236989783,0.146106083504798,122777.04949478664,-4.8125,160480.0,-0.4826686458007643,-3.340625000000003,0.0151192924961358,5.079670627530968,137.5460234,0.1965935071938522,-0.4899999999999984,118818.924269849,8.828614288971373,466731.1886386368,0.0020642341084331,-11.625,446144.24359846703,47151.125,1.7000000000000457,0.001939188878472,-4.508768398364637,-35170.0,0.1711416794400169,0.107841012142225,304896.0,283662.0,4410.0,510522.7100000009,0.0047886316382676,0.0275523094253986,823830.3000000007,1161660.0,139538.0,5.172999999999973,397502.1000000015,1267133.625
2024-01-30,1267133.625,1278750.0,144.1757724,104.91666666666669,143.8096324,20.6,106.2125,5.272875251849871,330199.22877616785,144.1757724,143.8096324,131.85399999999998,133.61333333333334,0.0,-0.0147391415455899,0.0888305507574623,671046.6777868123,0.019863115000021,1.6250632578795592,722913.8074523732,137.5460234,0.400198276177602,1113612.8351743072,121903.21175054158,0.1223467642411196,0.198071842149643,117790.52569718464,1.1875,211410.0,-0.4367002033435483,0.15625,0.0121089458162262,5.122431679952389,137.5460234,0.179623387298754,-0.2449999999999974,114670.52087201028,8.418890085007092,532033.0354315534,0.0006058770069676,13525.625,490461.1327888367,1948.25,0.5,-0.0036462371541336,-0.9692428366156208,19890.0,0.2072981555258024,0.1126638142632496,681152.0,147499.0,-18890.0,906517.5699999966,0.0042791050866478,0.0485998062459511,967073.5500000007,1864389.0,-45227.0,-3.266999999999996,180085.5,1260562.625
2024-01-31,1260562.625,1279850.0,144.1757724,106.60416666666669,143.8096324,20.6,105.9375,5.149805821632412,341405.3258906197,144.1757724,143.8096324,132.628,135.49666666666667,0.0,-0.0133354137793446,0.0,789450.2295374712,0.0,1.6237469865470588,704028.9292052846,137.5460234,0.0,1300866.5175386593,111288.62015525204,0.1941877535626189,0.1373411534701858,113456.06438949308,-1.0625,154550.0,-0.3951097077870216,-0.0437500000000028,0.0083636573672962,5.212679152543235,137.5460234,0.1801605854198808,0.0,109519.25566715172,7.83452714122492,638228.660597432,0.0006055101422948,-6571.0,550469.329037242,-17806.25,0.5,-0.0016952087393685,-1.0465768521760452,1100.0,0.1979298183583475,0.1007012640437247,989721.0,679230.0,-14180.0,1940310.549999997,-0.0207711101063704,0.1044220324696678,1198867.6000000015,1858030.0,94432.0,-4.401499999999999,474986.5,1302467.125
2024-02-01,1302467.125,1303420.0,144.12380318,107.47916666666669,143.8096324,20.6,105.875,5.124910782329353,318283.0558222023,144.1757724,143.8096324,132.962,132.35000000000002,-0.0909347999999852,-0.0943397172289337,0.020333639378282,789180.0937820947,-0.0863880599999902,1.6305919725443014,756968.7608457843,137.5460234,0.8740345193756448,178378.8015825972,122014.94204522808,0.1688041767619819,0.1240836883591769,108104.98594351987,-2.0625,143880.0,-7.052718307045403,-0.6343750000000057,0.0062549768612016,4.907209384911036,137.5460234,0.1823463680789509,-7.030000000000001,104125.89376364664,7.395515195054033,751075.650050982,0.0007261724659606,41904.5,542747.108351756,6943.0,0.6000000000000227,0.0026809020442603,-1.5123790567307085,23570.0,0.1212851352930535,0.1045439235742648,-562682.0,149398.75,44560.0,1823720.1499999985,-0.0019866583792397,0.0957849326313307,70564.55000000075,-979704.0,221244.0,-3.102499999999992,265652.44999999925,1316204.0
2024-02-02,1316204.5,1326320.0,144.07183396,106.25,143.7186976,20.6,106.1875,5.047800459032131,292543.8062254725,144.1757724,143.8096324,134.55,132.63,-0.0909347999999852,-0.0853549822547563,0.0279891408362831,789383.8898811763,-0.0818413199999668,1.8056785200494605,779240.0651128674,137.5460234,1.2031036241430884,-153303.94142527133,131113.51899330155,0.2308315563411192,0.1263768460565091,102385.7679610078,-3.8125,148810.0,-6.3810308492315535,-3.315624999999997,0.0090009208103132,4.7323450012141866,133.6372222,0.2001162115490674,-6.660000000000004,100688.61473122454,7.201945278169646,842464.598128129,0.000604704601802,13737.375,541484.1066136131,48859.125,0.5,-0.0012144489776873,-3.9695334322801727,22900.0,0.1489270933329451,0.1029902603927061,-1127344.0,286019.75,47570.0,995631.5500000007,0.0224801556463371,0.0509034466284405,-279423.5,-2015673.0,360300.0,-1.164500000000004,37393.199999999255,1260997.0
2024-02-05,1246748.0,1334440.0,144.01986474,106.22916666666669,143.7186976,13.2,106.825,5.021123799613793,252113.3788390169,143.9159263,143.7186976,131.55,131.01333333333335,-0.0909347999999852,-0.0772259363257319,0.0333137410234448,805679.656020672,-0.0772945800000002,1.7743836958236647,797407.0989638983,133.6372222,1.4319797373224732,139758.62442475557,125973.18385108234,0.2251791498789985,0.0884324888664132,101054.35962927512,-0.8125,108420.0,-5.773313625495213,0.1875,0.0100558659217877,4.959240683601213,133.6372222,0.1850254312224065,-6.290000000000003,93795.4038706242,6.854852507167043,892901.827540303,0.002054753127455,-69456.5,536339.775741456,49070.375,1.6999999999999318,-0.0017587495527874,-0.4813635815868196,8120.0,0.1202924395278945,0.1159876167562568,-1143757.0,77264.09999999963,54590.0,90105.18000000344,0.0093055927658756,0.0043907184935072,11105.39999999851,-2548427.0,298358.0,-7.670500000000004,-172417.19999999923,1215654.0
2024-02-06,1216639.0,1276400.0,143.96789552,106.58333333333331,143.7186976,13.2,106.875,4.927311106208418,218743.49154656107,143.9159263,143.7186976,130.44,129.41,-0.0909347999999852,-0.0698710852470867,0.0373188544711345,805522.4112827969,-0.0727478399999768,1.781033574110862,855712.6025887446,133.6372222,1.6041381655231342,95031.3268604912,61463.35681764572,0.272369638473661,0.0270605180363221,94772.7800286888,-0.8125,33630.0,-5.223474232590906,0.65625,0.0081731653485377,5.125906826061558,133.6372222,0.1850440018989912,-5.920000000000002,88920.32763662295,6.245920163153627,930298.468240668,0.000603099933659,-30109.0,506375.6887015755,434.375,0.5,-0.0211862163449247,0.0168615214214469,-58040.0,0.0336381999488097,0.1072431726877691,-74770.0,1404.1500000003723,-27020.0,194364.80000000077,-0.0095885961780861,0.0093160388905377,-60106.199999999255,-191123.0,31268.0,-6.410499999999985,101819.85000000148,1152887.0
2024-02-07,1154805.0,1215650.0,143.9159263,107.8125,143.7186976,13.2,106.9125,4.883150406782543,198831.1223157231,143.9159263,143.7186976,130.23999999999998,128.31333333333336,-0.0909347999999852,-0.0632166961759423,0.0403988450198146,823147.0183345642,-0.0682010999999818,1.7817231596878362,898847.1949882451,133.6372222,1.7365305031538043,-183213.9899833649,645.4180731079541,0.2703683883340185,-0.0309298895930487,89894.32603145247,-1.1875,-38800.0,-4.726000496153677,0.4031250000000028,0.0086144516040109,5.016614396183036,133.6372222,0.184647670893084,-5.550000000000001,87012.68657020501,5.998857698303066,927400.680878066,0.0007232837080344,-61834.0,485403.99648778193,-86813.125,0.6000000000000227,-0.0186916347008132,-0.2109348139520221,-60750.0,0.007613543163373,0.1127921955772915,-24481.0,15973.300000000743,-110670.0,138738.31000000238,0.0014653437631876,0.0067496635068831,-375691.8000000008,-750850.0,78925.0,-2.8789999999999907,-116590.90000000224,1115905.0
2024-02-08,1117908.0,1164130.0,143.9159263,108.25,143.7186976,13.2,107.2875,4.782410205006021,197103.0666486669,143.9159263,143.7186976,129.81199999999998,129.45333333333335,-0.0909347999999852,-0.0571960584449016,0.0427541188737295,847173.659105213,-0.0636543599999868,1.786885130723177,918825.1360449516,133.6372222,1.8377711421690055,-162385.75284209102,-46029.38364814036,0.2850370564799022,-0.1028867790758607,88066.28510465179,1.5625,-133510.0,-4.275905210805707,1.4593749999999943,0.0095396816274928,5.02342554543384,133.6372222,0.1849817328111357,-5.180000000000003,83212.4710917873,5.721182501092473,903162.8396761158,0.0006023007890141,-36897.0,458058.9992261224,-163317.0,0.5,-0.0001176014353863,0.7704637397576874,-51520.0,-0.078913418762567,0.1110224257127754,-328520.0,64085.59999999963,-170310.0,-230342.9200000018,0.0166135006422278,-0.0111752696802085,-392726.0,-565870.0,163173.0,-3.004000000000019,-7131.349999997765,1128510.875
2024-02-09,1149260.0,1151110.0,143.9159263,107.8125,143.7186976,13.2,107.8125,4.639918329646423,199006.6346140595,143.9159263,143.7186976,129.664,131.33666666666667,-0.0909347999999852,-0.0517488147834797,0.0444998978003262,886341.4812716275,-0.0591076199999918,1.7930444009251576,923366.143811564,133.6372222,1.9128128507265492,-288335.6335237957,-53425.63282450801,0.27966579786261,-0.1104456620016537,84404.7210088587,4.1875,-142920.0,-3.8686761431099264,-0.6312499999999943,0.0061700077985229,4.919357333934826,133.6372222,0.1938232420909303,-4.809999999999999,78596.46970112897,5.027467710411362,856453.0529870981,0.0007223258893638,31352.0,435169.8964278595,-145092.0,0.6000000000000227,-0.0020835325534823,-1.2255328068859086,-13020.0,-0.1315508050522597,0.1183158189066779,-450097.0,190555.4000000004,-125290.0,-987806.2199999988,-0.0085728400343885,-0.0469092251125435,-562987.9499999993,-1079354.0,-16375.0,0.1935000000000002,-73662.30000000075,1105579.625
2024-02-14,1105579.625,1146480.0,143.9159263,106.1875,143.7186976,13.2,106.8875,4.628888123911063,194862.98042438467,143.9159263,143.7186976,131.426,132.99,-0.0909347999999852,-0.0468203562326721,0.0457060756316543,937085.302538504,-0.0545608799999968,1.99494632891915,923709.5569144124,133.6372222,1.9646599912274831,183488.76014513892,-52526.52493645949,0.2835790243623344,-0.089271245412516,80699.5393650821,-1.4375,-112380.0,-3.500230796147076,-4.131249999999994,0.0081167716084717,4.852962090581647,133.6372222,0.1932242299106659,-4.440000000000001,73093.91094919678,4.657730981392074,793016.773253597,0.0032481203007519,-43680.375,399063.9640489575,-87143.125,2.700000000000045,0.0059510359473353,-4.558220158611064,-4630.0,-0.0997980148882879,0.1171419603680816,338573.0,39189.84999999963,-69170.0,-954321.8200000004,0.0069823850391313,-0.0461167913661466,-105499.30000000076,-366930.0,87033.0,2.691000000000031,-9837.14999999851,1093751.625
2024-02-15,1093751.625,1126330.0,143.9159263,106.0625,143.7186976,13.2,106.975,4.764045605034016,194468.3950084392,143.9159263,143.7186976,133.56,135.65666666666667,-0.0909347999999852,-0.0423612746866979,0.0464147392203192,926418.6812760974,-0.0500141400000018,2.016930804074818,911337.5955136312,133.6372222,1.9951216525979565,357045.06870274246,-65754.95113298716,0.2810182229035587,-0.1191945259042033,74750.99101564536,0.6875,-152420.0,-3.1668754822283063,1.3375000000000057,0.0062277173416218,4.962159546851757,133.6372222,0.2090658188675229,-4.070000000000004,69643.19259090703,4.562676845918824,759861.6175499124,0.000743449847113,-11828.0,399272.5385662249,-47307.375,0.6200000000000045,-0.0010864759038678,0.9086341422090384,-20150.0,-0.1180818684947766,0.1145214746221811,545978.0,-63852.550000000745,-37800.0,-545317.7800000012,-0.0121753283335997,-0.0267555253473352,96394.35000000148,297583.0,65135.0,5.171999999999997,235925.87999999896,1065368.625
2024-02-16,1065368.625,1107760.0,143.9159263,106.4375,143.7186976,13.2,106.9875,4.836689167787433,173598.65649068033,143.9159263,143.7186976,134.674,136.66333333333333,-0.0909347999999852,-0.0383268675736871,0.0466485681020402,910226.382703921,-0.0454673999999784,1.992633947654948,918091.7216857668,133.6372222,2.0051727069034024,-41502.27117370814,-76294.00340603595,0.2297346097247239,-0.1344610696566004,71395.5544951941,0.25,-172090.0,-2.8652682934446574,0.7531249999999972,0.0071830356631419,4.950810247348826,133.6372222,0.2171808213780559,-3.6999999999999993,74392.54501230031,4.32855789164673,717195.7083934791,0.0005751464826195,-28383.0,400517.912179106,-22153.375,0.4799999999999045,-0.0034359024760881,0.2566213667605694,-18570.0,-0.1368300837253845,0.1123827600753976,299363.0,-35941.050000000745,-43350.0,-962625.3599999994,-0.0036080575138198,-0.047963352929856,-278964.19999999925,84029.0,-526042.0,3.187999999999988,-113512.87999999896,1072261.0
2024-02-19,1072261.0,1089540.0,143.9159263,108.25,143.7186976,13.2,106.8875,4.969407356437425,222587.55355410744,143.9159263,143.7186976,136.56199999999998,138.01333333333332,0.0,-0.0346766897095278,0.0464147392202935,911760.4257474652,-0.0409206599999834,1.963105421199198,909681.6353919408,133.6372222,1.9951216525979871,-51518.29296668992,-85512.66974831838,0.2832406251174154,-0.1640913903423302,76012.29610327868,1.375,-213880.0,-2.59238559883088,1.2874999999999943,0.0115949674859221,5.071746714578032,133.6372222,0.2170626404919728,-3.3299999999999983,78585.26739547084,4.267751904231896,671596.0453900682,0.0020358062391474,6892.375,405734.98143945966,-63142.25,1.7000000000000457,0.0025467914596834,0.6845621889738567,-18220.0,-0.1548467296497863,0.1176383900956541,-207215.0,632994.0999999996,-56940.0,-606095.9900000021,0.0025412907298413,-0.0307050943381966,-282884.80000000075,902288.0,681273.0,6.524000000000001,175732.8999999985,1059715.5
2024-02-20,1059715.5,1086810.0,143.9159263,108.35416666666669,143.7186976,13.2,107.3,5.030473871212565,217557.16126768888,143.9159263,143.7186976,136.206,135.7466666666667,0.0,-0.0313741478324232,0.0457060756316006,925173.6193909358,-0.0363739199999884,1.9925746205414472,891142.5586421792,133.6372222,1.9646599912275453,279919.49683966115,-79838.60596276424,0.2762843001295621,-0.1805823632305929,80097.30378427508,4.6875,-239510.0,-2.3454917322755566,1.6812500000000057,0.0066505441354292,4.959760685015211,133.6372222,0.2099224981413368,-2.960000000000001,84567.56438364438,4.3180825118603,625580.5842631796,0.0005975500448163,-12545.5,399848.1144212196,-33318.625,0.5,2.420007295894644e-05,1.0151991233572917,-2730.0,-0.1767462077017875,0.1068213340523563,-57452.0,-103425.80000000076,-39520.0,-591069.1499999985,0.0077876453522239,-0.0297975234724231,59192.199999999255,1434285.0,-232242.0,-1.3944999999999936,203094.75,1039511.75
2024-02-21,1039511.75,1065420.0,143.9159263,108.29166666666669,143.7186976,13.2,108.25,5.138107782002988,205491.37271054217,143.9159263,143.7186976,135.43,134.25000000000003,0.0,-0.0283861337531448,0.0444998978002428,922690.3408975396,-0.0318271799999934,1.9758487308601536,851085.0474254787,133.6372222,1.9128128507266475,372132.6399977878,-91587.7863472628,0.2932600559983104,-0.2015976739306375,85934.23917615107,0.125,-269020.0,-2.1221115672969315,0.5906250000000028,0.0067398047623392,4.383160689681588,133.6372222,0.2141345603684344,-2.5900000000000016,91128.34359963652,4.216697229657724,601899.4400885357,0.000716631830397,-20203.75,401924.3637699619,-34036.125,0.6000000000000227,0.0085501125606245,-0.0993436502957791,-21390.0,-0.1948698681967232,0.1045956540984645,476849.0,-154953.25,-42340.0,252357.41000000012,-0.0075135896867593,0.0132073179125022,178846.80000000077,931192.0,-102729.0,-0.5364999999999895,116692.80000000076,1076030.0
2024-02-22,1076030.0,1090480.0,143.9159263,108.29166666666669,143.7186976,13.2,108.225,5.190589054950837,206137.4520737375,143.9159263,143.7186976,134.096,131.5466666666667,0.0,-0.0256826924433255,0.0427541188736153,932555.8693908048,-0.0272804399999984,1.9552219006869505,820058.439279986,133.6372222,1.8377711421691412,-59204.3257162869,-60191.80669514253,0.2921457724482552,-0.1456596678157317,92339.38935872298,0.3125,-185920.0,-1.9200057037448417,1.3031249999999943,0.0031697889467863,4.191022830814938,133.6372222,0.217372987668926,-2.2200000000000024,94195.6318810694,3.99095503677392,585378.9669559825,0.0005967655308229,36518.25,404469.3894051188,-25856.875,0.5,-0.0042356476858272,0.532141459256195,25060.0,-0.1756429634646236,0.1034719545863694,54719.0,-148413.84999999963,940.0,-191936.3200000003,-0.0193267335187369,-0.0100316012054141,-238724.6499999985,-305539.0,-49336.0,-0.9575000000000102,321465.34999999776,1105610.25
2024-02-23,1105610.25,1106730.0,143.9159263,107.95833333333331,143.7186976,13.2,108.2125,5.19752765117656,206312.29266910243,143.9159263,143.7186976,130.10399999999998,126.49333333333335,0.0,-0.0232367217344346,0.0403988450196674,941799.4078733812,-0.0227336999999749,1.911121364127848,786881.8526548797,133.6372222,1.736530503153983,-53331.48517188057,-39756.87272417662,0.291650394465009,-0.0895981573643729,95326.67187349536,0.0,-108920.0,-1.7371480176739045,0.7999999999999972,0.0062860852037853,5.471097527725658,133.6372222,0.2188255296945543,-1.8500000000000012,93958.87627366972,3.977625713422297,561002.8826948879,0.0007156915369475,29580.25,404786.6427062469,3769.0,0.6000000000000227,-0.000431967319662,-0.0274672511491473,16250.0,-0.1148550492163066,0.1023022916482311,-305925.0,-146691.69999999923,19920.0,-176162.94000000134,0.0432261032697217,-0.0091536446488403,-216278.1000000015,-1331849.0,-83668.0,-15.671499999999996,92541.55000000076,1080444.25
2024-02-26,1080444.25,1114860.0,143.9159263,106.52083333333331,143.7186976,13.2,107.2125,5.257597910644074,202705.263747976,143.9159263,143.7186976,125.674,121.75333333333334,0.0,-0.0210237006168654,0.0373188544709468,952162.8523005708,-0.0181869599999799,2.074424757773277,744195.0974513309,133.6372222,1.6041381655233662,275093.32293972746,-28614.789607588435,0.292872423661349,-0.0423234518481613,95046.62044196644,-5.5,-49270.0,-1.5717053493240076,-3.440624999999997,0.0062048158478964,6.351452279016409,133.6372222,0.2011243819232363,-1.4799999999999986,92140.80127410663,3.798618135208068,543741.317386744,0.0020263424518742,-25166.0,405761.3904928577,45894.75,1.6999999999999318,0.0002687439479239,-4.039732274849229,8130.0,-0.0410072713110651,0.1096957973304714,-79928.0,39756.84999999963,49440.0,277766.6099999994,-0.0163682207919604,0.0143476340489048,137451.6499999985,561367.0,55476.0,-13.762500000000005,184810.55000000077,1034335.0
2024-02-27,1034335.0,1092730.0,143.9159263,107.02083333333331,143.7186976,13.2,107.425,5.250369310369776,204679.4870542205,143.9159263,143.7186976,120.896,113.74666666666668,0.0,-0.0190214434152551,0.0333137410232007,993631.4218576524,-0.0136402200000134,1.9243398560503255,686952.6889231198,133.6372222,1.431979737322773,525658.8159930855,-45911.95250210376,0.2913416493661809,-0.0507162651701401,93183.87241721644,3.125,-58380.0,-1.4220191255788637,2.6937499999999943,0.0076253219960333,8.224891552635988,133.6372222,0.3354864183841713,-1.1099999999999994,93681.35920124225,3.707682493684485,528123.5003751103,0.0005947778504729,-46109.25,417496.2041457127,40932.5,0.5,0.0004595506139745,2.225956513231651,-22130.0,-0.0317775706713384,0.1009434713255778,663539.0,-188591.25,2250.0,1009126.25,-0.0007230094107117,0.0532766939428781,425183.3999999985,1858158.0,-334863.0,-22.819000000000003,230881.8999999985,998835.1875
2024-02-28,1009206.063,1037950.0,143.9159263,107.16666666666669,143.7186976,13.2,107.5375,5.292624858732529,204785.53829185964,143.9159263,143.7186976,115.624,110.11666666666667,0.0,-0.0172098773757056,0.0279891408359524,1072901.6280642874,-0.0090934799999899,1.819123559937763,694547.148066558,133.6372222,1.2031036241434947,692720.8335175551,-91102.24273999874,0.2908079756357251,-0.094663666178215,94637.9371997151,5.3125,-108530.0,-1.2865887326665906,0.875,0.0092097343826298,9.491813023531158,133.6372222,0.295353094106713,-0.7399999999999984,95500.8918341382,4.0944486165996965,556820.3562460622,0.0007133091600783,-25128.937000000034,428727.8555162962,-41695.0,0.6000000000000227,0.011041788968782,0.5437225595905346,-54780.0,-0.0834514554412246,0.1013935198659846,903260.0,-85511.19999999925,-68780.0,1828769.5500000007,0.0164157756020553,0.0959029938029163,657432.75,2807655.0,-91994.0,-23.1575,223838.3500000015,1014711.938
2024-02-29,1014711.938,1057220.0,143.9159263,108.79166666666669,143.7186976,13.2,107.5125,5.281373326234726,201528.0703017305,143.9159263,143.7186976,109.374,104.38,0.0,-0.0155708414351636,0.0203336393777746,1101222.4524797862,-0.0045467399999949,1.8272736152903952,817500.5345483768,133.6372222,0.8740345193762694,586852.8493730277,-64991.07676476077,0.2718152408106791,-0.0613585716441895,97118.40558619826,-0.25,-69110.0,-1.1640564724126286,0.8531250000000057,0.0078699024495496,11.318098629139923,133.6372222,0.2960095675008334,-0.3699999999999992,94303.1010880359,4.312470411831602,562517.5922721126,0.0005940005940006,5505.875,419902.8751508148,-106775.0625,0.5,0.0175581284517246,0.4919394586771517,19270.0,-0.0965506554989198,0.1014315016279247,501784.0,43978.300000000745,-57640.0,2319419.969999999,-0.0026645701314667,0.1181116737869736,618654.8999999985,1647901.0,150315.0,-26.58749999999999,-153078.5,1054958.0
2024-03-01,1054959.0,1057900.0,143.90137450000003,108.16666666666669,143.7186976,13.2,107.55,5.216268478773236,188673.9103378877,143.9159263,143.7186976,112.69,112.81666666666668,-0.9508036000000004,-0.8743387803460791,0.2126061482799415,1059250.6987445997,-0.9032634200000302,1.831656367703003,886180.1589106632,133.6372222,1.9971226478526485,263225.8637184538,-58186.21231097402,0.2733565634350188,-0.0450097494042031,95789.91106292055,0.125,-49860.0,-3.043670141706663,0.5843749999999943,0.0076436598571363,11.347542789891245,133.6372222,0.293676898623165,-2.09,89975.88237719839,4.125671715679163,604819.7028213423,0.0005936479667556,40247.062000000034,349968.16289735574,-65732.31200000003,0.5,-0.003533726022987,0.2188976054698059,680.0,-0.0722647493209438,0.1022533744266086,-100033.0,301617.6500000004,-34830.0,1706320.5300000012,0.0044721767545284,0.0855283128614567,359057.3500000015,347999.0,395075.0,5.893000000000001,193012.75,1047614.0
2024-03-04,1056409.0,1109770.0,143.88682269999998,108.0,142.767894,13.2,108.425,5.182627254944796,197846.5208745676,143.9159263,143.7186976,118.036,125.77333333333335,-0.9508036000000004,-0.7910684203131098,0.2926511732015905,1118588.342641994,-0.8557232400000032,1.8303763409055969,926510.510910664,133.6372222,2.749028147318943,418244.1624119356,-5714.668281357503,0.2398335965284871,0.0185674688400609,91404.22265944516,-0.625,20230.0,-2.753796794877457,0.296875,0.0063149063534533,11.941212095753976,142.5686262,0.3022257641690037,-1.9799999999999984,79293.2833903653,3.817192789179769,634649.2950160007,0.0017798872738059,1450.0,371456.1659967888,20623.0,1.5,0.0072093096121718,-0.0281402617177946,51870.0,-0.0097718524421535,0.1100877189139043,-140969.0,260144.69999999923,71820.0,632311.0199999996,-0.0201804195107186,0.0302574148900574,529285.0500000007,-512117.0,-343574.0,16.698999999999998,-128638.0,992683.0
2024-03-05,1006243.0,1052680.0,143.87227090000002,105.9375,142.767894,11.0,106.8625,5.12348349840557,198802.18715385787,143.8431673,142.767894,124.242,138.52666666666667,-0.9508036000000004,-0.7157285707594667,0.3483245679926946,1186734.5712917778,-0.8081830600000046,2.070151278480469,986178.6107968964,142.5686262,3.271997960354321,764904.8612298481,-56823.2713021806,0.2379836370682132,-0.0314038332367203,81022.98418812439,-6.75,-34130.0,-2.491530433460557,-5.287499999999994,0.0112074338489431,12.114937104773723,142.5686262,0.3015537994431598,-1.8699999999999992,64423.02145421846,4.313855126557273,655215.2623852134,0.0011844832691738,-50166.0,416072.7904827834,48778.8125,1.0,0.0239082290166066,-5.171293570125613,-57090.0,-0.0229860080707962,0.107246023887335,330302.0,134410.44999999923,-4540.0,-241850.2399999984,0.0224557774421312,-0.0110147532556305,888895.8999999985,-301009.0,262207.0,10.787999999999997,-33593.5,999642.0
2024-03-06,1015306.0,1025160.0,143.8577191,106.08333333333331,142.767894,11.0,106.9,5.108278523556064,199080.26743972703,143.8431673,142.767894,130.93,140.51666666666668,-0.9508036000000004,-0.6475639449728305,0.3902015642709833,1258560.6428064825,-0.7606428799999776,2.084077717892348,1061082.4697107037,142.5686262,3.665370863091352,364053.445874624,-76310.57879721094,0.2395828694415303,-0.0377879146252182,67092.72125468602,0.75,-40260.0,-2.2542418207500283,1.0437500000000028,0.0075895739643629,12.35940505934829,142.5686262,0.3123840671798902,-1.7599999999999998,54410.6017861033,4.380609306367116,659138.5231864869,0.0005915409642118,9063.0,430371.25393435865,-22028.93799999997,0.5,0.0367374132972416,1.089067722267302,-27520.0,-0.063255185000125,0.1075618698969632,263691.0,80381.34999999963,-32740.0,349627.91000000015,-0.0248091098026774,0.0161441144559144,492314.94999999925,669763.0,257671.0,10.4375,-20456.25,994808.0
2024-03-07,989652.0,1010970.0,143.8431673,106.10416666666669,142.767894,11.0,106.8125,5.0348824269462265,204490.83492611183,143.8431673,142.767894,138.458,138.41666666666666,-0.9508036000000004,-0.5858911883087501,0.4224055840693189,1280395.79660684,-0.7131027000000074,2.0806023767180624,1081393.1408443544,142.5686262,3.967880352160385,128794.16531513631,-81881.4760546193,0.2341772007715181,-0.0729128457193162,55641.94274192923,-0.5625,-79510.0,-2.0395521235357403,0.4312500000000057,0.0130369056955479,12.54005355482528,142.5686262,0.3142203818900324,-1.6499999999999986,46754.16196589424,4.504815522863361,661802.484935899,0.0005911912503695,-25654.0,431049.9029447235,-55316.0,0.5,-0.0027474087290197,0.4198707963370793,-14190.0,-0.0383543043164255,0.1101105630321207,-157055.0,233183.75,-98800.0,-42746.8200000003,0.0054819448930693,-0.0019854508160002,245910.8999999985,-195715.0,423548.0,9.047999999999972,17391.75,1002335.0
2024-03-08,992396.0,1010420.0,143.8431673,108.10416666666669,142.767894,11.0,106.825,4.910845033994571,213013.6588079178,143.8431673,142.767894,139.494,138.23666666666668,-0.9508036000000004,-0.5300920275174406,0.447032051141255,1245853.452458417,-0.6655625199999804,2.084077717892348,1090913.4623717165,142.5686262,4.199209857550225,-29363.89804821089,-74580.85928751272,0.2252189879387275,-0.0870221282516964,47025.94485619728,0.25,-96310.0,-1.8453090641513832,0.6687500000000028,0.0094494426526339,12.701678080183855,142.5686262,0.3143387839867204,-1.5399999999999991,44389.418722307,4.655080868796082,645949.6551754376,0.0005908419497784,2744.0,411661.11540455977,-52806.0,0.5,-0.0055973079449911,0.6060735776382984,-550.0,-0.0754830255662016,0.1115569632148685,-745481.0,274403.05000000075,-42260.0,-660559.7200000025,-0.007086902304536,-0.0304193916619571,53145.75,-1243519.0,483262.0,8.759500000000003,-85399.0,957777.0
2024-03-11,964560.0,1003280.0,143.8431673,107.85416666666669,142.767894,11.0,106.8125,4.803860180325817,220509.17000433712,143.8431673,142.767894,138.844,138.96333333333337,-0.9508036000000004,-0.4796070725157619,0.4652857107663719,1194992.8167767671,-0.6180223400000102,2.056387973295742,1092207.2509991892,142.5686262,4.370676192542604,196429.3303373344,-73937.92030774965,0.1978019149736924,-0.1000843155194374,43577.26500618835,4.3125,-111580.0,-1.6695653437560125,0.3531250000000057,0.0119257750622314,12.96996688710588,142.5686262,0.3209000716007595,-1.429999999999998,46496.75052277502,4.914726822229015,614548.6175110163,0.0017714791851195,-27836.0,393543.5958449701,9652.0,1.5,-0.0315876222657389,0.2090665702441754,-7140.0,-0.0934101777728634,0.1228974866577212,-136481.0,251268.5,-21880.0,-1427907.1700000018,0.0204336009697472,-0.0648862689127455,255962.8500000015,-2043460.0,279495.0,11.191000000000004,-243554.0,1026837.0
2024-03-12,1039421.0,1039980.0,143.8431673,97.02083333333331,142.767894,11.0,101.4625,4.630373862422407,225782.64983371907,143.8431673,142.767894,136.802,135.76666666666668,-0.9508036000000004,-0.4339302084666201,0.4778973646510025,1139580.7981001826,-0.5704821599999832,7.455090322090738,1092960.4805226882,142.5686262,4.489144166318967,347956.34649568424,-33691.451707011554,0.1967251384824686,-0.0482735899993593,46053.9027814595,-34.5625,-52750.0,-1.5105591205411546,-30.450000000000003,0.0118434894743391,12.948353797013077,142.5686262,0.2424912112717679,-1.3199999999999985,40112.86649091256,4.955445994085303,574820.0300799909,0.0005894488653108,74861.0,360382.54171905486,-41865.0,0.5,0.0465267966516029,-29.102511198350516,36700.0,-0.1135340856319055,0.1078265176006529,273375.0,214868.75,29010.0,-779195.7599999979,-0.0275850496779095,-0.0362631084485554,383241.19999999925,-432930.0,497118.0,-1.206499999999977,251006.75,1050710.0
2024-03-13,1051849.0,1081200.0,143.8431673,85.3125,142.767894,11.0,94.3625,4.653483584823958,229967.0353221108,143.8431673,142.767894,137.08999999999995,136.51000000000002,-0.9508036000000004,-0.392603521945972,0.4853070679874482,1050786.143050959,-0.522941980000013,10.464197262194064,1084091.437401418,142.5686262,4.558747451390316,126592.7896865718,6811.543693656102,0.1911700638359493,0.041668673828219,41918.56207985653,-35.3125,43250.0,-1.3666963471562834,-31.325000000000003,0.0070327444581974,13.103167666435786,142.5686262,0.1735064638848088,-1.209999999999999,37467.65303173782,5.14762743001002,520338.8626228514,0.0011782032400589,12428.0,352969.2385248503,32029.0,1.0,-0.0432071648795445,-28.4796529889838,41220.0,-0.0072491020800804,0.1106928201976306,226586.0,205096.94999999923,70780.0,-376769.5,-0.0006462629102841,-0.0178949403447858,149286.3999999985,132660.0,399910.0,10.461499999999972,-854.5,1039095.0
2024-03-14,1037722.0,1054750.0,143.8431673,73.39583333333333,142.767894,11.0,87.1875,4.63607138591277,226653.94155054717,143.8431673,142.767894,133.45999999999998,129.44333333333336,-0.9508036000000004,-0.3552127103320686,0.4877519553399753,992222.057536456,-0.4754018000000144,12.650353564723172,1075129.961491434,142.5686262,4.581713578863802,-163748.52361690998,-17768.127134311013,0.1899198877405294,-0.0023363159985623,39185.64784670644,-36.3125,-2470.0,-1.2365347902842565,-30.496875000000003,0.0110760563380281,13.127038428172913,142.5686262,0.1401553317857412,-1.099999999999998,35357.92594366772,5.428941813173536,478753.5880877385,0.0005884083553986,-14127.0,352978.24333680817,48375.0,0.5,0.003348008322781,-26.67206699003297,-26450.0,0.0519353073952453,0.1102806923780039,-327462.0,-121093.15000000036,51470.0,-138141.02999999747,0.0153523826755057,-0.0067129140002606,-158272.5,290105.0,-62133.0,-9.077000000000012,66939.5,1068974.0
2024-03-15,1062473.0,1062730.0,143.8431673,71.6875,142.767894,11.0,79.6125,4.565577729109721,222817.43902680048,143.8431673,142.767894,129.592,126.22,0.0,-0.3213829283956784,0.485307067987434,907019.9576263148,-0.4278616199999874,14.47291594851002,1029121.178871776,142.5686262,4.558747451390282,3770.57387041673,-8855.924550090916,0.1786840740378627,0.0045656489271197,36964.96600888591,-37.8125,4830.0,-1.1187695721619466,-30.3625,0.0104641712195783,13.195671937977558,142.5686262,0.1194862043969178,-0.9899999999999984,35246.94557609157,5.283247207251425,422717.4331678904,0.0005880623346075,24751.0,327397.8403650796,81318.0,0.5,-0.0055968094416271,-25.715203467172685,7980.0,0.0240295408843411,0.1035998279207912,-347700.0,-100304.25,22750.0,110111.93999999762,-0.0267560705015602,0.0053173393596699,-18879.0,-519084.0,-287033.0,-9.310000000000002,318154.25,1124137.0
2024-03-18,1124137.0,1127040.0,143.8431673,70.95833333333333,142.767894,11.0,72.225,4.64133601461294,188425.80848312023,143.8431673,142.767894,125.6,119.81333333333336,0.0,-0.2907750304532328,0.4778973646509735,870658.047196494,-0.3803214399999888,15.78785003987506,974154.2771014576,142.5686262,4.489144166318901,100743.04302561656,50172.73493087012,0.1079069987815223,0.0155617830721681,37125.89254242674,-37.0,17270.0,-1.0122200890989037,-27.918750000000003,0.0104775746104708,12.984379795901004,142.5686262,0.1071865764529299,-0.879999999999999,39537.59035182627,5.374487956054302,364284.4124359902,0.0017631501616222,61664.0,295107.10084028903,42137.0,1.5,-0.0003029813894795,-22.757207898870533,64310.0,0.0132858369717088,0.1084239566294532,-32085.0,-21456.400000000373,45840.0,-35806.62999999896,0.0066249898444056,-0.0017316495974105,54024.699999999255,-407003.0,-211343.0,-6.028499999999994,-32545.75,1129937.0
2024-03-19,1129937.0,1154980.0,143.8431673,70.70833333333333,142.767894,11.0,71.4,4.668063387532055,182658.51530351173,143.8431673,142.767894,122.996,118.3266666666667,0.0,-0.2630821704100583,0.4652857107663273,882545.0377654507,-0.3327812599999902,16.72912583836326,923583.5042514852,142.5686262,4.3706761925425015,19638.800832699984,70673.42684221594,0.1258245227822941,0.097180529695634,41373.24661930873,-30.875,102300.0,-0.9158181758513884,-25.599999999999994,0.0068807853508752,13.196648059260792,142.5686262,0.0957058160842995,-0.7699999999999996,44159.66387773765,5.50458000695161,336697.2228129559,0.0005866823115283,5800.0,287869.12937647745,73427.0,0.5,0.0099807363157009,-20.19402143231143,27940.0,0.0730450337624353,0.1082287015333971,196456.0,2161.75,100230.0,-162745.08999999985,0.0044122693165572,-0.0079619876441829,-37688.60000000149,-255364.0,-53030.0,-10.924000000000008,301373.75,1185177.0
2024-03-20,1185177.0,1186500.0,143.8431673,70.9375,142.767894,11.0,70.9875,4.655893266152809,225679.6094844736,143.8431673,142.767894,117.752,116.77666666666669,0.0,-0.2380267256091031,0.4470320511411931,858768.3265619546,-0.2852410799999916,17.475244179361074,870569.6875573777,142.5686262,4.199209857550086,-89540.84686565399,92460.7195239095,0.216937450562534,0.1573803113660306,45995.37734662828,-37.5625,161340.0,-0.8285973971988749,-24.07187500000001,0.009814612868048,13.4019911717779,142.5686262,0.0915355292669233,-0.6600000000000001,54207.08637721848,5.518173110186444,328817.13278551784,0.0005863383172091,55240.0,287766.8684078038,90842.0,0.5,-0.0135819608191577,-18.55351939113892,31520.0,0.1382656900541261,0.1074463305881267,-90065.0,615604.8000000007,123770.0,-54817.849999997765,0.013380945865947,-0.0026331693370346,-156470.3999999985,162233.0,652188.0,-11.339,219408.0,1225494.0
2024-03-21,1225494.0,1129260.0,143.8431673,71.29166666666667,142.767894,11.0,70.9625,4.637433500787753,218820.8889289634,143.8431673,142.767894,115.07,111.89333333333336,0.0,-0.2153575136463246,0.4224055840692369,804845.3788932958,-0.237700899999993,17.90375286849992,761387.3182900937,142.5686262,3.967880352160202,31430.662359647453,31866.36528353719,0.1877304633634565,0.1170064393602183,56027.83295597959,-36.0,118290.0,-0.74968335937041,-21.30625000000001,0.0073826406965264,13.961139478076552,142.5686262,0.0860466762346637,-0.5500000000000007,66639.77250880918,5.085490091818641,363770.7616277803,0.0011719894520949,40317.0,251452.8828698072,116203.0,1.0,-0.0064435487000481,-15.938303258649498,-57240.0,0.1856014453174237,0.1119450291532354,-73362.0,168140.84999999963,2220.0,41077.33000000194,-0.0131012819139423,0.0019899926502149,-60459.64999999851,-316380.0,57251.0,-17.730499999999992,190999.0,1227404.0
2024-03-22,1227404.0,1235460.0,143.8431673,71.16666666666667,142.767894,11.0,71.0875,4.575150270815679,251673.54384615496,143.8431673,142.767894,113.892,111.04666666666668,0.0,-0.1948472742514297,0.3902015642708767,732333.1159995714,-0.1901607199999944,18.21444693924673,639656.6574104464,142.5686262,3.665370863091113,45593.36118253693,124917.18763748604,0.2142392178416567,0.2227192652560321,68393.70158418582,-37.25,225040.0,-0.678284944192276,-20.45625,0.0073766816143499,14.08484855961754,142.5686262,0.080766173744538,-0.4399999999999995,76026.83550419568,4.935045325903617,406391.4475916141,0.0005853087503657,1910.0,204508.29395735427,101357.0,0.5,-0.0262128011621636,-15.325131519730505,106200.0,0.231889972738458,0.1027625822728903,24637.0,613047.6500000004,80480.0,517714.7300000005,0.0004573191514696,0.0255314695391781,-70702.05000000075,-4915.0,489602.0,-11.147000000000006,157410.75,1212897.0
2024-03-25,1212897.0,1256080.0,143.8431673,71.27083333333333,142.767894,11.0,71.175,4.6587326038558325,270581.7979596842,143.8431673,142.767894,112.43800000000002,110.95666666666668,0.0,-0.1762903909893793,0.3483245679925553,729251.9422520121,-0.1426205399999958,18.50810494356396,566122.8619212897,142.5686262,3.27199796035401,569955.0886889622,131676.50310058263,0.1944937053578067,0.2519735268319911,77758.34056748876,-36.5,252800.0,-0.6136863780787252,-18.471875,0.0067983093678019,14.199403425199623,142.5686262,0.0844866221391992,-0.33,82893.40148052036,4.799720688176903,494449.9531973008,0.001754899093302,-14507.0,222089.11246162571,97467.0,1.5,0.0005004044385352,-13.526309470232349,20620.0,0.2245446881531623,0.1098978644711056,727599.0,452358.0999999996,69580.0,39837.48999999836,0.0231095908189773,0.0019186415160652,473101.8000000008,750970.0,367656.0,-9.989499999999992,414748.5,1214656.0
2024-03-26,1214656.0,1223910.0,143.8431673,71.0,142.767894,11.0,71.1375,4.69209862153703,271169.5976507968,143.8431673,142.767894,111.232,111.93000000000002,0.0,-0.1595008299427718,0.292651173201401,785254.4377986923,-0.0950803599999972,18.31362237219743,545653.4410235675,142.5686262,2.749028147318518,924200.794528108,90029.69328147965,0.1978877318551273,0.1768591703686608,84673.56759060376,-4.3125,183930.0,-0.5552400563569417,-16.715625000000003,0.0066517607602012,14.098147172029464,142.5686262,0.0859040630419969,-0.2199999999999988,88247.34510252002,4.5313173116932495,610754.0694357703,0.0005839416058395,1759.0,303080.72176720074,27720.0,0.5,-0.0049583472529285,-12.407732377829262,-32170.0,0.2663668056342969,0.1073984505110707,1054849.0,447176.5999999996,94650.0,1180452.869999997,-0.0345934137211994,0.0570735036197025,876797.0500000007,2293806.0,437492.0,-14.538000000000013,370922.5,1213485.0
2024-03-27,1213485.0,1228820.0,143.8431673,70.89583333333333,142.767894,11.0,71.0625,4.699694586999474,450251.5486155861,143.8431673,142.767894,110.352,110.87666666666668,0.0,-0.1443102747101079,0.212606148279648,836384.7912840212,-0.0475401799999986,18.02899796663485,730655.051765329,142.5686262,1.997122647851992,514220.337906383,85897.81773086265,0.2158099967746321,0.1365334813170551,90163.62442795222,-2.4375,147620.0,-0.5023600509896138,-15.328125,0.0074641041398959,13.834149546835269,142.5686262,0.085990434509661,-0.1099999999999994,91302.2171840614,4.641452132150135,731059.7634344649,0.0007820250948351,-1171.0,323187.002358865,-10838.0,0.6699999999999591,0.0070332079869386,-11.678424532321714,4910.0,0.182910237944289,0.1098407387016177,680035.0,1574757.4499999993,-6640.0,2461937.539999999,0.0186200823567849,0.1183895390957587,502901.8999999985,2514899.0,1662573.0,-14.42100000000002,261449.8299999982,1212639.0
2024-04-03,1212639.0,1214870.0,143.87131928000002,70.5625,142.767894,11.0,70.7375,4.976959836192445,469424.8829730615,143.8431673,142.767894,113.06,112.93000000000002,-1.7922044000000028,-1.7520847056900948,0.4007490867944833,922493.9256862293,-1.7025941800000055,17.539881717329145,832603.750822792,142.5686262,1.0501729927853678,1162939.639058154,65095.64461363759,0.1428757914504864,0.1518084854230861,92923.03922436637,-1.75,160120.0,-2.4449924270858414,-13.737499999999995,0.0088819052076716,12.71136689821533,142.5686262,0.0914813474401674,-2.09,93309.11140121636,4.879381324058228,872853.2634225389,0.0044668890392107,-846.0,430969.6350531601,-13919.0,3.830000000000041,-0.0145992265374145,-10.848931719719644,-13950.0,0.1549190547344177,0.1309056942671658,866812.0,662579.3000000007,-41210.0,2303155.7600000016,0.0317511998218756,0.1107114969291391,1215231.3500000015,1741249.0,1125336.0,-5.111999999999981,497797.9200000018,1183127.25
2024-04-04,1183127.25,1232020.0,143.89947125999998,70.27083333333333,140.9756896,11.0,70.6,5.152972851769495,490192.7530459599,143.8431673,142.767894,114.432,116.38,-1.7922044000000028,-1.585219495624358,0.5516288750713858,1026421.0994887556,-1.6129839600000082,16.83419164152786,930588.4812868332,142.5686262,1.4455572469846478,1215408.8639097586,74412.72607900552,0.1386500587710799,0.1592972815296454,95090.62579204868,-0.0625,169290.0,-2.2121360054586194,-11.90625,0.0051834888007595,12.626831029284311,147.2651426,0.0939484675323542,-1.9800000000000004,94387.15914175451,4.381544158265681,995727.4108945138,0.0005805515239476,-29511.75,526873.0363499491,-258.0,0.5,-0.0069931391526796,-9.87224774641301,17150.0,0.1670145655594532,0.1173045840259187,595689.0,618128.0999999996,8110.0,1267079.830000002,-0.0307599466630133,0.0579541675459316,1313017.5,861096.0,1095097.0,-4.722499999999997,129222.5,1214371.125
2024-04-05,1214371.125,1216260.0,143.92762324000003,70.4375,140.9756896,8.8,70.5625,5.375663753437475,515692.8349474139,143.9839272,140.9756896,114.534,117.92666666666668,-1.7922044000000028,-1.4342462103267906,0.6565696884073937,1073355.6112380542,-1.5233737399999825,15.856455444906905,1022533.1527252326,147.2651426,1.720557269783423,484781.25782311335,53066.752166719176,0.1338985847869966,0.0791631175468483,96273.32451347336,0.25,89220.0,-2.001456385891132,-9.193749999999994,0.0093543387853853,11.9025279933118,147.2651426,0.0951080947286165,-1.8699999999999992,96494.4928044175,4.313279860871724,1044955.5589303116,0.0011604293588627,31243.875,544150.3730485395,-31528.75,1.0,-0.0077087372643663,-8.140367008659382,-15760.0,0.1067876767816615,0.1133748258217149,271943.0,713446.5500000007,-12560.0,-43110.10000000149,0.0160988188530756,-0.0018536265155293,594730.75,-42045.0,1188154.0,-8.604,-448685.25,1229638.125
2024-04-08,1229638.125,1236480.0,143.95577522,70.77083333333333,140.9756896,8.8,70.6,5.650730996076717,523623.1096390802,143.9839272,140.9756896,115.644,116.23666666666668,-1.7922044000000028,-1.2976513331527997,0.735505166763085,1086646.3790856155,-1.4337635200000136,15.100232548749624,1055556.9964247078,147.2651426,1.9274096626457045,453425.2808875814,66307.06148417457,0.1299211735309153,0.0705639924500858,98200.59424976392,0.0,81500.0,-1.8108414919967384,-7.462500000000006,0.0114749354465317,11.429322987270972,147.2651426,0.1069284848750194,-1.7599999999999998,96153.73673384207,4.867373954283163,1074749.3662073114,0.0017386264850767,15267.0,558719.5641345759,886.125,1.5,0.0207761573268488,-7.19545110307277,20220.0,0.080269686879802,0.1125327236225733,-482818.0,546811.9499999993,21610.0,-504527.9299999997,0.0212673490162131,-0.0218350081829531,592955.1999999993,-888396.0,1036622.0,-6.838499999999996,-36681.75,1253210.125
2024-04-09,1253210.125,1264170.0,143.9839272,70.39583333333333,140.9756896,8.8,70.3,5.836416776586726,526372.4051321507,143.9839272,140.9756896,115.548,112.73666666666668,-1.7922044000000028,-1.1740654919001372,0.7962076987896793,1065779.2875324443,-1.3441533000000163,13.49538899994624,1060235.426492894,147.2651426,2.0864821641883653,168004.58746971565,85044.96039044345,0.1200450313222669,0.0654614412136536,97105.78656529452,-1.875,77670.0,-1.6383803975208586,-7.678124999999994,0.0102090801808019,11.007273898845392,147.2651426,0.135762088619858,-1.6499999999999986,96412.96849894304,4.858462259462828,1076866.4588665697,0.0005785363031529,23572.0,562368.355345106,16999.125,0.5,-0.0021831789137445,-8.489336712303938,27690.0,0.0882360034231997,0.1083997962419098,-930961.0,534279.6500000004,32150.0,-975366.2800000012,-0.015962126906591,-0.0421678616087362,302330.94999999925,-1801772.0,418698.0,-11.05550000000001,-231654.25,1233950.125
2024-04-10,1233950.125,1253240.0,143.9839272,69.39583333333333,140.9756896,8.8,69.8625,5.941107707323941,530853.8871754258,143.9839272,140.9756896,113.194,110.69666666666669,-1.7922044000000028,-1.06224973076678,0.8426270251811723,1067992.9072930787,-1.254543080000019,11.44113941234145,1063474.8354537329,147.2651426,2.2081251685656293,-131987.03990835324,67056.3927342107,0.1167588394458432,0.1097887111913997,96337.21175283054,-3.8125,123980.0,-1.4823441691855397,-6.6875,0.0108591539883724,10.484303756718932,147.2651426,0.1606868607413196,-1.5399999999999991,91974.03760320522,4.876693228245468,1069975.746590322,0.0005782017924256,-19260.0,555362.5918785534,70082.875,0.5,0.0184838133318227,-8.58559035875119,-10930.0,0.057403345660606,0.105221255668386,-565248.0,467774.5,36980.0,-1390293.4299999997,-0.0127915638377914,-0.0598901554391994,-29833.14999999851,-1071170.0,819452.0,-10.566000000000004,21163.25,1259303.375
2024-04-11,1259303.375,1261090.0,143.9839272,67.79166666666667,140.9756896,8.8,69.1125,5.969066994935225,542786.079454431,143.9839272,140.9756896,110.054,107.06333333333336,-1.7922044000000028,-0.9610830897413508,0.8770340142755789,1069639.7721580972,-1.1649328599999933,8.446140191134084,1059403.9296208268,147.2651426,2.298289542984197,-153489.27420279756,67772.45056904783,0.1196171578416243,0.020745309439399,92343.44000867842,-4.4375,25630.0,-1.3411685340250123,-6.228125000000006,0.0136214916868837,9.93622817084788,147.2651426,0.2700492786663092,-1.4299999999999995,87070.27981315652,5.112592194540823,1046269.83065883,0.0005778676683039,25353.25,540118.910535372,19579.0,0.5,-0.0090175219547493,-9.23815318172727,7850.0,0.0069001765818519,0.0985945871880539,-619280.0,593424.0999999996,24610.0,-975575.700000003,0.0076016600323965,-0.0431635349260627,-91950.75,-185655.0,501086.0,-13.062499999999986,3089.25,1246135.5
2024-04-12,1244523.75,1266050.0,143.9839272,65.14583333333333,140.9756896,8.8,67.125,6.046697467519808,577200.2703118648,143.9839272,140.9756896,107.374,104.30333333333336,-1.7922044000000028,-0.869551366908837,0.900806180875749,1041957.5893610232,-1.075322639999996,2.800249269332201,1038308.754991574,147.2651426,2.3605850993956383,283146.79953080416,65805.55051485263,0.1350279860046888,0.0079373925227692,88469.20363427445,-10.125,9970.0,-1.213438197451202,-9.209374999999994,0.0142711179227472,8.828849406468478,147.2651426,0.2314791871756734,-1.3200000000000005,75029.66661218392,5.603627467077578,992333.9061364592,0.0011550678602367,-14779.625,540270.2348864275,29665.25,1.0,0.0376796080523833,-13.16487668822944,4960.0,0.0259893034404319,0.0987405736418188,114897.0,926629.4000000004,1880.0,-379192.8000000008,-0.0090900277028272,-0.0171153000889313,339033.1000000015,620430.0,1032638.0,-14.136500000000012,91800.25,1241602.75
2024-04-15,1241602.75,1248390.0,143.9839272,62.5,140.9756896,8.8,64.9,6.135828580475088,612107.9771310425,143.9839272,140.9756896,104.81799999999998,102.27666666666669,-1.7922044000000028,-0.786736951012756,0.9147730010710422,1037409.7096707262,-0.9857124199999988,3.3731278311282966,1020016.4873252664,147.2651426,2.3971855006126703,295948.34243263304,43560.25998962857,0.1331597041573087,0.0200014706963747,75834.10161296955,-10.9375,24480.0,-1.0978726548368023,-9.446875000000006,0.0135265700483091,8.69299528961433,147.2651426,0.152635282801246,-1.2100000000000009,68767.1766069472,5.849284616654376,947183.562246936,0.0017306028266512,-2921.0,545004.0920628427,-7074.625,1.5,-0.023540466090197,-12.81584081315998,-17660.0,0.0274042231121027,0.1011376263472347,472736.0,1000659.5999999996,-4850.0,-2513.64999999851,-0.005102026440411,-0.0001151794965218,354739.94999999925,-341061.0,1144204.0,-11.622499999999988,132880.5,1203237.75
2024-04-16,1203237.75,1219840.0,143.9839272,60.770833333333336,140.9756896,8.8,63.3375,6.18719584052228,660825.4573542195,143.9839272,140.9756896,101.682,98.78333333333336,-1.7922044000000028,-0.7118096223448731,0.919381458454564,1045602.401204968,-0.8961022000000014,3.747141180023373,997389.1769103254,147.2651426,2.409262078306801,-92378.5949419029,13580.71141918772,0.1541707499545693,-0.0073078237658892,68188.48631386709,-9.3125,-8980.0,-0.9933133543761556,-7.734375,0.0121779443896055,7.362870775222521,147.2651426,0.1137752250824095,-1.1000000000000014,60886.05316394323,5.974199880389104,892096.2540751855,0.0005758710048948,-38365.0,536238.4285509781,7652.625,0.5,0.0092162066007066,-10.577427402382838,-28550.0,0.0221846761552242,0.0987693109299191,112344.0,1204348.0,-41250.0,-203838.8699999973,-0.0226118426835916,-0.0094255199168888,-62057.550000000745,-1493048.0,210859.0,-17.883499999999984,209767.5,1172353.25
2024-04-17,1172353.25,1214660.0,143.9839272,60.60416666666666,140.9756896,8.8,61.85,6.165581267729553,666884.182429738,143.9839272,140.9756896,98.88,96.54000000000002,0.0,-0.6440182297405954,0.9147730010710364,1045726.0326158204,-0.8064919799999757,4.110934702508669,956196.6736009304,147.2651426,2.3971855006126424,-320907.82399505377,7600.643664979376,0.1491065912677,-0.0001728580012676,60032.21936996829,-9.625,-210.0,-0.8987120825308086,-7.790625000000006,0.008759527228543,8.020563636841624,147.2651426,0.0927224729662741,-0.9900000000000002,48766.02248368466,6.174715505937351,824555.4411776194,0.0005755395683453,-30884.5,513270.6700210695,-56065.625,0.5,-0.0030323000423429,-10.135529554536843,-5180.0,-0.0084444801542664,0.1007297082155262,-616406.0,1061608.0999999996,-51390.0,-183514.30999999863,0.0123986500306529,-0.008427364844476,-345376.5,-1546652.0,1035162.0,-15.930999999999996,105406.75,1172829.5
2024-04-18,1172829.5,1192040.0,143.9839272,61.0,140.9756896,8.8,60.825,6.070205298750517,660095.6505738588,143.9839272,140.9756896,96.93800000000002,93.93000000000002,0.0,-0.582683160241487,0.9008061808757374,1033852.7484154472,-0.7168817600000068,4.378123884725112,933406.87101714,147.2651426,2.3605850993955806,-360233.5074240938,-13588.941445970908,0.1512565226180015,-0.0324507719030535,47873.71276752488,-8.875,-39980.0,-0.813120455623114,-6.65625,0.0116805032285312,8.488070204084584,147.2651426,0.0834562393493879,-0.8800000000000008,36934.27213710854,5.927544512501352,774835.6356309691,0.0005752085130859,476.25,503951.17623914167,-73782.25,0.5,0.0097628234464391,-8.548217216009519,-22620.0,-0.0332215523333819,0.0956419328135695,-737605.0,994024.1999999993,-56350.0,-197337.33999999985,-0.0220187046325701,-0.0090433567550525,-431373.3999999985,-520738.0,1080401.0,-14.608999999999996,166570.0,1189209.875
2024-04-19,1189209.875,1204230.0,143.9839272,60.79166666666666,140.9756896,8.8,60.725,6.026579089904573,681449.8549558839,143.9839272,140.9756896,95.228,93.54666666666668,0.0,-0.527189525932755,0.877034014275561,1024508.72244231,-0.6272715400000095,4.616024140440779,898819.2482883807,147.2651426,2.298289542984106,-481346.4590979889,-1265.708927307045,0.1706196781494219,-0.009890977258152,37020.50800677071,-10.4375,-12030.0,-0.7356804122304368,-6.834374999999994,0.0082182701866784,8.743470511126715,147.2651426,0.0865988641722926,-0.7700000000000014,31677.84332063793,5.849691759787667,710312.7138206961,0.0011497556769186,16380.375,509890.81964049576,-68773.25,1.0,-0.0154253936621765,-8.356125100199094,12190.0,-0.0087038397602624,0.1005467198262554,-511335.0,1339712.75,-15610.0,84109.94999999925,0.0112706916640652,0.0039262554476267,-597938.3999999985,-23563.0,1411935.0,-15.09350000000002,248607.0,1268375.75
2024-04-22,1268375.75,1271410.0,143.9839272,60.8125,140.9756896,8.8,60.8375,5.988824922130318,682254.8364922369,143.9839272,140.9756896,93.746,93.72000000000004,0.0,-0.4769809996534491,0.8426270251811453,993009.7672484898,-0.5376613200000122,4.761451742627329,827737.7597267862,147.2651426,2.208125168565504,-88642.65346960723,59636.73954196018,0.1329596043871877,0.0282495471014492,31769.660147370312,-10.5625,34930.0,-0.6656156110656344,-6.243750000000006,0.0077135531861045,8.976975226128319,147.2651426,0.0790344885897422,-0.6600000000000001,27949.14441042908,5.993777562939946,665972.180520094,0.0017226528854434,79165.875,494787.4074282853,-14027.875,1.5,0.0367170486844915,-7.503756043037271,67180.0,-0.0207195720336318,0.1069297512621802,134347.0,1234351.8000000007,56750.0,-16487.670000001788,0.008842554532506,-0.0007635836394902,-232469.8999999985,377261.0,1553537.0,-11.719999999999985,192797.5,1245751.0
2024-04-23,1245751.0,1280790.0,143.9839272,60.6875,140.9756896,8.8,60.775,5.868338126674658,725327.4342584601,143.9839272,140.9756896,92.874,92.01000000000003,0.0,-0.4315542377816825,0.796207698789641,982892.6771987363,-0.4480510999999865,4.842965768432696,792386.9862821328,147.2651426,2.0864821641881983,-245543.9245677404,62443.71672844025,0.1431392958783844,0.0131469659934977,28032.228958179043,-8.125,16620.0,-0.6022236481070031,-5.493750000000006,0.0088275162829654,9.569182113210353,147.2651426,0.0820871236146485,-0.5500000000000007,27497.83040798085,5.954956714704417,637737.7097353839,0.0005732301519059,-22624.75,476646.6085603964,96022.5,0.5,0.0562641081950462,-6.562922134176574,9380.0,0.031503272558339,0.1079378347150396,28844.0,1256968.1500000004,88750.0,-133522.5300000012,0.0076269547586883,-0.0061747630026741,-429915.25,138378.0,1637975.0,-16.024,221142.0,1202669.0
2024-04-24,1202669.0,1245750.0,143.9839272,60.833333333333336,140.9756896,8.8,60.8625,5.711426474094289,720354.0906365869,143.9839272,140.9756896,91.714,90.68333333333337,0.0,-0.3904538341834325,0.7355051667630328,921353.5888681912,-0.3584408799999892,4.806659776522274,740900.2423869774,147.2651426,1.927409662645488,-59826.40794224292,24793.83894477948,0.1256224822127434,-0.0059765088889598,27572.958154123204,-7.0,-7490.0,-0.5448690149539566,-4.828125,0.0085278919359637,10.27011382092392,147.2651426,0.0753556820377318,-0.4399999999999995,27769.571056331668,5.745966525843099,627514.5695567606,0.0005729017473503,-43082.0,459622.4828835919,72921.5,0.5,-0.0410481422272897,-5.824786692826422,-35040.0,-0.0059520146312255,0.1108679863643752,380045.0,1168874.25,41520.0,239547.7100000009,-0.0040508070734167,0.0111383635340607,-267949.6000000015,795169.0,1698446.0,-15.891999999999996,252026.25,1202669.0
2024-04-25,1245143.75,1246730.0,143.9839272,59.645833333333336,140.9756896,8.8,60.025,5.468399433928263,751989.1432637067,143.9839272,140.9756896,90.802,89.02333333333335,0.0,-0.3532677547374021,0.6565696884073233,873078.5448446204,-0.2688306599999919,5.034170858597559,693066.5092685756,147.2651426,1.720557269783139,136376.20233797282,23319.1876167052,0.1229760607686126,-0.0113869747599298,27847.44230531736,-9.3125,-14360.0,-0.4929767278154848,-8.078125,0.0057420785665662,10.552742858712191,147.2651426,0.1009638305073978,-0.33,28304.678501417548,5.5019961927998375,612422.2592084263,0.0005725737188662,42474.75,437985.06174540665,13459.125,0.5,0.0130919254363305,-8.832545103033425,980.0,-0.0253503965567489,0.1116811718788435,207230.0,1254018.3499999996,-24680.0,119658.19000000134,0.0060258613820067,0.0055458932299441,-84425.75,1400031.0,1719432.0,-13.396500000000003,70221.0,1251724.875
2024-04-26,1251724.875,1257620.0,143.9839272,56.16666666666666,140.9756896,8.8,58.0,5.278867776386113,766374.624893301,143.9839272,140.9756896,90.522,89.62666666666668,0.0,-0.3196232066671598,0.5516288750712854,898551.4052335795,-0.1792204399999946,5.802012858244715,635310.8296218708,147.2651426,1.4455572469842624,477807.65925816447,30951.169748447603,0.1301392524825431,-0.0066585047983886,28042.5161176942,-10.625,-8430.0,-0.4460265632616291,-13.665625000000006,0.0055733791759282,10.571578817007737,147.2651426,0.1326496194554225,-0.2200000000000006,29066.35170160562,5.44983621195753,640923.5183138843,0.0011444921316166,6581.125,443164.67656317184,-65706.75,1.0,-0.0087506937564568,-13.985397950363575,10890.0,-0.0449727810822392,0.1172995443375799,781705.0,1262106.0,-23170.0,738379.75,0.0089442412041616,0.0343586029929683,289898.6000000015,1810394.0,1448349.0,-11.014499999999998,248061.5,1308068.75
2024-04-29,1308068.75,1321920.0,143.9839272,52.770833333333336,140.9756896,8.8,56.0375,5.096213868161658,795330.75745584,143.9839272,140.9756896,90.168,91.14333333333336,0.0,-0.2891829012702942,0.4007490867943257,1014894.4720177036,-0.0896102199999973,6.275687344405944,681493.2579470386,147.2651426,1.0501729927847685,885827.6440907195,86179.6297724049,0.0789494947721444,0.0588998630235744,28955.67882390318,-9.25,73530.0,-0.4035478429509975,-12.28125,0.0032762455759727,10.60659000711085,147.2651426,0.1175463964560488,-0.1099999999999994,34686.23390806016,5.072687935903312,716226.8686109795,0.00190911689054,56343.875,469870.49700483656,5973.875,1.669999999999959,0.0137908101076408,-12.314169574138475,64300.0,0.0044853669604951,0.1323092883392325,1103550.0,1484031.25,76170.0,1449963.16,-0.004962026485527,0.0666769528979627,771274.1999999993,2584678.0,1657231.0,-8.22399999999999,381076.1099999994,1323585.875
2024-04-30,1323585.875,1360230.0,143.9839272,50.770833333333336,140.9756896,8.8,54.075,4.810675929150522,961005.5642503228,143.9839272,140.9756896,89.676,90.13333333333335,0.0,-0.2616416725778947,0.0,1182125.0369769672,0.0,6.566695870421079,880997.6334012037,147.2651426,0.0,1079056.7256058902,112633.4745559853,0.1237910085459367,0.1150888641133263,34882.71047789914,-10.125,140390.0,-0.365114715050904,-11.059375000000005,0.0087222362235785,10.876764950548038,147.2651426,0.1118389103179938,0.0,40615.15114624237,5.018753541028491,798716.242866386,0.0003765317998221,15517.125,528180.7138321056,105399.75,0.3300000000000409,0.0172243842046374,-10.915201043268148,38310.0,0.053532420091692,0.1088979724160499,1199806.0,2293407.5,113500.0,3139201.6500000022,0.0102128014035301,0.1446926239010268,1025065.5,2405841.0,2294516.0,-13.315000000000012,187108.6400000006,1369674.0
2024-05-02,1369674.0,1372560.0,144.05564786000002,49.6875,140.9756896,8.8,51.3125,4.878364992553663,934431.2100975068,143.9839272,140.9756896,89.512,89.00000000000001,1.5844596000000024,1.1968352676676377,0.3542959373167088,1230226.3392949635,1.5052366200000051,7.074191969619299,1094234.9156643697,147.2651426,2.12682460813109,1341681.1326910444,113062.19126493904,0.0909955129485493,0.1299952250012348,41072.35556350683,-13.375,157900.0,-4.492246646950819,-13.784374999999995,0.0052779694052975,10.13582572649568,147.2651426,0.1225937404240345,-4.37,50496.48390117994,4.952768922564754,914924.149613906,0.001710863986313,46088.125,597229.8971001939,120916.875,1.5,-0.0312882789132145,-13.3816104677188,12330.0,0.1000202370645368,0.1156440723603974,1211933.0,487679.5,114940.0,2984820.1400000006,0.015319119043187,0.1342773479448824,1394260.8000000007,1142844.0,605538.0,-10.825000000000005,389827.75,1369674.0
2024-05-03,1452001.75,1453770.0,144.12736852000003,46.270833333333336,142.5601492,8.8,48.0125,4.881390305677695,902509.9534309772,143.9839272,140.9756896,88.498,86.24000000000001,1.5844596000000024,1.0828509564611863,0.4876863748035107,1412130.8010000866,1.426013640000008,8.07825368293106,1319359.973568773,147.2651426,2.927562169730028,1214906.2629109472,175770.07781113544,0.0982595927511573,0.219564779705379,51195.85964494704,-20.6875,261730.0,-4.064413632955502,-18.93125,0.0121278699329892,9.24895846198783,156.7765914,0.1435423671048269,-4.14,67360.57737702149,4.3537005131518525,1018935.9043033008,0.000569313976658,82327.75,646195.8445725425,117949.125,0.5,0.0140485195892179,-18.101218994602725,81210.0,0.1683116842129282,0.110475905276565,711778.0,529529.1999999993,131850.0,2481560.759999998,0.0182802493076138,0.1069820161249417,1369676.9499999993,1340967.0,694965.0,-11.983000000000004,123935.0,1495826.625
2024-05-06,1495826.625,1498170.0,144.19908918000002,42.47916666666666,142.5601492,4.2,45.8625,4.957033572882233,875824.2207855495,144.3425305,142.5601492,87.312,85.68666666666668,1.5844596000000024,0.97972229394108,0.580462890206693,1567502.6590782034,1.3467906600000106,8.73822692462171,1490195.630118524,156.7765914,3.484495950872706,1700656.7616813332,199201.49897197983,0.1007897420719398,0.2440895842156398,57203.26531250838,-20.875,293940.0,-3.6773266202930737,-18.240625,0.0118544163726799,8.598068265298576,156.7765914,0.1336637815028356,-3.910000000000001,85571.09847246022,4.443716409340304,1084439.2875456563,0.0017069701280227,43824.875,790372.1379762293,61605.25,1.5,-0.0525935640815804,-17.168960042735797,44400.0,0.1678372687590139,0.1103740106407424,1069731.0,597587.1999999993,137940.0,768939.9299999997,-0.031280261134421,0.0309621213068256,1941531.8500000013,491178.0,376765.0,-10.13900000000001,4085.75,1463623.75
2024-05-07,1463623.75,1505720.0,144.27080984,40.145833333333336,142.5601492,4.2,43.7375,5.053156673703976,826565.4599850695,144.3425305,142.5601492,83.866,81.73333333333335,1.5844596000000024,0.8864154088038276,0.650248499739506,1715316.201171599,1.2675676799999849,9.007728657972402,1645716.3418528528,156.7765914,3.903416226306599,1086755.451045014,187060.88002226732,0.1120326768122594,0.1842914559426149,78991.56309866953,-20.4375,234310.0,-3.3271050374080198,-16.190624999999997,0.007184974885346,8.328581401288744,156.7765914,0.1186433987787347,-3.6800000000000006,95455.3329848164,4.566091729754832,1118437.2101609686,0.0005680204487361,-32202.875,853737.3921548169,172240.75,0.5,0.0242728801172471,-15.081440038665718,7550.0,0.2578323275359617,0.1059814045391703,166371.0,445780.0999999996,133160.0,468306.5700000003,0.004752937638334,0.0185735782676497,1374907.6999999993,1457054.0,293145.0,-17.509500000000003,-105285.25,1463623.75
2024-05-08,1450498.75,1494250.0,144.3425305,39.895833333333336,142.5601492,4.2,41.4875,5.13509316786803,785243.6097558526,144.3425305,142.5601492,81.252,78.05666666666669,1.5844596000000024,0.8019948936796482,0.7039146494342203,1788649.054348703,1.188344700000016,9.217138016959682,1751562.491890215,156.7765914,4.225572016907355,1066755.408088345,158867.9390677656,0.1322294221523464,0.1666627628260681,90447.13680425416,-21.0625,213460.0,-3.0102378909882086,-15.106250000000005,0.0083570024033208,8.531831974558786,156.7765914,0.1085061851484486,-3.45,102493.76386853146,4.506953808494644,1112785.8387993756,0.0011353959693443,-13125.0,911936.3692145004,93949.75,1.0,-0.0491619299903059,-13.984398130221363,-11470.0,0.1539354564292165,0.1100471403443268,257551.0,804436.1999999993,40480.0,-187900.0,-0.0036844972248724,-0.0073176575156858,1382078.25,-393275.0,640263.0,-17.811000000000007,-99245.75,1434922.0
2024-05-09,1434922.0,1450500.0,144.3425305,40.0,142.5601492,4.2,40.05,5.155352124433125,717519.0864728782,144.3425305,142.5601492,77.934,73.37000000000002,1.5844596000000024,0.7256144276149143,0.7449532426474671,1900908.9851513857,1.1091217199999903,9.252046804128726,1818261.2959026624,156.7765914,4.471925081492176,959370.0835085028,104154.3258232167,0.1467784296036008,0.1643588199879591,99705.23849100331,-21.0,204750.0,-2.723548568036951,-13.518749999999995,0.0095154858797179,8.740628063667236,156.7765914,0.1002250633752208,-3.22,106513.4724484702,4.407255351935945,1089259.8071230126,0.0005670541536717,-15576.75,948384.7809553724,93949.75,0.5,-0.0001289928978483,-12.482907832105049,-43750.0,0.1748926952496927,0.1064341179991761,-413615.0,634357.3000000007,-47670.0,-217006.62000000104,-0.0097358222640741,-0.0084755632175347,1275185.5,447557.0,544532.0,-18.599999999999994,-2508.25,1407510.5
2024-05-10,1407510.5,1438740.0,144.3425305,39.708333333333336,142.5601492,4.2,39.8,5.114666501506785,649278.3887347279,144.3425305,142.5601492,75.35400000000001,72.05333333333336,1.5844596000000024,0.6565082916515905,0.7753719182057747,1979291.1921939868,1.029898739999993,9.25180625589995,1831273.018978772,156.7765914,4.654527197151024,879312.8374600746,83594.86622100556,0.1452844041269639,0.1540108924947663,104392.07081308744,-17.75,192010.0,-2.4641629901286706,-12.853125,0.0067572730746139,8.91249306488247,156.7765914,0.0819200459895604,-2.99,108685.08337564484,4.336451951381707,1056779.8599455073,0.0005667327854916,-27411.5,971668.9288442906,-60904.625,0.5,-0.0220147061783274,-11.916083276666477,-11760.0,0.1931146475048413,0.1060423341992435,98393.0,609258.0500000007,-66980.0,-750901.75,-0.0340581136084117,-0.0292385640268102,1184685.6999999993,8835.0,430773.0,-16.208,198740.0,1376939.25
2024-05-13,1376939.25,1418960.0,144.3425305,39.5625,142.5601492,4.2,39.7375,5.142324146936254,605716.4426203896,144.3425305,142.5601492,72.42,70.96666666666668,1.5844596000000024,0.5939836924466704,0.7963885151868282,2022135.516080688,0.9506757599999958,9.423517002550971,1825396.2563738956,156.7765914,4.780689004075647,1004341.6624638774,57737.25991424313,0.1604764068254388,0.128289944498338,107008.81924612622,-11.0625,161340.0,-2.229480800592607,-11.706249999999995,0.0049762620323183,9.18949140967119,156.7765914,0.0769315774403807,-2.7600000000000007,108702.03943687842,4.3979208904005445,995998.2522431872,0.0016992353440952,-30571.25,1015887.1326959708,-56113.25,1.5,-0.0013358670320438,-10.72467058365062,-19780.0,0.1703224245407506,0.1031200050785617,236852.0,554642.9499999993,-75290.0,-811840.0599999987,0.0120798358167685,-0.0318497098487096,1324217.5,115990.0,333093.0,-16.070499999999996,-257086.5,1409885.5
2024-05-14,1409885.5,1416950.0,144.3425305,39.3125,142.5601492,4.2,39.55,5.235694570175506,567571.7388304257,144.3425305,142.5601492,71.36,70.77666666666669,1.5844596000000024,0.537413816975544,0.808736360298652,2060711.21345538,0.8714527800000269,9.528098055191332,1814402.9156546944,156.7765914,4.854812633716413,1066580.075562555,50419.901827172376,0.161792041682561,0.0718878600823045,107433.48199353497,-11.5625,95030.0,-2.017149295774264,-10.790625,0.01134750223892,9.076697463400729,156.7765914,0.0794595698176591,-2.530000000000001,109332.46114523213,4.58174395093247,937551.75566907,0.0011309018942606,32946.25,1062655.950912062,-86684.5,1.0,-0.0063355986719855,-9.816368623302942,-2010.0,0.1000334638232702,0.1062902870823754,417761.0,587345.3499999996,-33550.0,-572760.0300000012,0.0110859154639409,-0.0225613387280371,1400982.5,83491.0,91221.0,-14.444999999999991,260953.25,1477795.875
2024-05-15,1477795.875,1480350.0,144.3425305,36.8125,142.5601492,4.2,37.95,5.268318692210378,747049.8328340218,144.3425305,142.5601492,70.61600000000001,70.16000000000001,1.5844596000000024,0.4862315486921602,0.8128106246752635,2143212.572566101,0.7922298000000012,9.973057351889516,1789785.1812746164,156.7765914,4.879270282883153,1417261.6397946924,102979.91117696534,0.2410978759944406,0.0883085948699853,108527.96575260274,-19.25,120120.0,-1.8250398390338576,-16.759375,0.0088097591709483,9.419301278701491,156.7765914,0.1012092507503105,-2.3,110836.943213558,4.896000946025827,884362.2109112245,0.0005648121999435,67910.375,1118165.1323242704,-25036.5,0.5,0.0139536825137274,-15.610643040131237,63400.0,0.0778374607603766,0.1043583066070144,905126.0,2237158.8000000007,41610.0,459002.12999999896,0.015978032946647,0.0184109037940964,1758208.6000000015,1937060.0,969595.0,-13.764499999999998,166860.75,1481343.25
2024-05-16,1481343.25,1486520.0,144.3425305,34.208333333333336,142.5601492,4.2,36.2625,5.241330963004302,841361.7398925687,144.3425305,142.5601492,69.46,68.43666666666668,0.0,0.4399237821500321,0.8087363602986599,2185465.628246549,0.7130068200000039,10.242505182706116,1724890.9074045783,156.7765914,4.85481263371639,884994.3407666273,98754.68154106406,0.1857020855504621,0.0830273357813138,110774.270633719,-15.625,113960.0,-1.651226521030634,-15.559375000000005,0.0113283590218398,9.93254061949385,156.7765914,0.1001377420414675,-2.0700000000000003,108344.51656994084,5.084377620692841,820263.996188775,0.0005644933672028,3547.375,1107303.7956847264,70285.375,0.5,0.0194304135200189,-14.35010560773778,6170.0,0.1165092518080854,0.1061373604501545,235267.0,1957329.25,67560.0,-182172.08000000197,0.0034646455044468,-0.0073819999803728,1185297.75,2550328.0,2572353.0,-17.025000000000006,74568.0,1473463.25
2024-05-17,1473463.25,1488950.0,144.3425305,31.375,142.5601492,4.2,34.55,5.153794999350309,901122.3581085484,144.3425305,142.5601492,68.66,67.55333333333336,0.0,0.3980262790881284,0.7963885151868448,2178204.533941945,0.6337838399999782,10.29867444443693,1652945.016633301,156.7765914,4.780689004075603,768896.8321221843,91548.04520381989,0.1620721136975051,0.0241991511724688,109115.82070486785,-9.8125,35180.0,-1.4939668523610503,-14.846874999999995,0.0067727440467146,10.007712433813014,156.7765914,0.1055599717045198,-1.8400000000000007,102993.04592246049,4.801201494397282,769925.7129206338,0.0005641748942171,-7880.0,1070936.904744495,104404.0,0.5,0.0077799851647072,-13.718547930810374,2430.0,0.0815298019820773,0.1028718926653649,25596.0,1808451.4499999995,72000.0,367.7800000011921,-0.0041629776540361,1.4821452217983476e-05,1014231.6999999993,1674481.0,2450111.0,-13.138499999999992,355206.25,1473463.25
2024-05-20,1533511.5,1537380.0,144.3425305,31.3125,142.5601492,4.2,33.0,5.175165672462602,1254586.5403357283,144.3425305,142.5601492,68.25,67.02333333333335,0.0,0.3601190144130726,0.7753719182058005,2091600.164623971,0.5545608600000094,10.116598203473565,1551168.96769349,156.7765914,4.654527197150958,882731.7052534074,126646.80280345584,0.1747905972175103,0.0261719297543001,104651.80821985664,-8.0625,39210.0,-1.3516842949933316,-12.525,0.0038654770670016,10.00167112352526,156.7765914,0.1023937723247439,-1.6100000000000003,100563.16547109358,4.585654375654688,752623.5083904949,0.0022554271215111,60048.25,1007458.906849574,63577.75,2.0,-0.0046421736972829,-11.620352889780811,48430.0,0.0757766081563933,0.1086364514914485,-267517.0,3807188.9,57030.0,-533564.8299999982,-0.0306201332325553,-0.0210147661929408,1066153.8999999985,32804.0,4537046.0,-11.376000000000005,410129.75,1533511.5
2024-05-21,1581107.125,1582370.0,144.3425305,31.27083333333333,142.5601492,4.2,31.4375,5.216751636044582,1241464.445978319,144.3425305,142.5601492,66.92,66.54333333333335,0.0,0.3258219654213405,0.7449532426475033,1951598.4296329408,0.4753378799999836,9.71204392937873,1425059.5217324267,156.7765914,4.471925081492084,642501.9238007031,155290.44063169812,0.1339630089182692,0.0509058789150704,99283.83257183642,-8.75,76650.0,-1.2229524573749195,-11.253124999999995,0.0054316008586483,9.95060393565195,156.7765914,0.1129946278874259,-1.38,105874.45263530566,4.542182410797834,735815.2342675776,0.00056258790436,47595.625,947218.097428658,-4332.625,0.5,-0.0106617588579271,-10.683295471706453,44990.0,-0.0149505127307116,0.1052919177690761,-1005.0,761940.4000000004,95850.0,86412.19000000134,0.0137667381755974,0.0035276467397207,766522.6499999985,-669417.0,1648345.0,-14.388499999999992,114722.25,1562849.375
2024-05-22,1562849.375,1584050.0,144.3425305,31.354166666666668,142.5601492,4.2,31.275,5.198109246393224,1216877.6142539824,144.3425305,142.5601492,65.58599999999998,65.03666666666669,0.0,0.2947913020478836,0.7039146494342685,1952249.9356173151,0.3961148999999864,9.042372726393456,1260028.5655453035,156.7765914,4.225572016907234,676327.5501054004,142020.8748572506,0.1321166659811631,0.0600970386481511,101958.4544690454,-8.8125,89800.0,-1.1064807947677844,-10.196875,0.0070093711066572,10.127330855815847,156.7765914,0.1190435207765601,-1.1500000000000004,105419.55468257629,4.525298943345697,742057.9070788673,0.0005622715771718,-18257.75,845339.6241941736,52168.25,0.5,0.017334777494571,-10.061672093448692,1680.0,0.0477498059183585,0.1094527622429428,139174.0,141889.59999999963,95100.0,46382.41000000015,0.006000756693304,0.0018691731052451,730119.1000000015,1986431.0,618673.0,-13.612499999999995,297962.75,1513777.5
2024-05-23,1513777.375,1569360.0,144.3425305,31.14583333333333,142.5601492,4.2,31.1625,5.118580472477696,1190860.308803163,144.3425305,142.5601492,64.99,63.00333333333335,0.0,0.2667159399480852,0.6502484997395689,1904258.503183635,0.3168919199999891,8.014257315091509,1080862.3362904766,156.7765914,3.903416226306441,675738.2120001242,115204.12487084582,0.130770230103955,0.0819441571871768,103273.63256046176,-9.0,118860.0,-1.001101671456567,-8.696874999999999,0.0056273402160034,10.248097333035563,156.7765914,0.1243963365811024,-0.92,94845.78561022296,4.367438458014111,760111.0278737462,0.0005619556055072,-49072.0,731490.7216821132,89386.125,0.5,0.0295229364904821,-9.103417608358336,-14690.0,0.067794489533256,0.1076631388812928,2961.0,184572.84999999963,31980.0,61108.83999999985,0.0094261178350288,0.002458471995955,664682.5,1983238.0,785803.0,-13.323999999999993,166329.25,1520808.875
2024-05-24,1520808.875,1532280.0,144.3425305,31.1875,142.5601492,4.2,31.325,4.975246383803275,1173458.311153982,144.3425305,142.5601492,64.128,62.90000000000001,0.0,0.241314421857794,0.5804628902067772,1752087.1805201897,0.2376689400000202,7.080100768452736,826870.9017248929,156.7765914,3.484495950872497,722977.3346667811,70683.7320260033,0.1349694203709516,0.065015221652279,94376.92789887244,-7.75,93540.0,-0.9057586551273706,-6.859375,0.0103443789035391,10.015610972771324,156.7765914,0.0994319988133831,-0.6900000000000004,86093.04973293994,4.350392117876,778520.1150068174,0.0005616399887671,7031.5,608688.5343423333,40314.25,0.5,-0.006698634761317,-7.727496883752778,-37080.0,0.0549545550211092,0.1108000590516615,298901.0,398846.4000000004,-50090.0,549243.1400000006,-0.0065070546874595,0.0223432001536854,656407.6999999993,528008.0,988636.0,-10.779999999999994,234831.5,1575402.125
2024-05-27,1575402.125,1575920.0,144.3425305,31.229166666666668,142.5601492,4.2,31.225,4.940181410537787,1163142.3198492527,144.3425305,142.5601492,63.228,63.09333333333336,0.0,0.2183320959665593,0.4876863748036252,1650140.7581354291,0.1584459599999945,6.65957647914464,567048.6769597243,156.7765914,2.9275621697297383,1135163.4456508942,103435.75754733616,0.1349857536276293,0.1106162259683147,81851.96967065896,-8.25,156960.0,-0.8194959260676216,-6.331249999999997,0.0117235326622822,9.451318969496317,156.7765914,0.1144020968307758,-0.4599999999999999,78000.68630701512,4.581152320025799,822725.9771544503,0.0022452989054166,54593.25,540813.5157295375,-12702.625,2.0,0.0175009404649582,-7.387378132919181,43640.0,0.0804955806723999,0.1111956741581265,725560.0,595160.9000000004,-8130.0,670077.0500000007,0.0370028313921372,0.0269531757292138,1049470.3999999985,-965301.0,1228577.0,-9.052499999999997,317328.0,1575417.125
2024-05-28,1575417.125,1577130.0,144.3425305,31.375,142.5601492,4.2,31.225,4.945691905250102,1168443.9762721255,144.3425305,142.5601492,62.884,63.03333333333335,0.0,0.1975385630173605,0.3542959373168859,1648196.1656530993,0.0792229799999972,5.989972432060068,389228.9807092538,156.7765914,2.126824608130634,1100676.736541286,94679.49492378044,0.1291991991400836,0.1130456261688839,75320.03854027635,-7.8125,160180.0,-0.7414486950135624,-5.049999999999997,0.0076889018477122,8.473237046880904,156.7765914,0.1217010994975525,-0.2300000000000004,73242.76357758469,4.326593530628685,910451.795700129,0.000560067208065,15.0,516416.8549763097,12552.75,0.5,0.0009081106363478,-6.401080215498311,1210.0,0.1441333559196602,0.1142644426131462,736393.0,767173.9000000004,7770.0,653305.8200000003,-0.0470379753628292,0.0262187125700787,1013224.6499999984,-443163.0,1352659.0,-9.287500000000009,413177.5,1567731.5
2024-05-29,1567731.5,1581140.0,144.3425305,31.58333333333333,142.5601492,4.2,31.4625,4.872789647416962,1183022.5509703795,144.3425305,142.5601492,62.642,62.56000000000002,0.0,0.1787253665395098,0.0,1720117.7035058655,0.0,4.973412038292122,457116.2007387324,156.7765914,0.0,1408144.9521087818,89290.49540722999,0.135067800870073,0.0680852501097712,72127.27421886503,0.375,100790.0,-0.6708345335837,-3.356250000000003,0.005039410776586,7.893429912875485,156.7765914,0.1231248074053817,0.0,66927.98445575286,4.419302010893657,995790.4798643866,0.0005597537083683,-7685.625,554701.6518918813,61639.625,0.5,0.0098959732187439,-5.112882099736567,4010.0,0.1174078497863833,0.1073351534223206,1068745.0,827831.5500000007,48860.0,1120940.210000001,0.0165833150675711,0.044603246475499,1343854.8999999985,2149868.0,-369708.0,-8.064,197637.5,1643010.625
2024-05-30,1643010.625,1644120.0,144.3425305,31.95833333333333,142.5601492,4.2,31.7125,4.83374922596886,1156254.1247750623,144.3425305,142.5601492,62.474,61.74666666666669,0.0,0.1617039030595606,0.0,1793674.1183438585,0.0,4.193209726748397,633877.4485764779,156.7765914,0.0,1528250.4804793743,137768.5434636844,0.1538667068169176,0.106019427925625,67412.46215239052,0.6875,157600.0,-0.6069455303852527,-2.546875,0.0066454844094996,6.958697303224138,156.7765914,0.0822287263959335,0.0,69729.14459333954,4.266330729686547,1094784.0964277796,0.0005594405594404,75279.125,633933.1476469064,46922.625,0.5,-0.0286544706198242,-4.569393328333085,62980.0,0.0608579483279447,0.108671380631577,818042.0,1052138.25,68200.0,1626048.0299999977,-0.013878348480261,0.0636895127630392,1505909.1499999985,2340249.0,109633.0,-7.404499999999999,243549.0,1651417.375
2024-05-31,1651417.375,1665360.0,144.3425305,32.208333333333336,142.5601492,4.2,31.8375,4.781818636700185,1205761.6756314714,144.3425305,142.5601492,62.076,61.55333333333335,0.0,0.1463035313395835,0.0,1902614.883198381,0.0,4.000898079691143,940419.0023139772,156.7765914,0.0,1171966.577576574,143864.87265761918,0.1697251160177839,0.1184794653950771,71983.69519572338,1.4375,176410.0,-0.5491411941580857,-2.190624999999997,0.0066624981133702,6.046968335673344,156.7765914,0.0861539394727889,0.0,76456.83524982519,4.224526881054497,1184051.3859797723,0.0011182555213866,8406.75,659618.9590234634,67608.5,1.0,0.0387056121397001,-4.190760630396603,21240.0,0.1091356611642844,0.1056500492447414,503749.0,2087681.4499999995,88230.0,2833163.4899999984,-0.0250236788759425,0.1107966277932099,1165771.8500000015,1799832.0,1325585.0,-6.16449999999999,155335.0,1659247.625
2024-06-03,1659247.625,1666770.0,144.45496372,31.979166666666668,142.5601492,4.2,31.9125,4.822711920047548,1202223.122828208,144.3425305,142.5601492,62.636,63.08333333333335,0.9117650999999968,0.957300190259616,0.2038768743054403,1996105.982050172,0.8661768450000125,3.844879754809592,1180747.3208032197,156.7765914,2.104463682388153,1212995.8082835674,131439.17049975065,0.1683448029618133,0.0841626663544472,74508.85995153889,-0.125,129390.0,-0.1349372709049356,-2.46875,0.0113576305372493,4.4455492526682745,156.7765914,0.0939502892934873,0.379999999999999,83305.89344050181,4.582719371992598,1254465.551771751,0.0013068975146606,7830.25,718674.2898631564,76000.25,1.169999999999959,-0.0819993141312194,-4.41366437988264,1410.0,0.1207726931771118,0.1097209489591372,216768.0,1479424.25,85630.0,2364272.079999998,0.0341148188223686,0.090059618792768,1252069.25,1503101.0,-1368682.0,-0.0835000000000008,94681.9600000009,1581164.375
2024-06-04,1581164.375,1659250.0,144.56739694,31.83333333333333,143.4719143,4.2,31.9875,4.808971987811958,1167996.1506083766,144.3425305,142.5601492,63.474,64.70000000000002,0.9117650999999968,0.8661287435682254,0.2806353764318555,2052010.7789053405,0.8205885899999998,3.578800427517195,1351944.2036465583,156.7765914,2.896782480594322,1114508.159875609,112117.34473786967,0.1598299304624943,0.0485853498233661,82018.84544779056,0.375,76880.0,-0.1220861022473229,-1.7374999999999972,0.0089390655495529,3.9075426050820177,147.3651437,0.1038960458947657,0.3599999999999994,83412.93890397639,4.561361292688418,1310653.1743163476,0.0005577742576023,-78083.25,739539.7053819482,91516.125,0.5,0.0064076524495423,-3.710577296084296,-7520.0,0.1260868739006555,0.1067801170832259,-45377.0,1261995.6999999993,15130.0,1362499.490000002,-0.0213938300629295,0.0501713778131569,1162565.8999999985,333040.0,1520506.0,0.0005000000000023,208254.1699999981,1525668.125
2024-06-05,1525668.125,1581160.0,144.67983016,31.729166666666668,143.4719143,4.6,31.925,4.85757422681689,1161936.553189763,144.9046966,143.4719143,64.04400000000001,65.84000000000002,0.9117650999999968,0.7836402917998271,0.3340229092190089,2078273.8341528636,0.7750003350000156,3.274984619790701,1536910.6697489726,147.3651437,3.4478607930369347,1138833.9065541215,30786.64523902489,0.1704617598557867,-0.0018244373599318,82482.78667538076,0.875,-2890.0,-0.1104588544142446,-1.2781250000000028,0.0092736035803424,3.504392131387592,147.3651437,0.1120541412482105,0.3399999999999998,81605.91702965446,4.684328042617967,1324840.0595477724,0.0014828524283103,-55496.25,761634.0489258305,-61846.25,1.330000000000041,-0.0174604011918216,-3.300641363123887,-78090.0,0.0310743512520121,0.1120552727581407,331745.0,1342513.3000000007,-84200.0,606080.1099999994,0.0162108238526875,0.0213378365971204,1195840.8999999985,1041289.0,2304275.0,-0.912000000000006,-116544.37999999896,1503728.375
2024-06-06,1503728.375,1570750.0,144.79226337999998,32.041666666666664,143.4719143,4.6,31.9625,4.826974071281826,1153310.3030540962,144.9046966,143.4719143,64.988,65.66666666666669,0.9117650999999968,0.7090078830569837,0.3741805019115798,2146205.641312008,0.729412080000003,2.852125823052606,1727175.1799170503,147.3651437,3.8623766407925553,932066.6297394448,18436.012359117623,0.1759235736373443,0.0008857113727889,81444.15982098074,1.4375,1390.0,-0.0999389635176504,-0.3374999999999986,0.0080171319114135,3.2873226988418414,147.3651437,0.1299386973327127,0.3200000000000003,78896.40842494094,4.657566452933173,1314821.8729591467,0.0002783189535207,-21939.75,758134.6239141073,-125749.25,0.25,-0.0008245037879456,-2.477365995207329,-10410.0,-0.0237906804038616,0.1101152567603756,54377.0,1524383.8499999996,-96020.0,871011.2400000021,-0.0059010769878964,0.0304373023648643,981370.6999999993,1088065.0,2543406.0,0.5519999999999925,14248.25,1519209.125
2024-06-07,1519209.125,1532720.0,144.9046966,32.229166666666664,143.4719143,4.6,32.0,4.746579821368058,1165936.775498113,144.9046966,143.4719143,65.72999999999999,65.31333333333335,0.9117650999999968,0.6414833227658505,0.4050622753208004,2106889.3158959635,0.6838238250000188,2.401451983339795,1823419.377129305,147.3651437,4.181145362387475,809738.0459547341,-17727.893579845782,0.1890189515237148,0.0002871537839037,78976.26679706901,0.8125,440.0,-0.09042096699216,-0.0531250000000014,0.0078237352164673,2.94427057359398,147.3651437,0.1518002335757797,0.2999999999999998,73453.84816145572,4.5313335727684905,1298642.058741151,0.0006455203116304,15480.75,737664.8111486982,-155519.25,0.5800000000000409,0.001035490070785,-2.2979739956637744,-38030.0,-0.0066384425716461,0.1060067002424067,-1545.0,1869568.1500000004,-126530.0,533016.25,0.0300158477340651,0.0186895976274255,840942.25,689856.0,2792398.0,-0.0485000000000042,54836.210000000894,1576628.375
2024-06-10,1576628.375,1577750.0,144.9046966,32.0,143.4719143,4.6,31.9375,4.842421208291882,1099862.2697061026,144.9046966,143.4719143,66.154,66.60000000000002,0.9117650999999968,0.5803896729786402,0.4286776183974569,1935336.553785116,0.6382355699999778,1.7696383997265113,1847117.5899725289,147.3651437,4.42490832971534,908982.6606257112,24701.90580871096,0.1727776116189348,0.0011612264581959,73968.62631988672,0.0625,1830.0,-0.0818094463262406,-0.8312499999999972,0.007293172690763,2.813838172881132,147.3651437,0.2772240303716463,0.2799999999999993,63495.25788624149,4.443191835217174,1227759.78212477,0.0023245984784445,57419.25,733254.3817399497,-61955.25,2.089999999999918,0.0164067464006852,-3.153524091314843,45030.0,-0.0010519073279342,0.1116447781520319,49179.0,906018.0500000007,-3410.0,-453789.2699999996,-0.0268556766535611,-0.0156424636601731,934324.8999999984,-679298.0,1700925.0,3.6029999999999935,-119396.5,1576628.375
2024-06-11,1544869.25,1578560.0,144.9046966,32.458333333333336,143.4719143,4.6,32.3375,4.964106004274558,1012174.0748502976,144.9046966,143.4719143,65.982,66.35666666666668,0.9117650999999968,0.5251144660282989,0.4461818114752724,1841041.9308699928,0.5926473149999936,0.6862952961734096,1853211.9417046937,147.3651437,4.605590610361467,830418.2167565934,23082.200493595563,0.1451532084289597,0.0009067102902107,64966.68938377065,2.375,1430.0,-0.0740180704856463,2.0656250000000007,0.0056155090930525,2.527904270340392,147.3651437,0.2441595480202731,0.2599999999999998,54765.84949032775,4.334845350281383,1182512.058182704,0.0011096685420064,-31759.125,728409.2114660988,50960.25,1.0,0.026138719566756,-0.4781884635705751,810.0,0.0007783726964314,0.1130490874914666,166682.0,529059.0500000007,7810.0,-999322.7900000028,-0.0211525883718706,-0.0338896137446568,849911.6499999985,-92806.0,1207781.0,0.4849999999999994,521963.66999999806,1568096.375
2024-06-12,1568096.375,1589590.0,144.9046966,32.6875,143.4719143,4.6,32.575,4.9858384714892,1052104.4601378774,144.9046966,143.4719143,65.6,65.62333333333335,0.9117650999999968,0.4751035645018078,0.4582756506922263,1817692.122831536,0.5470590600000094,0.7468340524981466,1880909.7293741116,147.3651437,4.730425982193448,1110720.2913512066,30863.41949420562,0.1420820735986,0.0053442452913721,57486.31844683075,0.875,8450.0,-0.0669687304393944,1.2531250000000007,0.0034070455129853,2.2644172016576736,147.3651437,0.1944722429589603,0.2399999999999993,51848.76676824975,4.256211683535781,1110519.734152767,8.867508341015018e-05,23227.125,768297.4328112847,72900.0,0.0800000000000409,-0.0104834642526246,-1.1112181337067142,11030.0,0.0007688439974269,0.1090644540935005,600995.0,1239151.8000000007,56870.0,-318205.97000000253,-0.0125023544708581,-0.0109528200874502,1159002.75,-25703.0,1903933.0,-1.5679999999999907,-159654.62999999896,1605208.375
2024-06-13,1605208.375,1640630.0,144.9046966,33.333333333333336,143.4719143,4.6,32.7125,4.937117713445274,1068238.055550846,144.9046966,143.4719143,64.814,63.433333333333344,0.9117650999999968,0.4298556059778491,0.4653811232667257,1856059.7528111937,0.5014708049999967,0.7995167125716232,1866478.113624298,147.3651437,4.803770293703434,1260737.1207463294,74103.0938280907,0.1405928288401208,-0.0021227161034473,55043.06059596513,0.875,-3490.0,-0.060590756111833,1.2375000000000007,0.0074789754124671,2.3185096733178554,147.3651437,0.211742014233436,0.2199999999999997,49567.61874977734,4.428165712716366,1020778.5272591314,0.0003657522859519,37112.0,791338.3590595773,48887.25,0.3300000000000409,0.0027401609575826,-0.9488402162108328,51040.0,0.0002327407467412,0.1087935692150839,688794.0,889117.9499999993,62880.0,671245.3300000019,0.0529819054272554,0.0235060328463041,1317508.0500000007,1800948.0,1264184.0,-2.2164999999999893,159484.44999999923,1582373.0
2024-06-14,1582373.0,1610890.0,144.9046966,32.833333333333336,143.4719143,4.6,32.7,4.800736210053833,1226091.6130296197,144.9046966,143.4719143,63.99400000000001,62.00000000000002,0.9117650999999968,0.3889169768371232,0.4677256273908939,1762782.5016442805,0.4558825500000125,0.7577654454987153,1861816.6107643656,147.3651437,4.827970800990816,1165113.5854371565,40138.03727303445,0.110785522219909,-0.0327076427919489,53365.3779845945,0.125,-54470.0,-0.0548202079107067,0.3468750000000007,0.0087495716244001,2.2885886250574248,147.3651437,0.1682223436050283,0.1999999999999993,44841.47449761395,4.4477791915934,956394.3073676828,9.971415276188722e-05,-22835.375,792618.7439552981,28580.0,0.0899999999999181,0.0305711536937815,-1.5935935289526597,-29740.0,-0.023007915727873,0.097246171190163,706966.0,2600772.5500000007,32330.0,1039975.1799999996,-0.008015743778297,0.0365053948923226,1217198.3000000007,-755778.0,1913463.0,-2.9820000000000064,338070.01000000164,1557429.625
2024-06-18,1557429.625,1583670.0,144.9046966,32.458333333333336,143.4719143,4.6,32.85,4.939055311398135,1242033.1142328642,144.9046966,143.4719143,63.342000000000006,62.83666666666668,0.0,0.3518772647574053,0.4653811232667285,1628692.055717376,0.4102942949999999,0.7535824527913487,1841412.8869200612,147.3651437,4.803770293703458,1758114.8630145676,11687.748008935943,0.1123843702070637,-0.0498569088716499,49448.66368288279,0.4375,-83100.0,-0.0495992357287349,-0.0437499999999992,0.006398907919715,2.0892607607288314,147.3651437,0.1705799609550825,0.1799999999999997,44142.940360875815,4.444501629786038,939716.7239447254,0.0030465175534801,-24943.375,863631.5851978275,5744.625,2.75,1.561410661707341e-05,-1.7811084309571683,-27220.0,-0.0418091610547576,0.1118235128089602,1087812.0,1813812.1,-5920.0,1008202.41,0.0331034844586172,0.035087170951465,1839368.9499999995,-580085.0,1587271.0,1.569999999999986,462122.25,1576462.375
2024-06-19,1576462.375,1579840.0,144.9046966,32.729166666666664,143.4719143,4.6,32.875,5.022640608767596,1299852.264589436,144.9046966,143.4719143,62.67,62.78333333333335,0.0,0.3183651443043231,0.4582756506922321,1398686.9701821085,0.3647060400000157,0.8586584931693593,1769236.246722303,147.3651437,4.730425982193499,1582491.7808227057,7109.391055703862,0.1440721241252193,-0.0478589724273015,44518.02524723385,2.125,-79410.0,-0.0448754989926651,1.8312499999999967,0.0098858584131327,2.13208046406992,147.3651437,0.2209665938235084,0.1600000000000001,44097.81826419605,4.422951622272134,947412.6431776,0.0006405866890504,19032.75,884879.4661846356,-10666.75,0.5800000000000409,-0.0088035856885527,0.1980447529435167,-3830.0,-0.0613639570525225,0.1097461911243581,796041.0,2117375.35,-60790.0,659096.6499999985,-0.0245085608898481,0.0225505302788595,1666250.9499999993,-1833793.0,2132469.0,-1.8125,500661.5399999991,1526976.5
2024-06-24,1526976.5,1576460.0,144.9046966,33.0625,143.4719143,4.6,32.925,5.290998910821767,1231155.8335151132,144.9046966,143.4719143,63.146,64.21000000000002,0.0,0.2880446543705943,0.4461818114752813,1375859.6669180442,0.3191177850000031,0.8575503955559676,1705950.4404296477,147.3651437,4.605590610361548,2116893.849315781,3374.21095516067,0.1193571153243614,-0.0029725012016493,43695.31042879283,1.4375,-4700.0,-0.0406016419457451,1.0906250000000028,0.0102330142622637,2.153832813725129,147.3651437,0.2071881606430051,0.1400000000000005,45143.598468253775,4.731448092599051,1008612.981927204,0.0033995584988963,-49485.875,965077.8322022344,-28746.0,3.080000000000041,-0.0020673983342822,-0.3862928425749174,-3380.0,-0.0029737578675208,0.12600664050401,1526254.0,1114016.6000000015,-34430.0,784568.8900000006,0.0306766300411913,0.0265701246963958,2226800.1999999997,172397.0,1071220.0,1.4220000000000113,578539.4499999993,1581224.25
2024-06-25,1581224.25,1581980.0,144.9046966,33.916666666666664,143.4719143,4.6,33.2,5.468918780912168,1156421.7690032253,144.9046966,143.4719143,62.742,62.43333333333336,0.0,0.2606118301448248,0.4286776183974693,1367115.6160998372,0.2735295299999905,0.9474852015910296,1622933.9389415325,147.3651437,4.424908329715453,1961054.101761896,8047.143245145446,0.1425177964472843,0.007149450899252,44817.44474118465,2.0625,11230.0,-0.0367348189032936,2.1031249999999986,0.0126399846270457,2.285914477841516,147.3651437,0.2071906042004557,0.1200000000000001,43304.082509429136,4.902124002630816,1067987.0829861364,0.0006490077880934,54247.75,1011491.1548996528,-55396.5,0.5899999999999181,-0.0049014032040879,0.7249017138607883,5520.0,0.0008575751033665,0.1188445194229116,798775.0,1188099.25,-1690.0,927505.7900000028,-0.0374838247297624,0.0311846105771591,2081701.1499999985,1065792.0,972781.0,-3.674500000000009,268457.4299999997,1567471.875
2024-06-26,1567471.75,1581350.0,144.9046966,33.583333333333336,143.4719143,4.6,33.325,5.609730174635498,1102263.283689099,144.9046966,143.4719143,62.568,61.83000000000002,0.0,0.2357916558453325,0.4050622753208188,1184951.733932037,0.2279412750000062,0.9335387804491132,1558884.4109115151,147.3651437,4.181145362387625,1798949.0444512367,6710.7486503697,0.1376000708648009,0.0317279085547261,42832.57182799506,0.5625,48630.0,-0.0332362647220279,0.4718749999999971,0.0086681504041232,2.425211005471096,147.3651437,0.1891173785770066,0.1000000000000005,41619.23599286994,4.989438213319942,1171478.6067488205,0.0011872437257467,-13752.5,1032079.7567218094,23794.625,1.080000000000041,0.0264785897647518,-0.7578270207926181,-630.0,0.0515358200911784,0.1131182329668162,835078.0,1401859.1000000015,1510.0,1457221.7800000012,-0.0136309103572852,0.0487582971749944,1918077.3000000007,2160743.0,833605.0,-3.461999999999996,612441.870000001,1601307.875
2024-06-27,1601307.75,1601310.0,144.9046966,33.625,143.4719143,4.6,33.625,5.815355784075116,1044652.2092159688,144.9046966,143.4719143,61.566,60.20333333333336,0.0,0.2133353076696096,0.3741805019116068,1230340.910618058,0.1823530199999936,0.9014106269720876,1613432.1714188824,147.3651437,3.862376640792749,1769115.3735511191,24130.67735033436,0.1570158445196383,0.0149326572650927,41033.48006756945,2.25,23560.0,-0.0300709061770731,0.8562500000000028,0.0086331547163391,2.527262873463005,147.3651437,0.210786945787042,0.0799999999999991,42051.732345283606,5.219240189742302,1319555.506363273,0.0009113368103212,33836.0,1077970.8734823652,-8990.5,0.8300000000000409,-0.0124500756050279,-0.233272066431418,19960.0,0.0317683386742426,0.1065134600202266,234234.0,1252587.25,24850.0,2382585.1099999994,-0.0049726783782908,0.0785999575247475,1902348.8500000013,3149859.0,1669952.0,-3.0245000000000037,630385.8699999973,1613424.0
2024-06-28,1613424.0,1640490.0,144.9046966,34.041666666666664,143.4719143,4.6,33.9875,5.912822351342525,1126837.477004896,144.9046966,143.4719143,61.012,59.90000000000001,0.0,0.1930176593201338,0.3340229092190471,1496846.411167577,0.1367647650000094,1.10599350282298,1910065.0138859951,147.3651437,3.4478607930371905,1571838.671308156,57281.08903125487,0.1842577006537279,0.0392319582404216,41419.849869541096,1.9375,61930.0,-0.0272070103506854,2.953125,0.0128414164988224,2.684725752926475,147.3651437,0.2079906584549044,0.0599999999999996,42887.22674252491,5.432353371994587,1471715.4438723428,0.0001864893920444,12116.25,1097737.557552555,74331.375,0.169999999999959,0.0037592846514112,1.8812062256096735,39180.0,0.0156533399952287,0.105695283839431,151827.0,2594893.0,58510.0,4443049.569999997,0.0152299000089669,0.1448666546731152,1704071.1000000015,4151644.0,3496404.0,-4.1145,326055.6300000027,1589778.25
2024-07-01,1589778.25,1611300.0,145.05125138,34.520833333333336,143.4719143,4.6,34.2,6.135933935742881,1794545.3947828773,144.9046966,143.4719143,60.714,61.120000000000026,3.4471850999999845,3.2935167822420226,0.8402350406460375,1647134.5203539447,3.366002354999978,1.1498533945440812,2114490.4267185945,147.3651437,2.9038378268441885,2197100.8930883296,25415.74721875461,0.2276765378095213,0.0136576098239169,42192.617404621655,1.3125,21710.0,-0.567473009364905,1.46875,0.018376150511457,2.66834346404484,147.3651437,0.171786111513173,-0.5299999999999994,42902.6801851146,5.829757126863921,1612594.8938898607,0.003016177680285,-23645.75,1200638.4104720345,32199.75,2.75,-0.0012918621811451,0.4579961088849416,-29190.0,0.0233381725100565,0.111835666478288,981105.0,6267678.0,29950.0,3701073.2799999975,-0.008217081476483,0.1180796754058395,2374107.25,2787102.0,6818507.0,0.4140000000000015,306713.75,1623143.375
2024-07-02,1623143.375,1646920.0,145.19780616,35.041666666666664,146.9190994,4.6,34.3,6.273285800717803,1920352.4325479348,144.9046966,143.4719143,61.336,62.05000000000002,3.4471850999999845,2.979848517266589,1.0956350630361682,1747746.9325529183,3.14805484499999,1.2289510664307983,2211854.0003103414,147.3651437,2.17095478473137,1861523.998508487,55222.81891220645,0.1331853164231998,0.0038338930776591,42164.64747938345,1.875,6290.0,-0.5134279608539618,1.9562499999999967,0.0131370737354106,2.6244859145735573,149.6974453,0.1741210658297859,-0.5199999999999996,41544.62588202286,6.142366143631528,1700163.892509123,0.0007326407873153,33365.125,1270701.6769675892,22306.375,0.6699999999999591,-0.0129921679113089,0.9798536223244696,35620.0,0.0138268765527884,0.1089958576492084,685089.0,3581977.350000001,45610.0,1586302.6499999985,0.0069795179770681,0.0485176256114388,2069010.4499999995,674467.0,4713009.0,-0.279999999999994,-195069.1199999973,1644958.375
2024-07-03,1644958.375,1660150.0,145.34436094,34.708333333333336,146.9190994,4.0,34.6625,6.35676266503597,2072411.8870179784,145.6374705,146.9190994,61.510000000000005,62.66000000000002,3.4471850999999845,2.696053420384061,1.2628678107219349,1825726.7436380289,2.9301073350000024,1.2679427688696252,2370993.5720301527,149.6974453,0.8544329735992129,1831306.855793394,61933.502825329546,0.1401467764135643,0.0305793691685962,40822.71882179225,2.4375,49260.0,-0.4645300598202517,1.578125,0.0129202807002644,2.642143218956765,149.6974453,0.1687568720414548,-0.5099999999999998,40962.78768091495,6.22442935455121,1749308.681880992,0.0005463465804167,21815.0,1313931.725013287,21835.5,0.5,0.0031699597558255,0.660343753531663,13230.0,0.0111730042524853,0.1017416982527589,879461.0,3511383.0500000007,19660.0,-348754.1499999985,-0.0307954888094502,-0.0099323439536098,2046319.1000000013,-838354.0,3015243.0,-2.450499999999998,-151008.0,1614868.625
2024-07-04,1614868.625,1618210.0,145.49091572000003,35.083333333333336,146.9190994,4.0,35.075,6.389373167559884,2148808.652487121,145.6374705,146.9190994,61.330000000000005,61.23000000000002,3.4471850999999845,2.4392864279665503,1.41469491529139,1956391.2939213573,2.7577480799999705,1.305270660325946,2544643.197300962,149.6974453,0.9571563808540636,1479272.917146407,18089.359699107707,0.1178625384083863,0.0218100993262484,40243.85740101189,3.5625,34540.0,-0.4202891017421333,2.128124999999997,0.0087849437297331,2.676918102281318,149.6974453,0.1809669583019403,-0.4799999999999995,37338.47850973548,6.282549683579151,1785631.454956535,0.0002730241244115,-30089.75,1326790.2642186517,31534.375,0.25,0.0014751777554633,1.2760253008143607,-41940.0,0.0395515943459601,0.1009536985779688,-173396.0,3050769.5500000007,6910.0,371220.7100000009,0.0008250473108831,0.0105927058071071,1683006.4499999993,398516.0,3589499.0,-3.597999999999992,153977.41999999434,1619977.75
2024-07-05,1619977.75,1639880.0,145.6374705,35.208333333333336,146.9190994,4.0,35.0,6.49337741578374,2202390.216193334,145.6374705,146.9190994,61.772000000000006,60.62666666666669,3.4471850999999845,2.2069734348268923,1.531452169058901,1981450.5457924416,2.5853888249999954,1.324211533029274,2621673.137758603,149.6974453,1.0361521765173731,1408427.4012277052,35972.75401347852,0.1242549367382838,0.0380038484909863,36649.66869659555,1.4375,60040.0,-0.3802615682428829,1.8250000000000028,0.0117363190924195,2.6014690181966933,149.6974453,0.1635967081260796,-0.4500000000000002,38650.4338070811,6.394441171444217,1805250.9098197485,0.0025438902960956,5109.125,1323584.5451917264,25090.375,2.330000000000041,0.0031534851275651,1.0414038435939474,21670.0,0.0368806391492648,0.1038831766846362,43641.0,2997067.850000001,-7040.0,681957.7300000042,0.0050892297774193,0.0198927676609006,1590495.75,136298.0,3322325.0,-1.4789999999999992,-14220.79999999702,1646446.375
2024-07-08,1646446.375,1648410.0,145.6374705,35.479166666666664,146.9190994,4.0,35.2375,6.584342272281221,2236222.401010948,145.6374705,146.9190994,61.75600000000001,61.53000000000002,3.4471850999999845,1.996785488652904,1.6207366336482043,1988874.1477380088,2.4130295699999635,1.335385533478456,2643006.3012381536,149.6974453,1.0965603917932285,1811930.8392060213,40264.39648838528,0.1065355540588544,0.0456402319120052,37899.92661268274,2.25,71950.0,-0.3440461807911799,1.828125,0.0112056049127398,2.5694816188249696,149.6974453,0.1647305138770281,-0.4199999999999999,39608.52597603591,6.726733859859193,1771094.7857194562,0.0007296487884562,26468.625,1348492.5332828932,-3165.625,0.6699999999999591,0.016142922609712,1.1118653822992854,8530.0,0.0276031801900757,0.1043867936799003,475322.0,2772754.1499999985,-11740.0,-474221.1300000027,0.012499135396195,-0.0136410686461008,1992306.5500000007,-582964.0,4195954.0,0.906000000000006,-397635.7899999991,1672144.0
2024-07-10,1672144.0,1681370.0,145.6374705,35.083333333333336,146.9190994,4.0,35.1,6.59741518368522,2225738.722338808,145.6374705,146.9190994,61.898,62.99666666666669,3.4471850999999845,1.8066154421145484,1.6869161721773889,1980783.2408306024,2.2406703149999885,1.305018621311939,2656760.4786239658,149.6974453,1.1413362419785558,1568373.8545197323,66250.64444187237,0.1052222470898602,0.0628263315591852,38615.99530068289,-0.1875,99390.0,-0.311279877858686,0.484375,0.0098676927942649,2.470987177543557,149.6974453,0.1481157035987887,-0.3899999999999997,39730.68412969917,6.738831774464596,1730770.300040289,0.0009902929525966,25697.625,1329827.8510612636,1488.0,0.910000000000082,0.0239594614543339,-0.1249789398244587,32960.0,0.0782394981193226,0.1060773719935309,593178.0,1939422.25,63160.0,-1214317.0300000012,-0.0120688772235807,-0.0342870910051874,1719909.8500000015,-2029389.0,3327757.0,1.2025000000000077,354193.7400000021,1705676.0
2024-07-11,1688059.875,1710220.0,145.6374705,34.895833333333336,146.9190994,4.0,35.1125,6.5344011726301305,2213313.882981826,145.6374705,146.9190994,62.274,63.49666666666669,3.4471850999999845,1.6345568285798322,1.7326403420872174,1986332.3808424056,2.068311059999985,1.2756577250878016,2606514.031842656,149.6974453,1.172272368570433,1376327.2969464213,86043.44020931306,0.1020693030605021,0.0814936604799696,38376.23714181672,1.875,128870.0,-0.281634175205478,0.8624999999999972,0.0102406013450027,2.4064021517184595,149.6974453,0.1868733286780761,-0.3599999999999994,41441.52512721616,6.707688361739647,1675607.9457478083,0.0007283954643793,15915.875,1273795.8016585817,57275.375,0.6699999999999591,0.0258084158943195,0.3393047687302513,28850.0,0.0574995924834822,0.0998341450000039,468598.0,1530343.3000000007,70340.0,-1221743.8200000003,-0.0098064975019776,-0.0349432578241496,1479312.0,-63838.0,2700314.0,0.2935000000000016,191901.54999999705,1715609.0
2024-07-12,1715609.0,1698140.0,145.6374705,35.229166666666664,146.9190994,4.0,35.325,6.5762053328351175,2149851.2494088355,145.6374705,146.9190994,63.01800000000001,63.33333333333335,3.4471850999999845,1.4788847496674862,1.7595045850672888,1973973.543335959,1.8959518049999813,1.228348672211425,2497795.63495964,149.6974453,1.1904482178699414,1043480.2686658128,66919.30304652127,0.1243599390140776,0.0604692408090876,41942.451589336975,3.125,96830.0,-0.2548118728049564,2.34375,0.0119218282244804,1.9457359587206209,149.6974453,0.1521878993470039,-0.33,48380.20385751438,6.877844272911942,1592385.9019759174,0.0013579576317219,27549.125,1192001.6327177102,85698.25,1.25,-0.0641345296212889,1.8903233621845172,-12080.0,0.0881700827965414,0.1005656604655686,-348642.0,1719901.8500000015,49730.0,-498051.0599999949,0.0223309972671178,-0.0145246735683675,1083773.8500000015,1333706.0,3109577.0,0.9059999999999988,320858.0,1504983.0
2024-07-15,1504983.0,1500900.0,145.6374705,35.541666666666664,146.9190994,4.0,35.3,6.626621668505456,2016930.4328976297,145.6374705,146.9190994,63.728,63.6766666666667,3.4471850999999845,1.3380385830324997,1.7683686441146027,2176978.6601076727,1.7235925500000064,1.2452665311289348,2342926.6166763944,149.6974453,1.1964454760672107,1211314.4811738282,-117909.20200552838,0.1058952920301132,-0.0850904302982645,48438.583014315045,-0.5,-139590.0,-0.2305440753949605,0.9593750000000014,0.0080806380337115,1.9174036035621709,149.6974453,0.1452300886819044,-0.2999999999999998,51778.50009701221,6.586509418205628,1553391.118251223,0.0012693246541903,-210626.0,1091594.1144141443,69162.625,1.169999999999959,-0.0130613803309616,0.5227925657859913,-197240.0,0.0713798556695413,0.1066055804038143,25164.0,974457.6499999984,-180470.0,-590299.4299999997,0.0031686499859312,-0.0172592882273772,1192259.0500000007,4190817.0,1012040.0,2.634500000000017,553574.1300000027,1526268.0
2024-07-16,1526268.0,1418420.0,145.6374705,35.958333333333336,146.9190994,4.0,35.4,6.55616244866599,1912896.1387794649,145.6374705,146.9190994,63.178,63.03666666666669,0.0,1.210606337029418,1.7595045850672917,2134876.448682328,1.5512332949999743,1.2699841676892971,2163597.932410607,149.6974453,1.1904482178699165,1312601.86391918,-181304.51610023997,0.1213227091643449,-0.1197045863588407,53390.58484415901,1.6875,-192880.0,-0.2085874967859169,1.6218750000000028,0.0074862385321101,1.934210773363474,149.6974453,0.1632089104892896,-0.2699999999999996,54138.40840185282,6.078376233164599,1479003.233801874,0.0006284401681619,21285.0,1011430.7734524125,-167161.0,0.5800000000000409,0.0463796153081101,1.208121845234949,-82480.0,-0.0672117186802725,0.1090028206899634,311790.0,409277.19999999925,-291800.0,-620490.7400000021,0.003084869253674,-0.0183893211406879,1252747.4499999993,678628.0,-3495918.0,-1.238500000000002,349390.8699999973,1524496.0
2024-07-17,1524496.0,1495420.0,145.6374705,36.270833333333336,146.9190994,4.0,36.0375,6.357352477799615,1761761.4532011813,145.6374705,146.9190994,62.86,62.73333333333336,0.0,1.095310495407574,1.7326403420872232,2115526.073364044,1.3788740399999997,1.401431804252694,1995648.9278717572,149.6974453,1.1722723685703802,924485.5911649726,-94370.75266212202,0.1014943949507503,-0.0919898962912588,55717.02590193941,2.5,-151500.0,-0.1887220209015438,2.840625000000003,0.0083230256399504,1.9342179162065152,149.6974453,0.1915164529454752,-0.2400000000000002,56895.765454893626,5.975998485195385,1382475.42541017,0.0003573362208988,-1772.0,909974.0483841778,-179408.0,0.3300000000000409,-0.0113984915071453,2.393657859974475,77000.0,-0.0399491249801662,0.1145898291734194,243995.0,425937.69999999925,-202720.0,-1084025.5900000036,-0.0018317369407653,-0.0320794040185875,811654.25,-714815.0,-901859.0,0.100999999999999,206407.1199999973,1528790.0
2024-07-18,1528790.0,1517880.0,145.6374705,36.66666666666666,146.9190994,4.0,36.3625,6.033601176624659,1731279.42281659,145.6374705,146.9190994,62.49400000000001,61.440000000000026,0.0,0.9909952101306772,1.6869161721773975,1983903.3569484744,1.2065147849999676,1.3400576566042233,1826781.6919537252,149.6974453,1.1413362419784745,1005136.7253397368,-65062.10955144372,0.1193734018087639,-0.0856970755654609,58463.93168988045,1.6875,-142270.0,-0.1707484951013969,1.5718749999999986,0.0083953463997483,1.9326046645601207,149.6974453,0.1916669359131051,-0.2099999999999999,58938.39020118227,5.733916545232285,1286380.3408957876,0.0009958542156023,4294.0,779059.6023100207,-191113.0,0.9199999999999592,-0.0048644882811201,1.2043809209292815,22460.0,-0.0607755152868119,0.1095501891936653,135109.0,602558.8999999985,16980.0,-857788.3099999987,0.0053400985553043,-0.0255206477443356,839846.3000000007,-2888499.0,-789807.0,-1.1615000000000038,252139.38000000268,1569018.0
2024-07-19,1566044.625,1571910.0,145.6374705,36.97916666666666,146.9190994,4.0,36.45,5.951877611807691,1644746.183857415,145.6374705,146.9190994,62.218,61.73333333333336,0.0,0.8966147139277609,1.620736633648217,1799589.5339185346,1.0341555299999925,1.2315914234062468,1652591.281256941,149.6974453,1.0965603917931146,636411.9895930961,-9981.432451306377,0.1184367401389163,-0.0286118612541017,60494.67015655883,1.5,-46300.0,-0.1544867336631687,1.8812500000000012,0.0117443143022217,1.780517665708666,149.6974453,0.1679390388315313,-0.1799999999999997,58671.06914705742,5.561408260721803,1219363.497287723,0.002162746688294,37254.625,696214.1794793435,23807.0,2.0,-0.0190120502137599,1.598606547507444,54030.0,-0.0706208599351335,0.1191378867867235,-406081.0,694018.3000000007,153490.0,-555341.1699999981,-0.006877671601114,-0.0167668310820356,433839.3500000015,-465166.0,-333787.0,-0.1929999999999978,370548.5,1590407.0
2024-07-22,1577348.0,1589940.0,145.6374705,37.083333333333336,146.9190994,4.0,36.9625,5.754460306729906,1573975.4307961864,145.6374705,146.9190994,62.194,62.56666666666669,0.0,0.8112228364108489,1.5314521690589191,1534108.6529677578,0.861796274999989,1.3363281881009237,1469974.345845024,149.6974453,1.0361521765172237,874352.8477270864,7282.037305960897,0.1416166638236957,-0.0304534478132546,60149.505502953405,2.4375,-49940.0,-0.1397737114095338,2.5,0.010679692893454,1.885203535013373,149.6974453,0.1789063985596148,-0.1500000000000003,58655.38547717315,5.60457977675426,1196697.8973497867,0.0003560830860533,11303.375,595654.1608066389,42750.0,0.3300000000000409,0.0008383350408218,2.1814773525067395,18030.0,-0.0283927895372912,0.1067198599009578,214699.0,442708.0,94520.0,-376942.59999999776,0.0135914190870262,-0.011524504118338,642593.25,-159571.0,-671599.0,2.633500000000005,426637.950000003,1635674.0
2024-07-23,1636543.0,1638070.0,145.6374705,38.22916666666666,146.9190994,4.0,37.725,5.694094725021898,1402783.605388328,145.6374705,146.9190994,62.41799999999999,62.910000000000025,0.0,0.7339635186574469,1.4146949152914172,1263379.272273451,0.689437020000014,1.599223058689654,1311143.7764043051,149.6974453,0.9571563808538676,925634.6241340302,50134.70041967882,0.1460736020320135,-0.006272711279354,59971.52274034116,4.3125,-10340.0,-0.1264619293705307,4.234375,0.0062919988313367,1.7379881745117671,149.6974453,0.1775831126864009,-0.1200000000000001,56894.15101054453,5.565550050869988,1214079.1797832516,0.0002696638909263,59195.0,569054.5985518956,65911.0,0.25,0.0050711654634396,3.839789033220384,48130.0,-0.0182538000907728,0.1039201339419005,176961.0,-243319.6499999985,120190.0,-483090.1099999994,-0.0245199458082775,-0.014749152796021,700511.9499999993,202495.0,-1249341.0,0.0634999999999905,287640.5,1582112.0
2024-07-24,1607682.0,1642100.0,145.6374705,38.22916666666666,146.9190994,4.0,37.625,5.63655167079349,1231966.4523635113,145.6374705,146.9190994,62.486,63.18000000000003,0.0,0.6640622311662696,1.2628678107219728,1025020.8075983904,0.5170777650000105,1.6030751441403135,1155583.6726910654,149.6974453,0.8544329735989578,794163.4694545977,49006.15752256662,0.1701847004208418,-0.02335595377579,58057.856587477465,2.6875,-39270.0,-0.1144179360971469,1.234375,0.0101784092451273,1.681360664526323,149.6974453,0.1545746224625573,-0.0899999999999998,56689.34781937554,5.725402743848173,1252682.0738339813,0.0014450087886728,-28861.0,528012.2477325931,106884.0,1.339999999999918,-0.0014731796818086,0.8729043633898712,4030.0,-0.0065428034362795,0.1098464979687565,430820.0,-721281.4499999993,70190.0,17124.039999999106,0.0389023007204697,0.0005258245161872,566761.75,620616.0,-992221.0,0.5050000000000026,421873.0999999941,1538280.0
2024-07-25,1573640.0,1583520.0,145.6374705,37.645833333333336,146.9190994,4.0,37.55,5.55486282938805,1082997.4645624151,145.6374705,146.9190994,63.214,63.14000000000002,0.0,0.6008182091504466,1.0610211864681265,899617.8349843752,0.344718510000007,1.4587072672214612,1043964.835858482,149.6974453,0.7178672856406199,954792.0437922552,-8662.047955773072,0.1894463329082073,-0.0740840359719802,58040.03819646176,1.25,-126700.0,-0.1035209898021811,0.140625,0.0120178491185169,1.7027782252003183,149.6974453,0.1661843923310279,-0.0600000000000005,56499.673122239,5.645824237089321,1339917.211404391,0.0005384043847653,-34042.0,488280.5814582156,13094.0,0.5,-4.6259952873328736e-06,-0.0584436712186899,-58580.0,-0.0538422528203312,0.1058447644811422,361975.0,-927506.8000000007,-6420.0,573414.3399999999,-0.0185275245753092,0.0177357544565293,730325.8000000007,1742290.0,-874787.0,2.316999999999993,411041.3400000036,1549473.0
2024-07-26,1549473.0,1575470.0,145.6374705,36.6875,146.9190994,4.0,37.55,5.590374810958948,890444.6859790153,145.6374705,146.9190994,63.984,64.34333333333336,0.0,0.5435974273266027,0.7708140214610516,864905.0007700702,0.1723592550000035,1.3530545365744542,1047962.505222865,149.6974453,0.5215184921638828,577246.2777168006,-15120.42434093752,0.2305715413457585,-0.0722378602470938,59354.60779747649,0.4375,-122670.0,-0.0936618479162589,0.8999999999999986,0.0094375983083156,1.7888569564199572,149.6974453,0.1349888804102264,-0.0299999999999993,57792.90987894287,5.571321680128743,1447193.5005714078,0.0025937126682955,-24167.0,426626.5216348028,-52127.0,2.410000000000082,0.0035617515795063,0.7953366784211866,-8050.0,-0.0981405612789299,0.1247904027156684,-103525.0,-783965.6499999985,-62600.0,345285.3999999985,0.008500050368128,0.0106996685957463,339632.44999999925,652332.0,-1057160.0,3.052499999999995,226402.8900000006,1488311.375
2024-07-29,1488311.375,1549590.0,145.6374705,36.8125,146.9190994,4.0,37.4625,5.468154311981227,849976.8020113539,145.6374705,146.9190994,64.738,66.32000000000002,0.0,0.4918262437716976,0.0,960448.8577054604,0.0,1.3794634492773203,1004699.2857849868,149.6974453,0.0,728320.0131723434,-37095.62202275312,0.2025523280445874,0.0324405356785928,60523.52423857544,2.125,48690.0,-0.0847416719242346,1.1937500000000014,0.0132554013151027,2.0476240403286843,149.6974453,0.1533786070127952,0.0,62940.28382645344,5.635734762753041,1549823.6420555671,0.0001824856695076,-61161.625,344833.217989399,-86201.0,0.169999999999959,-0.0048725061162061,1.0588760423810726,-25880.0,-0.0968379158654448,0.105646662730753,172089.0,-559879.5,-92510.0,230056.1099999994,-0.0267126511050959,0.0070605749358823,480483.1499999985,1599642.0,-276263.0,5.472000000000008,187430.2199999988,1444516.375
2024-07-30,1444516.375,1482170.0,145.6374705,37.97916666666666,146.9190994,4.0,37.4,5.474855898191056,535543.5143320996,145.6374705,146.9190994,64.90599999999999,65.73000000000002,0.0,0.444985649126778,0.0,1045130.4915051316,0.0,1.5040344592470665,940384.5181054604,149.6974453,0.0,512577.4881083109,-94561.7532586814,0.0975758419113297,0.0449443747268087,65314.76961428849,3.5,63750.0,-0.0766710365028791,3.121875000000003,0.0105943448261507,2.041605341006609,149.6974453,0.1681044219948386,0.0,71381.2082053317,5.825663639656694,1685650.4285941108,0.0005366246310705,-43795.0,338291.2403829603,-93800.625,0.5,0.0055083690743924,2.93719737167811,-67420.0,-0.0110776168235787,0.1082878697157406,-250831.0,-225452.75,-101350.0,663035.6300000027,0.0069176859062868,0.0201503666471267,282724.0,672588.0,297283.0,-0.1444999999999936,597005.5,1469843.75
2024-07-31,1469843.75,1472800.0,145.6374705,37.958333333333336,146.9190994,4.0,37.3875,5.430907915825008,531135.1483296383,145.6374705,146.9190994,64.86999999999999,64.6566666666667,0.0,0.4026060634956536,0.0,1105967.88513872,0.0,1.468333507576204,1028891.0605684732,149.6974453,0.0,512947.96543132886,-94033.49104356904,0.0967251534199671,-0.0151261852857391,73336.85710890779,-0.5625,-22620.0,-0.0693690330264145,0.3999999999999986,0.0093147039254823,2.045619903471647,149.6974453,0.1524264100842371,0.0,75483.84144872437,5.880145361638283,1773490.865525077,0.0005363368195225,25327.375,317400.16336021444,-93763.625,0.5,-0.0037314788748808,0.2824642886611457,-9370.0,-0.0535630865614689,0.1053884430830128,120317.0,508841.19999999925,-102670.0,2861466.779999997,-0.0125862670207733,0.0877321346146533,291417.25,1472641.0,820280.0,-0.5585000000000093,34988.5,1497182.0
2024-08-01,1497182.0,1525750.0,145.80852271999998,38.1875,146.9190994,4.0,37.7875,5.334190018980832,601905.0404232043,145.6374705,146.9190994,65.01399999999998,63.60000000000002,0.7377830000000074,1.0317805812580048,0.1649732940579742,1121111.0487756787,0.7008938500000284,1.4426929942490372,1086174.3208830846,149.6974453,0.529927158711219,675048.2544378713,-37170.77761084819,0.1114902488662126,0.005184863098532,77188.82751079711,1.625,7870.0,0.1181899224999103,1.359375,0.0097597987756077,2.053123166506998,149.6974453,0.1655567722643446,0.1900000000000004,76021.38897370527,5.860020118547785,1851136.1649677127,0.0007183060841597,27338.25,318695.3662839329,-79629.25,0.6699999999999591,-0.00415735893393,1.273420070693419,52950.0,-0.0358493889127947,0.113096887217777,125736.0,1426358.25,-23840.0,2677348.6800000034,0.0230352881929934,0.0815935135259575,475373.19999999925,-490552.0,1484646.0,2.1609999999999943,446064.7199999988,1433349.875
2024-08-02,1453300.5,1500220.0,145.97957494000002,37.375,147.6568824,4.0,37.8125,5.2339985721563735,735674.6344178728,145.6374705,146.9190994,65.096,64.66000000000003,0.7377830000000074,0.9335157639953592,0.2270848159562936,1140840.9710857277,0.6640047000000209,1.4168968305020773,1085698.9039245923,149.6974453,0.7294417680816063,601859.611158073,-56729.274981243536,0.0999613626785156,-0.0456069367839125,77573.58911788075,0.125,-71690.0,0.1069337394046803,0.3406250000000028,0.0096352517313342,1.9464702196013737,147.327539,0.1602704601149311,0.1799999999999997,79785.8860673957,5.539698927815153,1916922.9745473668,0.0017784062908445,-43881.5,288460.33458724094,8870.625,1.660000000000082,-0.0205661089903438,0.3039276830083324,-25530.0,-0.0206751744843961,0.107846564500586,277688.0,1873571.5,18050.0,1843432.269999996,-0.0245743351731129,0.0549172879135688,407011.8500000015,-587823.0,1748342.0,2.5209999999999866,254541.7199999988,1420523.0
2024-08-05,1420523.0,1433350.0,146.15062716,37.395833333333336,147.6568824,4.2,37.7375,5.244283002587943,892521.6982661721,146.4927316,147.6568824,65.414,67.22666666666669,0.7377830000000074,0.8446095007576844,0.270284993395079,1123561.5168601908,0.6271155500000134,1.3778790134316057,1097680.2179723708,147.327539,0.8682093632572483,853419.9339049235,-111827.9154592203,0.0946953744849288,-0.0984879932576071,82648.65785119738,-0.8125,-156590.0,0.0967495737470915,0.1343749999999985,0.0110532688904296,2.3700838870353094,147.327539,0.1680321139929111,0.1700000000000008,84798.70505564177,5.840314767138518,1927377.8262422783,0.0007165162339051,-32777.5,287224.2729970595,-11166.5,0.6699999999999591,0.0175989802590489,0.1618869512932477,-66870.0,-0.0864669015906764,0.1090852948190806,564717.0,2251516.6999999997,-39450.0,-346135.3599999994,0.0200673096891311,-0.009756498824844,676680.3000000007,-1206479.0,2327875.0,6.151500000000013,-161225.43999999762,1457571.0
2024-08-06,1457571.0,1470160.0,146.32167938000003,37.583333333333336,147.6568824,4.2,37.55,5.225104985162761,966560.3656341884,146.4927316,147.6568824,66.294,67.86333333333336,0.7377830000000074,0.7641705006855375,0.3027797546111073,1085574.882086483,0.5902264000000059,1.3954961624709137,1170666.256845737,147.327539,0.9725890241085172,501200.9401996955,-67873.35208215169,0.087139667437524,-0.1025047769631334,87208.59293998055,-1.25,-167910.0,0.0875353286283209,1.6062500000000028,0.0132311616669604,2.480256565677099,147.327539,0.2083159099159564,0.1600000000000001,84543.89244293804,6.146201993725578,1869588.8381218573,0.000801496126102,37048.0,296325.2052842083,-49320.75,0.75,-0.0034141478572481,1.6167072416462671,36810.0,-0.1068179403133914,0.1075844239349538,32098.0,1699056.1499999985,-55590.0,12115.460000000894,-0.012186285291073,0.0003413709292656,350178.44999999925,-31637.0,2370152.0,3.120999999999995,97338.5,1452160.75
2024-08-07,1452160.75,1492290.0,146.4927316,37.875,147.6568824,4.2,37.7625,5.184242801197232,1027427.3762772772,146.4927316,147.6568824,67.312,68.35000000000002,0.7377830000000074,0.6913923577630783,0.3277686990566031,963897.5652532062,0.5533372499999984,1.2557229190149677,1219385.6008694826,147.327539,1.0528585028998063,487700.9935140088,-41386.8423600418,0.0852728350175704,-0.0912307411241702,86685.4753820783,1.0,-149810.0,0.0791986306637184,0.796875,0.0101068557137837,2.5896445600456035,147.327539,0.2259655281330823,0.1500000000000003,81399.2261792248,6.281147125393023,1789948.36200371,0.0006193272824346,-5410.25,301305.31099620427,-39611.0,0.5800000000000409,0.0055532988186186,0.8972589329180494,22130.0,-0.1088866118798733,0.1084381874627185,79770.0,1480641.25,-7930.0,-170644.76999999583,0.0153342417969921,-0.0048189949208472,355159.5,115892.0,2592959.0,3.1779999999999973,-111996.3900000006,1530365.75
2024-08-08,1530365.75,1534710.0,146.4927316,38.020833333333336,147.6568824,4.2,37.6375,5.095482493623252,1081368.5778606562,146.4927316,147.6568824,67.726,67.45333333333336,0.7377830000000074,0.6255454665475497,0.3468777861023451,916016.8898403344,0.5164481000000194,1.1228552289271068,1244105.5950408813,147.327539,1.1142407057650292,467897.61317934096,934.7616742479148,0.0717740152823342,-0.0308237344649894,83287.71888106104,1.375,-48810.0,0.0716559039338404,0.1031249999999985,0.0089011885461736,2.652729676549689,147.327539,0.2168092070933397,0.1399999999999996,72896.18446396799,6.13090555261148,1683651.8334109655,0.0005335723737567,78205.0,301227.89380569133,18810.875,0.5,0.0097273132195886,0.3028771297829991,42420.0,-0.0821378322141542,0.104334828805,-232175.0,1475617.6000000015,101360.0,-347346.16999999434,-0.026666510740031,-0.0098870912555795,347921.6000000015,260854.0,2799100.0,2.868000000000009,15413.920000001788,1583894.875
2024-08-09,1583894.875,1588840.0,146.4927316,37.625,147.6568824,4.2,37.7,5.148422829595283,1097379.2479191923,146.4927316,147.6568824,68.292,67.99000000000002,0.7377830000000074,0.5659697078287138,0.3610418466499151,912309.9762550606,0.4795589500000119,1.1081477180994177,1250337.1693381353,147.327539,1.1597384962060835,120893.03097178414,49820.49865765288,0.0695999877466044,0.0084863564523602,72548.26539788235,0.4375,13370.0,0.0648315321306176,0.0593750000000028,0.0120736804086476,2.7983056433651887,147.327539,0.2308770208286928,0.1299999999999999,59629.24728277492,6.39221671049944,1564469.4284678078,0.0022291431131209,53529.125,264989.93309727067,109842.75,2.089999999999918,0.0085811593241211,0.2740316888512879,54130.0,-0.0051448695946121,0.1115926736087829,-266993.0,793755.8999999985,118680.0,-1211077.9800000042,0.03528825083873,-0.0341122608395757,-17480.699999999255,-840682.0,1913914.0,4.032500000000013,35291.859999999404,1588905.125
2024-08-12,1588905.125,1602500.0,146.4927316,37.520833333333336,147.6568824,4.2,37.8375,5.16253548484666,1104628.762006626,146.4927316,147.6568824,68.878,69.83666666666669,0.7377830000000074,0.5120678308926188,0.3708279516225932,820365.1156981031,0.4426698000000044,0.9894592489135304,1251726.8044654853,147.327539,1.1911734192485202,542801.9804030433,57434.73688073363,0.0745466723728073,0.034144515646074,58817.40319098108,0.3125,52910.0,0.05865710049913,0.1875,0.0109085290482076,3.3460289110659778,147.327539,0.2630891421364304,0.1200000000000001,61467.50511004868,6.348199413201835,1450456.674184045,0.0001702725424883,5010.25,271057.13923204574,126323.875,0.1600000000000818,-0.0574076677721972,0.474123908960685,13660.0,0.0222152144632401,0.1066921698334378,174216.0,792498.1999999993,110210.0,-1779574.580000002,-0.0213322134110621,-0.0504983980881084,421256.75,-995977.0,1724177.0,7.793999999999983,-156800.1099999994,1591696.875
2024-08-13,1591696.875,1598490.0,146.4927316,37.97916666666666,147.6568824,4.2,37.875,5.124346299844011,1114642.6105511182,146.4927316,147.6568824,68.944,69.89333333333336,0.7377830000000074,0.4632994660456973,0.3765775650618961,809696.3408921458,0.4057806499999969,0.9700701955054076,1247408.9927417624,147.327539,1.2096423255695636,493827.1727456115,48336.666701616254,0.0802506340509898,0.078479526639994,60918.97059006943,-0.75,116320.0,0.0530707099754028,1.1749999999999972,0.0106274521919118,3.220747665732429,147.327539,0.2624850405912079,0.1100000000000003,63316.68777825739,6.360340027345916,1336554.2348001862,0.0005320111083919,2791.75,284566.1472498031,136744.375,0.5,-0.0050596141656149,1.4468263938215742,-4010.0,0.0675891830766932,0.1109194842452641,147774.0,1230054.25,63780.0,-1472524.1000000015,0.0023955504157129,-0.0423334552296481,395777.6499999985,-507665.0,2107476.0,2.0095000000000027,73667.32999999821,1607310.125
2024-08-14,1607310.125,1629040.0,146.4927316,38.208333333333336,147.6568824,4.2,37.9,5.077684382170546,1118695.887329358,146.4927316,147.6568824,68.954,69.45333333333336,0.7377830000000074,0.4191757073747055,0.3784746932654748,786660.3043447203,0.3688914999999895,0.975459574547465,1228141.7521024195,147.327539,1.215736280135514,822735.4420079328,71373.65082527185,0.0723727127953486,0.1060836501901141,62964.2779757883,1.1875,156240.0,0.0480163566444122,0.4562499999999971,0.0087137442320368,3.149547127011788,147.327539,0.2617977685312647,0.1000000000000005,65795.79469753247,6.157233315829635,1208497.2753659454,0.0014250316378292,15613.25,316175.19158856955,61331.125,1.339999999999918,-0.0042780050308094,0.6870095944100001,30550.0,0.1018891184255352,0.1128889573522472,897565.0,1048534.8500000016,40200.0,-999130.0999999978,-0.0159618522417888,-0.0291362587731298,747487.8500000015,1070464.0,1301848.0,1.70450000000001,89316.43999999762,1643875.0
2024-08-15,1643875.0,1647640.0,146.4927316,38.29166666666666,147.6568824,4.2,38.0,4.986435917428983,1106530.791357222,146.4927316,147.6568824,68.83399999999999,67.38000000000002,0.0,0.3792542114342438,0.3765775650619067,738757.863623003,0.3320023500000104,0.9325306894893493,1204059.4954921023,147.327539,1.2096423255695856,1059630.3999119364,81404.73169905553,0.0643363957672119,0.0798885793871866,65675.16822232776,-0.125,121890.0,0.0434433702973251,0.1937500000000014,0.0095419454451879,2.9392768534211995,147.327539,0.2689275822323934,0.0899999999999998,70437.57267998096,5.9167082776154345,1075763.063186218,0.0003504412373762,36564.875,389330.9343778904,23415.25,0.3300000000000409,-0.0017415851489317,0.4519372520852371,18600.0,0.0935244817688956,0.104888150551138,766954.0,358761.05000000075,45140.0,248806.15000000224,0.0160412041906855,0.0074357848870647,1024022.0500000007,756645.0,-279950.0,0.6830000000000069,232251.45000000295,1649329.375
2024-08-16,1649329.375,1670480.0,146.4927316,37.958333333333336,147.6568824,4.2,38.075,5.100163542341433,1099898.707957653,146.4927316,147.6568824,68.46000000000001,67.18333333333335,0.0,0.3431347627262369,0.3708279516226156,709240.0312006559,0.2951132000000029,0.915975492014421,1193714.9000999818,147.327539,1.1911734192485652,402814.83801556006,94316.66201343133,0.0659128616077909,0.1134900214635186,70607.35369835312,0.6875,170260.0,0.0393059064594849,0.0281250000000028,0.0103762816096091,2.75820803764914,147.327539,0.2646939956431774,0.08,74584.28773344177,5.732179042846056,956764.4494152244,0.0021231422505307,5454.375,360714.65274372033,54969.875,2.0,-0.0111056526104397,0.2958003709342662,22840.0,0.0979794039735983,0.1129277449551824,149533.0,293201.80000000075,71990.0,-545052.3800000027,-0.0158684514587656,-0.0163623331028298,353341.25,-499198.0,-816877.0,0.6020000000000039,282089.0,1657074.625
2024-08-19,1657074.625,1677470.0,146.4927316,37.8125,147.6568824,4.2,38.075,5.117800822999556,1085373.9102183103,146.4927316,147.6568824,67.624,67.62000000000002,0.0,0.3104552615141926,0.3610418466499495,654421.3247013697,0.2582240499999955,0.9161999160563086,1177765.089223551,147.327539,1.1597384962061508,771371.8058236018,91658.40848834254,0.0691739457902761,0.1703142986709456,74875.01561016998,0.6875,244120.0,0.0355624867966763,-0.0906250000000028,0.006244178071675,2.7819668827732333,147.327539,0.2674434821051719,0.0699999999999994,78639.80115824928,5.708557634241131,869384.951379453,0.0003495762711864,7745.25,386907.7227155138,57632.5,0.3300000000000409,-0.007118869742614,0.1545336689405232,6990.0,0.1506816331218503,0.1143968395126789,183775.0,13664.550000000743,48430.0,-703822.4200000018,0.0212614244448301,-0.0211405634417048,740839.6499999985,-1502493.0,-1516610.0,2.2565000000000026,342855.450000003,1659274.75
2024-08-20,1659274.75,1681580.0,146.4927316,38.583333333333336,147.6568824,4.2,38.3625,5.0463030762710135,1042918.5692671704,146.4927316,147.6568824,67.68800000000002,67.98333333333335,0.0,0.2808880937509173,0.3468777861023902,623186.6547318818,0.221334899999988,0.9639631309134884,1158143.0590091208,147.327539,1.1142407057651205,723141.6338404007,86647.60767992889,0.0722136610324499,0.1438074767372259,78728.02200092058,1.625,211420.0,0.032175583292231,2.453125,0.006017499872077,2.575300902195114,147.327539,0.2687938360476288,0.0600000000000005,80179.28544120835,5.363251640393907,801322.1500112371,0.0005294759247296,2200.125,413303.6962825409,49764.5,0.5,-0.0072956821462697,2.458268557612854,4110.0,0.1665243188600254,0.1088230911285614,-136770.0,-393370.19999999925,33940.0,-1137871.240000002,-0.0204171256527069,-0.0337552597068446,712515.3999999985,-896579.0,-1377597.0,1.0120000000000005,321896.1599999964,1621075.625
2024-08-21,1621075.625,1663070.0,146.4927316,39.0625,147.6568824,4.2,38.5875,4.98889661893563,960339.035578278,146.4927316,147.6568824,67.364,67.62666666666668,0.0,0.2541368467269933,0.3277686990566607,601803.2130716464,0.1844457499999805,0.9968030723914122,1156617.9903996468,147.327539,1.0528585028999229,535160.9068079814,61648.31171041168,0.0844253026015572,0.1144415629669837,80380.1522055761,1.25,170780.0,0.0291112420263042,1.3406250000000028,0.006343100343755,2.382299861810805,147.327539,0.2617655078141745,0.0499999999999998,80772.71770856906,5.22439548255935,789521.2530718141,0.0005291957283319,-38199.125,417862.9515209232,15399.75,0.5,0.0010523593898629,1.3193858378402012,-18510.0,0.1383834818338181,0.1098187372013519,345996.0,-257715.3999999985,-7410.0,-156959.59999999776,0.0079087711747944,-0.0047902670091197,528841.8000000007,818065.0,-1025175.0,-1.1350000000000051,439028.5,1577419.875
2024-08-22,1577419.875,1621850.0,146.4927316,40.083333333333336,147.6568824,4.2,39.15,4.904942620052686,850069.7664389744,146.4927316,147.6568824,67.22200000000001,66.71000000000002,0.0,0.2299333375148933,0.3027797546111803,600811.3293406721,0.1475566000000014,1.0867208340001662,1176235.6925798682,147.327539,0.9725890241086664,298490.8204453178,18482.758214181988,0.0883464288666963,0.0567794567051755,81855.71614777419,3.3125,87140.0,0.026338742785704,2.606250000000003,0.0073385668812626,2.324978551118852,147.327539,0.2417797520140913,0.04,80842.80620393044,5.060650155888126,802241.5716845077,0.0009732051241364,-43655.75,419463.38136600825,-28253.75,0.9199999999999592,-0.0002275369406023,2.550872900903037,-41220.0,0.1163196808617779,0.1007866578592946,-309008.0,-402460.1499999985,-55620.0,-61736.6400000006,-0.0026303237424231,-0.0018944193389041,294885.3500000015,769094.0,-1180165.0,-1.0289999999999964,152452.6400000006,1606967.375
2024-08-23,1606967.375,1615290.0,146.4927316,39.6875,147.6568824,4.2,39.4,5.055934787919672,750184.7073782147,146.4927316,147.6568824,67.098,66.20000000000003,0.0,0.2080349244182286,0.2702849933951727,594097.6880956066,0.1106674500000224,1.0702071476182435,1183185.1929051334,147.327539,0.868209363257443,-71648.25769233331,10787.257431879174,0.0936026047989033,0.0166473653734799,82173.97218839561,1.625,26450.0,0.0238302910918273,0.8156249999999972,0.0054040275299516,2.3053239868216657,147.327539,0.2070802780083848,0.0300000000000002,81944.2918420855,4.955599809707526,837697.5933196603,0.0020290620871861,29547.5,396131.16428338765,-79654.75,1.919999999999959,-0.003840985394504,0.7811469103408442,-6560.0,0.030746979929471,0.1095082689851432,-714579.0,-516055.6499999985,-66290.0,-75534.20000000298,0.0127732203226784,-0.002319021761585,-108457.19999999924,428840.0,-588464.0,-0.7965000000000089,321220.1400000006,1593002.5
2024-08-26,1593002.5,1627370.0,146.4927316,39.375,147.6568824,4.2,39.525,5.1547765279770905,663891.0300679442,146.4927316,147.6568824,67.27000000000001,67.46333333333335,0.0,0.1882220744736571,0.2270848159564194,557666.6977715741,0.0737783000000149,1.0503562991959188,1191029.4636121218,147.327539,0.7294417680818739,384398.719230745,20689.42339074798,0.1007032293418608,0.0155195007800312,83294.09615510023,0.625,24870.0,0.0215607395592725,0.0187499999999971,0.0039230071633091,2.357164387006817,147.327539,0.1863400623602592,0.0199999999999995,81134.0435639733,4.814965158126488,903421.8314762948,0.0009597435059114,-13964.875,393786.65971501736,-52307.375,0.910000000000082,0.0078798140126695,0.028180537927426,12080.0,0.0145669389832452,0.1114922742312868,-86421.0,-543900.3999999985,-35700.0,45075.050000000745,-0.0105913143735959,0.0013822717771503,348952.69999999925,182097.0,-632882.0,2.4834999999999923,438818.9699999988,1616134.125
2024-08-27,1616134.125,1616930.0,146.4927316,39.333333333333336,147.6568824,4.2,39.6,5.202353718393365,576229.0944676783,146.4927316,147.6568824,67.126,67.82333333333337,0.0,0.170296162618996,0.1649732940581703,513140.0740649721,0.0368891500000074,1.1408739364246951,1220286.477893314,147.327539,0.5299271587116393,369701.74597067386,9273.287829724371,0.0983873776265693,0.0115358869933499,82563.70526047527,1.8125,18440.0,0.0195073357917223,2.278125000000003,0.0068372410560531,2.1210625440552744,147.327539,0.206911830045901,0.0100000000000006,77811.94327147331,4.791499353325444,1012091.9682715086,0.000705946811649,23131.625,375910.51941293007,-28073.125,0.6699999999999591,0.0048507499410617,2.117758581934339,-10440.0,0.00257874113157,0.1109584627667126,143048.0,-414012.25,-4920.0,108756.81000000238,0.0379365519903904,0.0033435906786092,324771.30000000075,80119.0,-1005699.0,-0.2630000000000052,322788.3900000006,1617544.375
2024-08-28,1617544.375,1624170.0,146.4927316,39.16666666666666,147.6568824,4.2,39.4625,5.169243327577585,626166.7269357528,146.4927316,147.6568824,67.292,67.95000000000003,0.0,0.1540774804647924,0.0,647140.891023975,0.0,1.0920381340326912,1163408.0179347778,147.327539,0.0,540166.1511163265,14940.593750703149,0.1218737351158466,-0.0029894907430142,79415.05742151788,0.4375,-4870.0,0.0176494942877489,0.1343749999999985,0.009485980354116,1.770838264184354,147.327539,0.1766453353049838,0.0,75392.23139865471,4.627802024636803,1146161.2661979448,0.0003474598578574,1410.25,368340.1395712076,38714.25,0.3300000000000409,0.0066322990645228,0.0499958598453531,7240.0,0.0153529546886872,0.1096384517520126,748053.0,-1304199.1999999993,8880.0,568909.9000000022,-0.0081652114193046,0.0175070506996455,495046.94999999925,2240567.0,-1847769.0,-0.910499999999999,571318.7599999979,1660144.0
2024-08-29,1660144.0,1672550.0,146.4927316,39.66666666666666,147.6568824,4.2,39.275,5.094453020659652,639011.2627283947,146.4927316,147.6568824,67.40599999999999,66.93666666666668,0.0,0.1394034347062245,0.0,861027.9143086523,0.0,1.1306282821941935,1085058.5799741962,147.327539,0.0,511562.47005762905,57290.061012540944,0.1123425873666617,0.0151185938675924,77146.29243411914,1.875,24910.0,0.0159685900698676,1.296875,0.0074329353467172,1.7027751342732966,147.327539,0.1992013304347203,0.0,75773.35343029395,4.304229988018462,1309103.5499422017,0.0006210003368136,42599.625,372376.1839391205,10577.0,0.5899999999999181,-0.0049221366062768,1.1761867303362763,48380.0,0.0063673150817735,0.1030879578169095,276788.0,-575284.5500000007,45180.0,1275306.8500000015,0.012445705815197,0.0390545841265916,473639.25,2484816.0,-529803.0,-1.0570000000000022,469677.8900000006,1717564.0
2024-08-30,1717564.5,1745640.0,146.4927316,39.958333333333336,147.6568824,4.2,39.7625,5.205515571889586,626095.298981162,146.4927316,147.6568824,67.486,66.80000000000003,0.0,0.1261269171151582,0.0,1040120.0731854428,0.0,1.262906233495844,1122939.5940728756,147.327539,0.0,-30501.812805004414,117962.91234467992,0.1400360176283237,0.0449930558881279,77629.08293412844,3.6875,75160.0,0.0144477719679754,2.765625,0.0090788804071246,1.6717164201737031,147.327539,0.2238688098969763,0.0,75671.85601017636,4.207310523646603,1440223.0607769142,0.0022720817949446,57420.5,356270.7377594328,67141.5,2.160000000000082,0.0360233787041396,2.59095466078044,73090.0,0.0098967378906547,0.1118003290888704,-292706.0,-520751.1000000015,128710.0,3172333.469999995,-0.0219403033636599,0.097204371767545,-91516.44999999924,2745974.0,-523292.0,-0.9939999999999856,44722.53000000119,1754832.875
2024-09-02,1754833.0,1766450.0,146.67707068,39.79166666666666,147.6568824,4.2,39.7125,5.212128845877646,569089.2085225361,146.4927316,147.6568824,67.74199999999999,68.21333333333335,0.1578992999999968,0.2569761011994274,0.0353073568110531,1137687.170718787,0.1500043349999771,1.2072287752480348,1150289.9676574145,147.327539,0.5553587424435318,553511.7884145193,125556.44450232944,0.1166153481709365,0.0530441677049366,75671.81254944668,0.375,88980.0,-0.6202615396480224,-0.7250000000000014,0.0079144667907753,1.7473085317904928,147.327539,0.1997289418463307,-0.6650000000000009,72520.3498431546,4.327231125189338,1544959.948549099,-8.39604126654514e-05,37268.5,374781.7039423672,101429.875,-0.0800000000000409,0.0444429541870089,-0.7659219735796015,20810.0,0.0413711330400574,0.1051994388051555,122248.0,639574.8000000007,142280.0,2417999.779999997,-0.0054174167427277,0.0731287799432045,515836.6499999985,363427.0,842292.0,3.1815,191522.8200000003,1735253.0
2024-09-03,1735253.0,1764850.0,146.86140976000002,39.8125,147.8147817,4.2,39.5625,5.257741160045119,580210.9726926411,146.4927316,147.6568824,68.37,69.43000000000002,0.1578992999999968,0.2325021867994792,0.0486003790618284,1197127.866760527,0.1421093699999858,1.230505886552154,1125913.8552685217,147.327539,0.7644482007539722,567586.808565516,112151.0688354408,0.1152828539222352,0.0495189048394961,72520.29735748126,-0.375,83270.0,-0.5611890120624965,1.0249999999999986,0.0082296572841114,1.828619266292821,144.8438992,0.2190250779781936,-0.6300000000000008,68405.88524626255,4.376103169218976,1637926.3564703518,0.0014904224612961,-19580.0,378819.75661276287,137288.5,1.419999999999959,0.0159780487585221,0.9469039286660744,-1600.0,0.0589944764859338,0.1117050708423494,170824.0,948146.25,92300.0,1266632.089999996,-0.0071524034217255,0.0373309849907328,536068.6499999985,-540089.0,1515148.0,2.358000000000004,213076.3200000003,1796920.125
2024-09-04,1796920.125,1800900.0,147.04574884,38.4375,147.8147817,3.5,39.325,5.22880171446511,631295.0203329602,147.414427,147.8147817,68.56199999999998,69.74333333333335,0.1578992999999968,0.2103591213900131,0.0578460214523762,1299424.7644250705,0.1342144049999944,1.260792226923644,1150059.6786268926,144.8438992,0.9098753521685282,564830.0172735602,134086.68132730364,0.1140888666193754,0.0828768482384987,68405.8362802215,-1.875,137830.0,-0.5077424394851162,-1.4437500000000014,0.0074519133016144,1.8262907475923715,144.8438992,0.2219039356575382,-0.5950000000000006,66449.52765611971,4.3223583657980384,1680244.3638040689,0.0003458503201736,61667.125,381865.4607314541,75109.0,0.3300000000000409,0.0004802318016202,-1.4051821597783132,36050.0,0.0457900356767315,0.1086367089520849,772798.0,1252583.6499999985,55260.0,-271199.0,0.0055124143441066,-0.0075736898943467,538235.5500000007,-23065.0,1636087.0,-0.262999999999991,-144827.5700000003,1765465.0
2024-09-05,1765465.0,1830230.0,147.23008792000002,38.520833333333336,147.8147817,3.5,39.025,5.12754850635131,645643.822184527,147.414427,147.8147817,68.946,68.94333333333334,0.1578992999999968,0.1903249193528609,0.0648005054280372,1433941.3555204254,0.1263194400000031,1.2250134263485604,1243913.4415066796,144.8438992,1.0192642676714976,313808.5394379832,147853.18786756042,0.1109156199035471,0.1284829053241669,66449.48578183251,-2.4375,208380.0,-0.4593860166770103,-0.5499999999999972,0.0077220077220077,1.826205730038569,144.8438992,0.2416739474207208,-0.5600000000000005,66748.40296413611,4.171205808278328,1691345.4411345995,0.0004400209533785,-31455.125,367360.9354420884,79356.125,0.4199999999999591,0.0033861811072597,-0.4231410017041881,29330.0,0.1084739646245682,0.1021460388704141,-87469.0,931563.75,63780.0,532605.8599999994,-0.0257390494543502,0.0150101892896896,278086.3500000015,973082.0,1389323.0,0.5579999999999927,-50301.75999999792,1721668.0
2024-09-06,1721668.0,1769360.0,147.414427,38.020833333333336,147.8147817,3.5,38.4,5.256078285960569,698897.5005967868,147.414427,147.8147817,69.422,68.55333333333336,0.1578992999999968,0.1721987365573625,0.0701486048509473,1412262.9155255323,0.1184244750000118,1.1848958634556204,1294895.5163804018,144.8438992,1.1033859362164815,47849.72615817562,78699.07473731646,0.1132692342700754,0.0953822533415051,66748.36707039394,-0.6875,154070.0,-0.4156349674696762,-0.5343749999999972,0.0043202677349019,1.834259566664267,144.8438992,0.2481837763109116,-0.5250000000000004,66438.38779276478,4.132546812580853,1680009.4839737443,0.0023562183219536,-43797.0,300307.13737705775,10632.125,2.25,-0.0645253276652584,-0.3262942396371215,-60870.0,0.1192105716304607,0.1110079097240305,-422212.0,1139896.6999999993,4510.0,196011.1400000006,-0.0117335246692441,0.0055690660221825,-28663.69999999925,-753428.0,1700585.0,1.1034999999999968,41239.0,1738555.75
2024-09-09,1738555.75,1764710.0,147.414427,38.25,147.8147817,3.5,38.4,5.293448681922703,724132.7872225348,147.414427,147.8147817,69.666,70.05333333333336,0.1578992999999968,0.1557988568852408,0.0742383053031558,1389652.8005357762,0.1105295100000205,1.167380636013594,1309064.5858147012,144.8438992,1.1677139149419362,143358.37128596753,66996.78190519125,0.0886086914636995,0.0843938379102478,66438.35514222359,-0.25,137340.0,-0.3760506848535168,-0.8656250000000014,0.0082213470829441,1.7227807234402437,144.8438992,0.2524180343010345,-0.4900000000000006,66546.92794057181,4.2788408108373615,1610439.637003108,0.0006059529655129,16887.75,279837.59610052005,-13585.0,0.5800000000000409,-0.0104652248925348,-0.5779566930050137,-4650.0,0.0713770713608918,0.1134184708586171,-368312.0,811153.3999999985,-36190.0,-856666.299999997,0.0213741296377535,-0.0241064271961903,54529.60000000149,-2667593.0,1382608.0,4.204499999999996,-345275.4900000021,1715185.0
2024-09-10,1683315.5,1738560.0,147.414427,38.41666666666666,147.8147817,3.5,38.1875,5.253386777343036,717304.7743940346,147.414427,147.8147817,69.768,70.80000000000003,0.1578992999999968,0.1409608705152152,0.0772696780048899,1362888.917884614,0.1026345450000008,1.167380636013594,1310915.6788547116,144.8438992,1.215395176919022,219838.47878254205,36956.61219993513,0.0893345452961932,0.0752227987606142,66546.89904196805,-1.8125,121630.0,-0.3402363339150867,-0.1156250000000014,0.0062139459568868,1.8304460198496928,144.8438992,0.2524180343010345,-0.4550000000000005,64235.90663070948,4.404740986502035,1540173.132565223,0.00043852779953,-55240.25,256513.5716144282,-58364.375,0.4199999999999591,-0.0061044905849537,0.1556582301383215,-26150.0,0.0913703839133961,0.1058582651568046,-50702.0,453634.5,-91670.0,-1562208.7299999967,0.0155485083987773,-0.0433759387552181,121914.19999999924,-2947505.0,831397.0,2.661999999999992,479649.9900000021,1764128.5
2024-09-11,1764128.5,1789040.0,147.414427,38.54166666666666,147.8147817,3.5,38.4625,5.243483449482509,723650.6363971157,147.414427,147.8147817,69.46000000000001,69.80666666666669,0.1578992999999968,0.127536025704245,0.0793640866930293,1362366.3967035788,0.0947395800000094,1.1530271585209395,1308784.6782776052,144.8438992,1.2483386844231468,454066.0522318259,79109.31579994131,0.0899450137049927,0.1015103098813547,64945.27524978135,0.1875,164870.0,-0.3078328735422215,-0.2093750000000014,0.0048349736504049,1.88014410142146,144.8438992,0.2619129307058053,-0.4200000000000004,65591.6157272022,4.179633923816497,1438987.6426840203,0.0007827421021322,80813.0,270357.3767676875,-50280.0,0.75,-0.0074345285383657,0.0842860177441977,50480.0,0.0612887714378285,0.1103083685076637,492244.0,685808.5,19680.0,-982870.9299999996,-0.006764733054097,-0.0277706597523053,378376.19999999925,-202336.0,1988069.0,-1.9295000000000044,-37302.67000000179,1790058.125
2024-09-12,1790058.125,1800380.0,147.414427,38.770833333333336,147.8147817,3.5,38.55,5.173804565791012,741858.0120916186,147.414427,147.8147817,69.078,67.96333333333335,0.1578992999999968,0.1153897375419319,0.0805946110307793,1355759.4531678376,0.0868446149999897,1.1291953935610537,1309918.8202455458,144.8438992,1.2676939267807896,708762.4758287966,81835.095247566,0.0950489804070656,0.0764282084242624,66087.7737545219,-1.0625,127830.0,-0.2785154570143913,-0.25,0.0066291520757848,1.885055073886064,144.8438992,0.2669107428566629,-0.3850000000000002,69502.46438431217,4.0580488895217455,1330208.0985517376,0.0007821298961332,25929.625,310432.59340724273,42460.5,0.75,-0.0027061741219966,0.0762587779590333,11340.0,0.0906213933079889,0.1017524805145973,710948.0,699064.0,35670.0,-408302.4900000021,-0.0037517822159396,-0.0117733684749505,683073.8000000007,1260376.0,1354113.0,-1.4129999999999967,177319.5,1817734.0
2024-09-13,1817734.0,1819580.0,147.414427,38.583333333333336,147.8147817,3.5,38.525,5.310008895894299,751276.8795735562,147.414427,147.8147817,68.344,66.18000000000002,0.1578992999999968,0.1044002387284308,0.081000631792175,1305789.707492174,0.0789496499999984,1.109037893554365,1279932.4759266006,144.8438992,1.2740803345891414,329521.0495593883,91412.70522398828,0.0900544666312691,0.0423569579065556,69795.46483417029,-3.25,73940.0,-0.2519901753939733,-0.7718750000000014,0.0041859151520042,1.9602950234472427,144.8438992,0.2752884259765295,-0.3500000000000001,74789.49420035053,4.055462982234512,1226516.241129573,0.0021674117144434,27675.875,302381.46179924416,51502.375,2.080000000000041,0.0055146953629505,-0.3833849151799242,19200.0,0.0782547327219806,0.1125735145011558,266772.0,524072.1000000015,81020.0,-541783.4600000009,0.0067584420529241,-0.0157251308839944,300420.44999999925,-436256.0,1226770.0,-2.5375000000000085,313670.9299999997,1817734.0
2024-09-16,1812872.375,1856000.0,147.414427,38.4375,147.8147817,3.5,38.575,5.346259489316935,744824.7911595261,147.414427,147.8147817,67.768,67.23333333333335,0.0,0.0944573588495245,0.0805946110307964,1284012.6181462675,0.0710546850000071,1.0778258070728008,1236268.4269601873,144.8438992,1.2676939267808118,435495.4257918261,115658.16186932263,0.0931074125915848,0.0506948965439157,74873.46750223887,0.25,89550.0,-0.2279911110707377,-0.7406250000000014,0.0049859203262043,1.97391482512462,144.8438992,0.2708654227739924,-0.3149999999999999,78676.29437030225,4.0014524994727845,1148222.7595302148,0.0003431245126073,-4861.625,318786.2687054846,102549.0,0.3300000000000409,7.113860370612513e-05,-0.2903244470675545,36420.0,0.0583209708633856,0.1094578379009765,136564.0,28380.39999999851,66960.0,-539038.1799999997,0.0016711231552166,-0.0156653647458056,429035.0,-1627599.0,-372018.0,1.288499999999999,465731.7599999979,1813298.0
2024-09-17,1813298.0,1823760.0,147.414427,37.79166666666666,147.8147817,3.5,38.175,5.30161273881615,721567.8842189044,147.414427,147.8147817,67.016,67.36333333333336,0.0,0.0854614199114678,0.0793640866930641,1283995.095861517,0.0631597199999873,1.148672718033859,1196104.4526163016,144.8438992,1.2483386844231916,344849.48047832027,75473.57502462529,0.0888812768366008,0.0333796073320677,78950.90914664668,-3.0625,58910.0,-0.2062776719211436,-2.0687500000000014,0.0045504076196625,1.9857359765149325,144.8438992,0.2503386422800036,-0.2800000000000002,81702.90002325932,3.8324873056073616,1079907.6211765618,0.0003534009645767,425.625,329586.830852036,53605.5,0.3399999999999181,-0.0007021170318554,-1.6198173568706409,-32240.0,0.0358445102642608,0.1108394781693473,-247085.0,152671.6000000015,23380.0,-860840.2399999984,0.0021778100629647,-0.0251179802442687,355599.3500000015,-1965156.0,-513072.0,-0.9300000000000068,247719.3999999985,1815098.875
2024-09-18,1815098.875,1838790.0,147.414427,37.75,147.8147817,3.5,38.05,5.222123257506615,708362.3452370488,147.414427,147.8147817,67.0,67.56666666666669,0.0,0.0773222370627593,0.0772696780049455,1270103.5410418124,0.055264754999996,1.1571786811021876,1156707.0811320678,144.8438992,1.215395176919092,399185.00614704937,81884.18692704197,0.101383509182693,0.0210394802598701,81785.5433432763,0.75,37890.0,-0.1866321793572254,-0.7000000000000028,0.0038043533103928,1.9767071902014552,144.8438992,0.2497132442943448,-0.2450000000000001,82081.8524752584,3.5589333115502586,1041826.5004556576,0.0009455331352217,1800.875,342181.7224408434,23239.875,0.910000000000082,0.0043952090165971,-0.278049037168671,15030.0,0.0449761504518362,0.1104968780926948,193825.0,250688.44999999923,19210.0,-531276.1099999994,-0.0060239150685174,-0.0156665156591006,421464.5500000008,308312.0,-703404.0,-1.9184999999999943,286132.43000000715,1847053.125
2024-09-19,1847053.125,1855230.0,147.414427,38.22916666666666,147.8147817,3.5,38.25,5.104568928731745,695925.0604192406,147.414427,147.8147817,67.01,66.70000000000003,0.0,0.0699582144853536,0.0742383053032374,1251221.902724479,0.0473697899999763,1.0892340983691386,1105338.4681208965,144.8438992,1.1677139149420332,199262.95794256777,88959.97864827607,0.0975013125763174,0.0136594854198652,81935.54457728837,1.4375,25000.0,-0.1688576860851087,0.9750000000000014,0.0053639846743296,1.949526258244193,144.8438992,0.2456609203696035,-0.2099999999999999,79552.70562340494,3.3904345320417995,1003486.3274935252,0.0004359876677773,31954.25,333115.7219237545,-2635.125,0.4199999999999591,0.0182306115250112,1.2186699187521557,16440.0,0.0101166155062122,0.1035851456080639,-136938.0,-490870.5,-770.0,-414501.9400000013,0.0191174410905091,-0.0122378403943212,210712.6000000015,969358.0,-1120984.0,-1.3100000000000025,293106.1599999964,1822928.25
2024-09-20,1822928.25,1847050.0,147.414427,39.708333333333336,147.8147817,3.5,38.85,5.180853897387132,671633.8540043556,147.414427,147.8147817,67.316,66.68000000000002,0.0,0.0632955273915172,0.0701486048510616,1238165.68475305,0.039474824999985,1.2214292412762868,1048435.338250713,144.8438992,1.1033859362166094,-8189.94281386584,73086.64734844025,0.1123389908413052,0.0439085318985394,79072.81996525469,2.875,77690.0,-0.1527760016960511,2.3656250000000014,0.0097949127041028,1.925779678059176,144.8438992,0.2433314437361181,-0.1749999999999998,76071.49941798695,3.567211206214872,1003693.9928223344,0.0020752269779507,-24124.875,274437.7415634628,29319.125,2.0,0.0048993238810131,2.4597489741090897,-8180.0,0.0462133913728111,0.1087144098090859,-290907.0,-225565.69999999923,23290.0,268.910000000149,0.0278423912990028,8.048538888028034e-06,-37875.64999999851,693506.0,-1089041.0,-1.0619999999999976,464208.5,1790228.125
2024-09-23,1790228.125,1833280.0,147.414427,40.125,147.8147817,3.5,39.0625,5.232858331409414,652465.7440997383,147.414427,147.8147817,67.576,68.19333333333334,0.0,0.0572673819256692,0.0648005054281889,1219704.3741746207,0.0315798599999936,1.218349293100052,994572.2567901834,144.8438992,1.019264267671664,291644.62316840887,53667.4428390651,0.108884468909379,0.038856242668767,75292.7731830228,1.3125,68570.0,-0.1382259062964275,0.4375,0.0069663961986832,1.977264457994112,144.8438992,0.2123122048819546,-0.1399999999999996,67773.63751226763,3.529896524539315,1067520.20560275,0.0006005695055657,-32700.125,269103.3363328412,9630.25,0.5800000000000409,0.0037378810938408,0.5290585956225087,-13770.0,0.0588152013047811,0.1081466638058408,-56728.0,-445660.94999999925,-5510.0,167987.73000000045,-0.0192112600225481,0.0050325422829091,260683.8999999985,455353.0,-998683.0,2.5120000000000005,560072.0,1774668.0
2024-09-24,1774668.0,1795840.0,147.414427,40.85416666666666,147.8147817,3.5,40.0875,5.230635062658192,675267.6985817563,147.414427,147.8147817,67.636,68.4066666666667,0.0,0.0518133455518068,0.0578460214525737,1199112.4040407813,0.0236848950000023,1.3430000967482532,932200.9127269898,144.8438992,0.9098753521687444,267266.3257237971,14681.972092487384,0.098382827991072,0.0329468065525493,66612.81607256572,3.125,57280.0,-0.1250615342681964,2.934375000000003,0.0067488735114258,1.9729723102078116,144.8438992,0.217945481095259,-0.1050000000000004,59569.9230728096,3.700280892645916,1164521.088737948,0.0004346341311973,-15560.125,261669.9949486991,-24870.75,0.4199999999999591,-0.0061165008444724,2.797124443658461,-37440.0,0.0297214368880607,0.1079415506134921,125974.0,-980807.3000000007,-59390.0,123905.80999999866,-0.0158482187373965,0.0037035439582895,233487.6499999985,122586.0,-1185290.0,-0.7574999999999932,464548.75,1744131.25
2024-09-25,1744131.25,1783110.0,147.414427,40.10416666666666,147.8147817,3.5,40.2625,5.206525258171289,603044.2839542384,147.414427,147.8147817,67.814,68.39666666666669,0.0,0.0468787412135327,0.048600379062092,1184197.3860881918,0.015789930000011,1.3390024763144928,887378.7125577761,144.8438992,0.7644482007542676,326428.437559627,1766.069988440955,0.0936625229269313,-0.003314626838975,57982.14845946406,0.25,-5930.0,-0.1131509119569398,-0.0249999999999985,0.0097442143727162,1.965175497721958,144.8438992,0.2075836332767703,-0.0700000000000002,49248.064433438696,4.00888129168169,1283885.5435529442,0.0012102404965088,-30536.75,268630.53510831174,-72385.125,1.169999999999959,0.0082349586678573,-0.127006455737586,-12730.0,0.0346802239991603,0.1137452342662738,427812.0,-847769.8999999985,-63940.0,581942.3200000003,0.022536214059904,0.0174175288973794,302749.44999999925,1427590.0,-1254777.0,-1.159000000000006,270596.4200000018,1715670.625
2024-09-26,1715670.625,1752750.0,147.414427,40.270833333333336,147.8147817,3.5,40.2875,5.147337993747207,623146.5761015969,147.414427,147.8147817,67.942,67.31000000000002,0.0,0.0424140991931949,0.035307356811455,1173446.7713144454,0.0078949650000197,1.3410085253752024,880846.8405549392,144.8438992,0.5553587424439904,418712.4435063303,-25870.69858188671,0.0917820603354688,-0.0264555260556105,47055.86127905886,1.125,-47630.0,-0.1023746346277074,0.8468749999999972,0.009078935462141,1.9437522042646231,144.8438992,0.2068525087504956,-0.0350000000000001,44129.2919342308,4.169701333524319,1446919.5380700575,0.0008575088850317,-28460.625,282972.8527443247,-78797.0,0.8300000000000409,-0.0090268929777062,0.6767560638564731,-30360.0,-0.0113354837813685,0.1043861615976468,233637.0,-1114323.1000000015,-80530.0,887115.9700000025,-0.0426073301244592,0.0264429646437711,409291.5500000008,1677824.0,-1587469.0,-0.804000000000002,586726.0799999982,1727776.5
2024-09-27,1727776.5,1747200.0,147.414427,39.770833333333336,147.8147817,3.5,40.125,5.2865223621048445,636012.5425037552,147.414427,147.8147817,67.97200000000001,67.24000000000002,0.0,0.0383746611747994,0.0,1269260.3480176397,0.0,1.2562999139065507,854274.8692221593,144.8438992,0.0,465586.35364858434,-28428.251097897533,0.0951015956142724,-0.0397784104024006,41539.64753604792,2.1875,-72380.0,-0.0926246694250689,1.4624999999999986,0.0085679560452804,1.9308391276454744,144.8438992,0.2034679200786126,0.0,43532.63931572359,4.479199029696696,1580289.4742567197,0.0018890322580644,12105.875,247485.87144699876,-74557.5,1.830000000000041,-0.0131246438906944,1.121231676822525,-5550.0,-0.0415559131634343,0.115458474019613,325765.0,-1044343.8999999984,-48640.0,1870897.090000004,0.0043298302472312,0.055714761343379,443299.75,3232220.0,-1385614.0,-1.0334999999999894,188253.9200000018,1697400.625
2024-09-30,1697400.625,1729560.0,147.414427,40.66666666666666,147.8147817,3.5,40.5875,5.2881953941910025,640722.8901443621,147.414427,147.8147817,67.404,67.51000000000002,0.0,0.0347199315391151,0.0,1509908.0877464633,0.0,1.37372847906998,1025308.889906962,144.8438992,0.0,570065.4628249109,-41680.79861238343,0.0877592388933065,-0.0681249999999999,40881.06516638042,3.375,-126440.0,-0.0838032723369672,2.53125,0.0092494953451236,1.8160839158690696,144.8438992,0.183243526619797,0.0,46489.5229570758,4.712503971826134,1696079.6879302426,0.0003503060025962,-30375.875,279209.6674535489,-46891.5,0.3399999999999181,0.0001116714714293,2.145400088553714,-17640.0,-0.0494888140949115,0.107903801022876,396728.0,-408270.0,-53550.0,3126368.6400000006,-0.006877282466961,0.0919702926985366,569800.5500000007,3500768.0,-311540.0,-0.2434999999999973,179287.5,1728761.125
2024-10-01,1728761.125,1737280.0,147.6000346,40.60416666666666,147.8147817,3.5,40.1375,5.288705343593679,662785.8458930097,147.414427,147.8147817,67.14000000000001,67.07000000000004,1.2445921999999996,1.1574728809163162,0.2782992763430135,1637306.089443069,1.1823625899999968,1.3691975355823434,1128915.1331054296,144.8438992,0.7046148041368961,536805.609222535,-30726.43683977541,0.0947044398922604,-0.0474185199806992,44142.37452310239,2.875,-86480.0,-0.799631532114399,0.5406249999999986,0.0099434528891253,1.7838397379055642,144.8438992,0.1846674128478777,-0.7599999999999998,46757.31809408136,4.8996213334085335,1814373.904782566,0.00033988382153,31360.5,307304.8039366004,-46730.625,0.3300000000000409,-0.0019318600262447,0.1315524610724097,7720.0,-0.06619966122656,0.1076071108347576,283615.0,931705.3000000007,-15470.0,2247579.1099999994,0.0041435367996512,0.0652694437238163,557590.1000000015,1777019.0,871986.0,-1.769999999999996,355586.8299999982,1715159.0
2024-10-02,1715159.0,1737220.0,147.78564219999998,40.22916666666666,149.0593739,3.5,40.2,5.212581212371638,696709.3291204062,147.414427,147.8147817,67.84,68.17666666666669,1.2445921999999996,1.0472373684480942,0.3830773963096265,1738667.8777430255,1.120132979999994,1.304234626332129,1231412.2925116995,144.8438992,0.969898334321941,725196.1702489592,-27854.39523598738,0.0966826285556472,-0.055237411558688,44438.44393643856,1.1875,-101570.0,-0.7234761481035039,0.0687500000000014,0.0118020789351991,1.8798019912534527,147.9950324,0.1960244598623093,-0.7200000000000002,47696.11005016312,5.037263772729616,1890414.325460128,0.0005148005148005,-13602.125,356845.8731216911,13090.5,0.5,-0.0005238368758775,-0.2202620590297286,-60.0,-0.0466205085981454,0.1092165545680037,452459.0,1287050.3999999985,-9980.0,1480182.7199999988,-0.005991338666216,0.0417531370351078,776459.25,503720.0,1102642.0,2.521499999999989,59916.25,1754992.375
2024-10-03,1754992.375,1756900.0,147.9712498,39.91666666666666,149.0593739,2.7,40.375,5.102086879616191,749642.4156312497,148.342465,149.0593739,68.28,68.77000000000002,1.2445921999999996,0.947500476214941,0.455953301390548,1786372.369630879,1.0579033699999911,1.326332962829042,1318889.2051970086,147.9950324,1.154409922920188,586110.344510965,-7395.88140398846,0.0892720683537646,-0.0530015146369992,45598.833522335895,1.0,-98330.0,-0.6545736578079322,1.3843749999999986,0.0096879011553272,1.909664823168389,147.9950324,0.1922885877091407,-0.6799999999999997,47740.09657367975,5.136535182832309,1904193.280345888,0.001029071263185,39833.375,378608.2414934736,-12617.5,1.0,-0.0029017504952589,1.1013105180207248,19680.0,-0.0550602925143678,0.1030391571637915,210583.0,1309627.25,27340.0,-47.68999999761581,0.009623996636779,-1.2847655471714958e-06,646181.4499999993,-897636.0,1891907.0,1.5625,-323461.75,1756515.5
2024-10-04,1756515.5,1763550.0,148.15685739999998,39.895833333333336,149.0593739,2.7,40.2125,5.222807170256326,783238.9429428503,148.342465,149.0593739,68.726,69.88333333333334,1.2445921999999996,0.8572623356230338,0.5107698617477103,1863461.6891336131,0.9956737599999884,1.3064986542473065,1472227.324921276,147.9950324,1.293197779095384,85740.07360516116,-674.8450797991827,0.0865667663235675,-0.0452072223274951,45667.013383003294,-1.625,-83500.0,-0.5922333094452719,0.1968749999999985,0.006739932600674,1.917958001297601,147.9950324,0.198314808936993,-0.6399999999999997,46748.042238075446,4.981753443184777,1886385.2590916948,0.0021382677974814,1523.125,344966.7056284718,57591.75,2.080000000000041,-0.0066482954253472,-0.0214333408383922,6650.0,-0.0498419610968147,0.1104747720902016,-304008.0,1254512.6499999985,26270.0,976205.0399999992,-0.0189654723240231,0.0266119378225571,113469.80000000076,-286204.0,1564693.0,1.3704999999999927,-60984.17000000179,1714593.625
2024-10-07,1714593.625,1756510.0,148.342465,40.04166666666666,149.0593739,2.7,39.825,5.295680737594159,814767.3200595264,148.342465,149.0593739,69.35999999999999,70.04333333333335,1.2445921999999996,0.7756183036589164,0.5529245947015482,1846417.0541794377,0.933444150000014,1.267573832583342,1512936.148163114,147.9950324,1.399927661017666,220494.1618332416,-6980.097929342184,0.0858082240775002,-0.0418757636585791,44553.36087484822,0.375,-76770.0,-0.5358301371171508,0.2374999999999971,0.0084378061703958,1.7903369280093984,147.9950324,0.1908574574068305,-0.5999999999999996,47771.272492533855,5.108343433231582,1807982.5261444915,0.0006872993239845,-41921.875,318923.54430024937,27754.375,0.6699999999999591,-0.0050741522551261,0.0937031678128832,-7040.0,-0.0364319056441195,0.1114673976152618,-410771.0,1071056.6000000015,19290.0,-573322.3200000003,0.0047063187022347,-0.0155241494030684,227698.8999999985,-1334325.0,1612844.0,3.003,-6557.579999998212,1731369.625
2024-10-08,1731369.625,1737430.0,148.342465,39.60416666666666,149.0593739,2.7,39.775,5.285571621808307,846170.2723251266,148.342465,149.0593739,70.066,70.0466666666667,1.2445921999999996,0.7017498937866264,0.5851603885408064,1834776.9442685177,0.8712145400000111,1.2570688284541445,1538972.2534100674,147.9950324,1.4815441778131595,378747.0511824563,-23578.18384083337,0.0761885229938931,-0.032525169280114,45676.5737189244,-2.5,-58410.0,-0.4847986954869459,-0.1062500000000028,0.0087916479344622,1.704524860483022,147.9950324,0.1959351825070452,-0.56,44584.876224298045,5.264673204257654,1717476.2658694678,0.000430548436699,16776.0,304948.3477046221,-565.375,0.4199999999999591,-0.0023299047885816,-0.1979590386454859,-19080.0,-0.0422485262876762,0.1090032253341436,-135260.0,974514.0500000007,-19470.0,-889171.2800000012,0.0078652948864179,-0.0239542481410379,377160.0,-1100776.0,2115661.0,1.6855000000000049,-404851.5799999982,1771931.75
2024-10-09,1771931.75,1784040.0,148.342465,39.270833333333336,149.0593739,2.7,39.6375,5.217094245772052,867724.6228864859,148.342465,149.0593739,70.03599999999999,70.36000000000003,1.2445921999999996,0.6349165705688335,0.6090542425300406,1828915.7734282005,0.8089849300000083,1.261525809652123,1553029.3561799007,147.9950324,1.542040070830285,252546.2367841266,20838.30985829374,0.0733181000381125,0.0005215606440431,44862.12737925846,-0.375,930.0,-0.4386273911548559,-0.9125000000000014,0.0066494531896439,1.7365297366645995,147.9950324,0.1962499148667077,-0.52,44595.129036193255,5.229700705962345,1597313.8507597344,0.0003381424706943,40562.125,301557.77495045663,-23622.75,0.3300000000000409,-0.0032501263559154,-0.9142248444887784,46610.0,-0.0243980141637759,0.1073735750972772,256468.0,864336.8500000015,20490.0,-1570046.5,-0.0047089436206778,-0.0416909373427145,247965.1499999985,-1381090.0,1866361.0,2.2275000000000063,181716.0799999982,1782989.125
2024-10-10,1782989.125,1807040.0,148.342465,39.35416666666666,149.0593739,2.7,39.4875,5.3428456837952645,970236.5209614004,148.342465,149.0593739,70.488,70.65000000000003,1.2445921999999996,0.5744483257527406,0.6255627686377414,1825310.318824405,0.7467553200000054,1.2513808162848794,1545798.8571393732,147.9950324,1.5838373476417926,412930.8332808763,39663.23272893252,0.0909190202832463,0.0309741834260448,44870.09196728024,0.125,54290.0,-0.3968533539020127,0.3999999999999986,0.0076023275277987,1.889580850209453,147.9950324,0.2228303009286468,-0.48,44431.4052442386,5.282500404786842,1479476.5158416007,0.0032471190781049,11057.375,317960.2515412703,15416.25,3.169999999999959,0.0010642688853206,0.4168918073672927,23000.0,0.0159394540978494,0.11445085097106,302355.0,1869555.8500000013,50530.0,-807772.1899999976,0.0023890993011408,-0.0222173774863215,428510.8999999985,-452591.0,3232029.0,3.469999999999999,561108.5099999979,1797829.875
2024-10-14,1797829.875,1821030.0,148.342465,39.270833333333336,149.0593739,2.7,39.4,5.5387609293443285,975359.4189607706,148.342465,149.0593739,71.30600000000001,71.95000000000003,1.2445921999999996,0.5197389613953192,0.6352619946154904,1768250.902212999,0.6845257099999742,1.2151854079338198,1523021.4705497895,147.9950324,1.6083944298673218,843848.6586826965,48543.40104046278,0.0855193889774692,0.0422561813186812,44709.39799877329,-1.25,73830.0,-0.3590577963875354,-0.4593750000000014,0.0070909271984862,2.084526956310107,147.9950324,0.2214963168476532,-0.4399999999999995,43441.41210880926,5.276845025326082,1390078.7452807538,0.0007657593269485,14840.75,368890.68343844137,68395.5,0.75,0.0014973354968713,-0.3579312219057797,13990.0,0.0392374264728114,0.1105621768796197,623978.0,432621.3500000015,83600.0,-620024.1499999985,0.0003389046084519,-0.0171133702903882,881734.6999999993,-7470.0,1751344.0,4.719999999999999,678221.5800000057,1797829.875
2024-10-15,1816250.5,1823000.0,148.342465,39.60416666666666,149.0593739,2.7,39.375,5.634013620372178,974599.7656875683,148.342465,149.0593739,70.866,71.42666666666669,1.2445921999999996,0.4702400126909936,0.6384623271855938,1652730.1825859104,0.6222960999999998,1.174075784336688,1495210.415821412,147.9950324,1.6164972238689386,1288069.4054748192,45702.60094137117,0.0852520749177823,0.0540253012326834,43731.52272950023,-2.0625,93440.0,-0.3248618157791987,-0.0874999999999985,0.0072044102135448,2.080215765631893,147.9950324,0.2602466562978663,-0.3999999999999999,43640.33061830675,5.230909652223794,1315053.4753709943,0.0004182947855984,18420.625,485522.561703672,66460.25,0.4100000000000818,-0.001656707580977,0.0719907992281037,1970.0,0.0405453917216722,0.1122123029612575,1303402.0,-370836.8000000008,38960.0,-312279.2300000042,0.0087480853152267,-0.0086529989104752,1373621.9499999993,415801.0,347803.0,0.0284999999999939,180690.97999999672,1776060.5
2024-10-16,1776060.5,1834670.0,148.342465,39.583333333333336,149.0593739,2.7,39.475,5.683022176051173,979012.9635557048,148.342465,149.0593739,70.79400000000001,70.55666666666669,0.0,0.4254552495775385,0.6352619946155268,1492419.10897743,0.5600664900000254,0.9553993034039506,1428823.6793844905,147.9950324,1.6083944298673332,955666.8906676918,51908.54370885971,0.0863952510529091,0.0560588966660526,42706.870217126416,0.25,97390.0,-0.2939225952287989,0.0687500000000014,0.0062852426083757,2.045091427631768,147.9950324,0.2936539846405336,-0.3599999999999999,42286.50994049001,5.012475383873427,1255151.5463187988,0.0010198046054374,-40190.0,536306.1454073854,25898.125,1.0,0.0036096656255144,0.3478726278730448,11670.0,0.059166497596877,0.1088854014710544,867745.0,-458009.6499999985,27630.0,6309.229999996722,0.0076077430129371,0.0001774753093901,1062769.1999999993,119913.0,-1109149.0,0.3810000000000002,460949.5799999982,1801603.875
2024-10-17,1802713.125,1815010.0,148.342465,39.083333333333336,149.0593739,2.7,39.2875,5.66174373370287,983560.5985027526,148.342465,149.0593739,70.47,68.96666666666668,0.0,0.3849357019986996,0.6255627686378175,1397049.8283013997,0.4978368799999941,1.0013303239993003,1349893.44825547,147.9950324,1.5838373476418155,569973.6629850566,29177.25383182545,0.0823494659951738,0.0447784391153682,41278.77214854094,-1.625,77790.0,-0.2659299671117705,-2.159374999999997,0.006398537477148,1.9409981154589075,147.9950324,0.286943247141647,-0.3199999999999998,41584.73568314812,4.598205027392237,1186484.061080976,0.0001731901627988,26652.625,550744.1518585553,-6928.625,0.169999999999959,0.0061099612704504,-1.720972384305341,-19660.0,0.0273602722296291,0.1087090678465829,22305.0,-408537.94999999925,-6020.0,-453131.1099999994,0.0034063273576704,-0.0127246953804813,679129.0,-641795.0,-1452476.0,-0.2600000000000051,130642.10000000148,1805584.375
2024-10-18,1805584.375,1817810.0,148.342465,39.04166666666666,149.0593739,2.7,39.1875,5.692088600192584,975358.021696298,148.342465,149.0593739,70.09200000000001,69.36000000000003,0.0,0.3482751589511963,0.6090542425301569,1304856.6676899677,0.4356072699999913,1.0041597282632913,1279095.3868218684,147.9950324,1.5420400708303206,165877.83793886006,28931.801085937303,0.0818044502569335,0.0346690192953498,40487.61745590411,-1.25,60910.0,-0.2406033035773163,-0.3343750000000014,0.0075885496334848,1.8777099013662075,147.9950324,0.2865878404110356,-0.2799999999999998,38083.32181131698,4.390029372906994,1128884.8247827743,0.0021186656480773,2871.25,531605.7610788756,3774.0,2.080000000000041,0.00351587123873,0.0828106999142193,2800.0,0.0504005022274902,0.1080331421573183,-944137.0,-573668.8000000007,-5190.0,-1102088.4299999997,-0.0095872316954302,-0.0308045093022508,244934.19999999923,-811864.0,-1667510.0,0.8094999999999999,329897.6499999985,1820705.375
2024-10-21,1820705.375,1831960.0,148.342465,39.4375,149.0593739,2.7,39.575,5.775930888821732,972631.5459779464,148.342465,149.0593739,69.792,70.28000000000002,0.0,0.3151060961939151,0.5851603885409667,1152167.2020558324,0.3733776599999885,0.9952343267436896,1207522.606664213,147.9950324,1.4815441778132092,355971.1867065877,38978.77241108613,0.0827991255728863,0.0387910748206741,36824.364242956006,1.5,68410.0,-0.2176887032366194,1.296875,0.0120288055624535,1.910885438193296,147.9950324,0.2854942749404806,-0.2399999999999997,37897.02413858973,4.765761523092023,1142543.7344008286,0.0005996971021415,15121.0,495245.4995760591,7754.5,0.5899999999999181,-0.001314600014698,1.5451620618271562,14150.0,0.0288274756749298,0.1056203666921689,-484767.0,-395376.25,-2710.0,-1119025.2199999988,0.0317759152006208,-0.0314720032252344,403144.44999999925,-418139.0,-1452264.0,2.600999999999999,669927.8700000048,1807539.25
2024-10-22,1807539.25,1835810.0,148.342465,40.8125,149.0593739,2.7,40.0125,5.785195147581934,959543.8440691382,148.342465,149.0593739,69.962,70.58000000000003,0.0,0.2850959917944919,0.5529245947017621,1050982.4275282682,0.3111480499999857,1.0822658370763851,1134347.097853667,147.9950324,1.3999276610177314,781481.9308297709,38749.84170526848,0.088876898693183,0.0451463413245583,36628.54561111484,2.0625,79300.0,-0.1969564457855126,1.8624999999999967,0.0065430752453652,1.889228748236261,147.9950324,0.2052405969352106,-0.1999999999999997,38780.69956687443,4.636359137607611,1192488.0701028295,0.0004164888970155,-13166.125,509931.9852163291,44644.875,0.4100000000000818,-0.000316184473008,2.02002757974838,3850.0,0.0365438705209262,0.106013435159795,348701.0,-214051.6000000015,20800.0,-559446.3800000027,-0.0318747124961075,-0.0159126938991436,832700.8000000007,-9925.0,-1092157.0,0.2820000000000107,279094.2899999991,1774318.625
2024-10-23,1774318.625,1810060.0,148.342465,41.0625,149.0593739,2.7,40.075,5.7621719224637085,915279.5034089552,148.342465,149.0593739,69.94800000000001,70.31666666666669,0.0,0.2579439925759459,0.5107698617479878,895769.1651202899,0.2489184400000113,0.980122130882042,1054989.362174806,147.9950324,1.2931977790954692,594618.5088459849,11761.761542861816,0.0924459570188411,0.0418031230035167,37565.78182281817,0.8125,72630.0,-0.1781986890440352,0.3843749999999986,0.0056251547412724,1.83323154422492,147.9950324,0.2116126210265389,-0.1600000000000001,38774.83382367296,4.45247450422468,1272194.6165320408,0.0011067900043661,-33220.625,503123.47280052816,5935.375,1.089999999999918,-0.0008530701824634,0.4139535245342429,-25750.0,0.0542085446048477,0.1051539710310208,611064.0,-399913.8500000015,-7750.0,-44704.53999999911,-0.0031711849439669,-0.0012892528425926,636614.5,621048.0,-1181276.0,-0.2669999999999959,344868.37999999523,1849994.75
2024-10-24,1849994.75,1852320.0,148.342465,41.3125,149.0593739,2.7,40.9125,5.714682175702736,888332.8321304662,148.342465,149.0593739,70.406,69.99000000000002,0.0,0.2333778980448926,0.4559533013909088,820093.2088100095,0.1866888300000084,1.0544928548446588,1013028.2471751464,147.9950324,1.1544099229202995,277742.460384462,48876.83187211305,0.0947463108710758,0.038272684468958,37559.24827887717,3.25,68280.0,-0.1612273853255557,1.8656250000000012,0.0058627792742829,1.771305198227446,147.9950324,0.2108436068495628,-0.1199999999999996,43167.62001561662,4.365569354587879,1352182.036236901,0.0004158552418047,75676.125,479967.35739422514,-31265.75,0.4100000000000818,4.328262554141593e-05,1.844767474578596,42260.0,0.0248063725849412,0.1029692267924632,95860.0,-692121.0,20360.0,129623.61999999732,-0.0096965239166652,0.0037640594941024,296218.3500000015,676561.0,-1369018.0,1.3819999999999908,252834.95000000295,1872784.625
2024-10-25,1872784.625,1894260.0,148.342465,41.0,149.0593739,2.7,41.1875,5.747767049342516,829016.6197949388,148.342465,149.0593739,70.63799999999999,70.4866666666667,0.0,0.2111514315644171,0.3830773963101198,810376.2737780533,0.1244592200000056,1.0713591573680294,998557.2253560872,147.9950324,0.9698983343220924,310262.2736811787,82167.60978905461,0.1054637270725765,0.0482667788206128,42208.22662507733,0.875,87220.0,-0.1458723962469315,0.8156249999999972,0.0068527692901005,1.7177110687754984,147.9950324,0.1869842982437007,-0.08,47350.16285799296,4.414098704000928,1453104.3402194171,0.0020277189176036,22789.875,462922.2047866729,29289.375,2.0,0.0670126871407445,0.7643134293806284,41940.0,0.0440553085636621,0.1050830735039675,-346733.0,-561610.1499999985,58450.0,70884.83999999613,0.0251970574829468,0.0020488255163084,312200.19999999925,377647.0,-2278266.0,1.29549999999999,250701.0,1851913.75
2024-10-28,1851913.75,1902990.0,148.342465,41.145833333333336,149.0593739,2.7,41.1,5.814764872907093,795710.0535888467,148.342465,149.0593739,71.26,72.46666666666668,0.0,0.1910417714153993,0.2782992763437772,819104.803547921,0.0622296100000028,1.0774442454118316,1015149.3321542866,147.9950324,0.7046148041371306,736474.6285686828,82240.69457104942,0.1007473518290646,0.0450074957578952,46650.59980004157,1.5,81960.0,-0.131979787080557,0.6156250000000014,0.0075255631811079,1.971627433580302,147.9950324,0.1831671856861546,-0.04,48908.32468245474,4.430008762047664,1571499.5934563302,0.0005059038984953,-20870.875,476220.0372638504,65245.375,0.5,-0.0200928753219863,0.5218788170586635,8730.0,0.0503623374595736,0.1032367092953264,281275.0,-1065564.1999999993,92930.0,255128.8999999985,-0.0117232335376608,0.0073672668442892,746346.3999999985,1214655.0,-1343163.0,4.888999999999996,486020.6700000018,1845639.25
2024-10-29,1845639.25,1883420.0,148.342465,41.333333333333336,149.0593739,2.7,41.225,5.792948049667281,811575.4370836796,148.342465,149.0593739,71.36800000000001,72.18333333333335,0.0,0.1728473169948756,0.0,792326.0524978638,0.0,1.147414678342723,960162.2053783546,147.9950324,0.0,844781.2829907127,56702.05699285423,0.1036520802206347,0.0331431705979154,48363.46434233661,2.8125,60420.0,-0.1194102835490755,2.328125,0.0074690272481179,1.8886110184343672,147.9950324,0.1865062613575413,0.0,46678.997530306246,4.469832064457141,1704314.0376903326,0.0004247443948908,-6274.5,506092.95100966585,77595.125,0.4199999999999591,0.0073521749802553,2.0555094059102217,-19570.0,0.0300828658773957,0.1069299246395573,766146.0,-1104717.0,31100.0,957442.1900000052,0.0122984741639756,0.0276983088058386,872350.3500000015,1855294.0,-592927.0,-0.1689999999999969,498465.9399999976,1837535.25
2024-10-30,1837535.25,1870920.0,148.342465,41.04166666666666,149.0593739,2.7,41.175,5.723569437522923,819406.1299107831,148.342465,149.0593739,71.44800000000001,71.66666666666669,0.0,0.156385667757263,0.0,990765.7769070672,0.0,1.143488429968171,969468.532805968,147.9950324,0.0,1084428.8750868363,39992.337279249215,0.109902832767999,0.0197583216600261,46272.74082114021,0.0625,36250.0,-0.1080378755920206,-0.125,0.0080644364283242,1.614485089825071,147.9950324,0.182930352672249,0.0,45630.44308435802,4.457111732976544,1840149.198672564,0.0010108668182966,-8104.0,558951.6120514486,-4355.5,1.0,-0.0249925166159872,-0.3456105375097991,-12500.0,0.0265928248633646,0.1091121440547237,1054765.0,-691997.3000000007,-23340.0,2166609.420000002,-0.0139754586055118,0.062494724019944,1138393.6999999993,3246109.0,-143825.0,-0.9440000000000026,325702.25,1848744.25
2024-10-31,1848744.25,1857860.0,148.342465,41.29166666666666,149.0593739,2.7,41.0875,5.573172086536437,795007.7072488904,148.342465,149.0593739,70.888,69.37000000000002,0.0,0.1414917946375169,0.0,1292990.2331564142,0.0,1.1625848865431037,1185339.8152412437,147.9950324,0.0,1177552.934602376,24367.35277646361,0.1033163285408352,0.0236086853515957,45338.23808043508,3.75,42850.0,-0.0977485541070661,1.2062499999999972,0.007730126762232,1.6940608328119393,147.9950324,0.1764286790624495,0.0,43142.12923976734,4.465823434441208,1944413.6397940803,0.0005049229992426,11209.0,628438.3077523469,-35249.375,0.5,0.0059851687334586,0.9878999898720906,-13060.0,0.0346129819338925,0.1110292027381864,768106.0,-407004.8999999985,-45130.0,4027814.990000002,0.0124524614092321,0.1154591677731924,1270098.5500000007,3057195.0,38488.0,-2.180000000000007,85663.5,1879876.625
2024-11-01,1879878.625,1908130.0,148.5176605,39.645833333333336,149.0593739,2.7,40.4125,5.5115414551116855,910489.081455554,148.342465,149.0593739,71.06199999999998,69.97666666666669,1.5567561999999953,1.5365100903863436,0.3481012687572695,1465732.5488744094,1.4789183899999898,1.3047074435118706,1337246.6973726454,147.9950324,0.0166583487265078,655143.4646402448,67529.03346441942,0.1294986375927596,0.0496861608198877,42992.93989899527,-2.0,90320.0,-0.3598677394302032,-2.5687500000000014,0.0082115888882317,1.718490769925781,147.9950324,0.2163135543618923,-0.2850000000000001,45124.89186797618,4.548945829324541,2070727.5264347235,0.0020186727226847,31134.375,641425.1481297755,-3169.5,2.0,-0.0120432387800268,-2.668685723449059,50270.0,0.0261657824198451,0.1109749659434772,117428.0,2166992.0,24710.0,3270397.6400000006,0.0043330133676774,0.0920609836345485,750082.25,1730814.0,2824232.0,1.4699999999999989,917782.75,1919066.0
2024-11-04,1919066.0,1926470.0,148.692856,38.5625,150.6161301,2.7,39.625,5.519132726572376,1097991.2757087084,148.342465,149.0593739,70.52799999999999,70.93333333333335,1.5567561999999953,1.3901757960638577,0.4791594482007825,1518005.9285076302,1.4010805800000128,1.4999451744357777,1404346.232795793,147.9950324,0.0229301237467564,1052569.6584840305,77691.03027733183,0.1211678523568968,0.0515895543570821,45124.57030162533,-4.375,94510.0,-0.3255946213892318,-3.174999999999997,0.0039946606992127,1.7487778439163506,148.0695308,0.1815697329355253,-0.2700000000000004,49893.73770336645,4.495655066163009,2127434.608720223,0.0005842357088894,39187.375,648000.4721492716,34237.375,0.5800000000000409,0.0139335562822721,-3.093096606930104,18340.0,0.0411458201724856,0.1111919661087451,271853.0,2784932.6499999985,55550.0,1614955.0900000036,-0.0032977420890841,0.043842609459672,1141757.5500000007,-689446.0,3353311.0,1.7684999999999889,-146537.45000000298,1976613.0
2024-11-05,1931281.125,1942610.0,148.8680515,37.10416666666666,150.6161301,2.4,38.55,5.545549756891203,1266298.187241908,149.2184425,150.6161301,70.58399999999999,71.67666666666669,1.5567561999999953,1.2577781012006426,0.570313817531569,1597745.1817474982,1.323242769999979,1.6310962319129252,1587028.2521681637,148.0695308,0.0272923062493313,512882.9767236486,84894.74167949078,0.1043544509076286,0.0581759550280258,50060.624499510704,-4.75,106800.0,-0.2945856098283528,-2.7281249999999986,0.0082734167241209,1.7478723908630012,148.0695308,0.1611248377744432,-0.2550000000000003,50382.347671715805,4.547598411911628,2135908.6771649374,0.0014295349984394,12215.125,615707.2328618228,81530.75,1.419999999999959,0.043093221466526,-2.5157778824605685,16140.0,0.0540233616874998,0.117389002088826,-430923.0,2777972.5,84750.0,272713.1600000039,-0.0131500787001063,0.0070082781060254,571694.0,-1179782.0,3246720.0,-0.1950000000000074,-17589.54999999702,2030329.375
2024-11-07,2030329.375,2030330.0,149.043247,36.5,150.6161301,2.4,37.6875,5.485864970501871,1401266.3974415737,149.2184425,150.6161301,71.124,71.77000000000002,1.5567561999999953,1.1379897106101282,0.6388792642686716,1625418.8084661278,1.245404960000002,1.871627998596132,1716809.8937697185,148.0695308,0.0305734983014887,442183.3598928265,156175.24247192033,0.0939111494528365,0.121692098604466,56445.89489692434,-4.5625,220270.0,-0.2665298374637479,-3.915624999999999,0.0110002658972061,1.7657301307790862,148.0695308,0.1349824517279139,-0.2400000000000002,63425.26239509648,4.826909221417894,2061917.1747522815,0.0005830610706207,99048.25,587301.4460618315,127868.75,0.5800000000000409,0.0140328105068341,-3.5202276079405195,87720.0,0.093538079463558,0.1195627784013668,-1630.0,2612934.8000000007,122200.0,138119.51999999583,0.0252735128121083,0.0035602723323633,474289.19999999925,-1266344.0,3328170.0,1.491500000000002,7843.829999998212,1964487.25
2024-11-08,1964487.25,2059050.0,149.2184425,36.25,150.6161301,2.4,36.6,5.443898443583951,1490414.423536932,149.2184425,150.6161301,71.822,71.52666666666669,1.5567561999999953,1.0296097381710752,0.6916070910099303,1606271.248097174,1.1675671499999964,2.0292348303505707,1790188.8419632942,148.0695308,0.0330967827589493,233241.6113316044,167286.1717603088,0.0744395600967919,0.1116059860067375,68043.56263881679,-5.875,206730.0,-0.2411460434195813,-3.471874999999997,0.0100425330812856,1.7745252144859442,148.0695308,0.1292972966673431,-0.2250000000000001,66884.74808111593,4.878833337701851,1934516.3988490573,0.0019290084695526,-65842.125,530812.4452884889,150452.75,1.919999999999959,-0.0336209210724509,-2.902229740517612,28720.0,0.1442867962906042,0.1131864687815951,-694243.0,2191439.0,132580.0,-36330.77000000328,-0.0277237379282324,-0.000944877542761,220887.05000000077,-736448.0,3269014.0,0.8635000000000019,-241923.8299999982,1987845.875
2024-11-11,1987845.875,1991100.0,149.2184425,35.833333333333336,150.6161301,2.4,36.2625,5.556896047714999,1545664.7914928573,149.2184425,150.6161301,72.328,72.88333333333334,1.5567561999999953,0.9315516678690868,0.7319281471125758,1576028.944874443,1.089729339999991,2.182145702838936,1797583.977073134,148.0695308,0.0350263425469069,459232.3626333587,89875.58397361287,0.0778749031836929,0.0511228659212568,71095.6048048689,-5.0625,96840.0,-0.2181797535700975,-3.450000000000003,0.0083775289726968,1.9461297625379053,148.0695308,0.110794991048944,-0.2100000000000004,71484.27728913886,4.992176932616001,1791849.533881132,0.0005013787916772,23358.625,490997.7240715046,45421.25,0.5,-0.0427549980913401,-2.795469765230223,-67950.0,0.0618880134659842,0.1058079598965924,65787.0,2220163.4499999997,48490.0,-1848154.400000006,0.0130791906449696,-0.0471639794645775,422681.8999999985,-1558552.0,3163817.0,3.539999999999992,-380611.0,2012040.875
2024-11-12,2012040.875,2017030.0,149.2184425,36.125,150.6161301,2.4,36.225,5.660894108368875,1583652.5476805812,149.2184425,150.6161301,71.87,72.17666666666669,1.5567561999999953,0.8428324614053793,0.7618149689483465,1560251.3536148649,1.011891530000014,2.2642912362655467,1794982.3286662183,148.0695308,0.0364565731803134,467764.9471444674,104776.48073803076,0.07709970570499,0.0599267468562629,75254.23580093753,-4.125,114040.0,-0.1974007294205644,-2.5687500000000014,0.0090005202045482,1.8600845340167984,148.0695308,0.1016661926541365,-0.1950000000000002,77326.32548823419,5.078383082937733,1679079.156879872,0.0010022550739163,24195.0,486885.06451725774,11232.875,1.0,-0.0001869543844475,-1.850663120922583,25930.0,0.0614385917440987,0.1108853851896941,147712.0,1467231.8000000007,-13300.0,-1902335.1899999976,-0.0103473623253056,-0.0488620563155672,431015.3999999985,-903591.0,2976076.0,-0.6624999999999943,166892.5,2042551.0
2024-11-13,2042551.0,2049780.0,149.2184425,36.10416666666666,150.6161301,2.4,36.0,5.681729050289584,1598266.2072809143,149.2184425,150.6161301,71.792,71.62666666666668,1.5567561999999953,0.7625627031763145,0.7824641023520399,1546573.0196994154,0.93405371999998,2.3696507452792788,1791297.9444673462,148.0695308,0.0374447352308432,293552.6664640419,124428.7206677422,0.0761812238859129,0.088328678680273,80644.101588384,-6.5,166360.0,-0.1786006599519392,-3.0093749999999986,0.0090709396512835,1.8077560239450283,148.0695308,0.103774616201103,-0.1800000000000001,84960.22085421238,5.186423851619301,1559829.989832063,0.0005006257822277,30510.125,491123.4338936999,-18288.5,0.5,-0.0054312295794124,-2.2398856808347176,32750.0,0.0864657573820595,0.1035580416272434,188790.0,1332304.6000000015,-9270.0,-1523734.0799999982,0.0144225823052275,-0.0396662052560425,274421.8500000015,227362.0,3013591.0,-0.8165000000000049,375268.75,2087646.625
2024-11-14,2087646.625,2094440.0,149.2184425,36.208333333333336,150.6161301,2.4,36.0875,5.673180672980132,1594813.8133785822,149.2184425,150.6161301,71.232,69.94333333333336,1.5567561999999953,0.6899376838262015,0.7945960522196724,1521238.7147883608,0.8562159100000031,2.4381240766530468,1785132.782377509,148.0695308,0.038025308382476,386833.3648960367,152985.03298510006,0.0739743043924071,0.1194706347679217,86953.09554753959,-3.875,223520.0,-0.1615910732898497,-2.6312500000000014,0.0089901079401182,1.7975000183014602,148.0695308,0.082202726658794,-0.165,92538.71473156622,5.133970967483157,1456993.7342667931,0.0005003752814611,45095.625,496301.0193978032,78063.75,0.5,0.0138674766553089,-1.8569203778980776,44660.0,0.1066902700514198,0.1079262015675988,48459.0,1100416.6999999993,103340.0,-113339.6099999994,-0.0155795134337069,-0.0030355384500581,376850.0,846560.0,2552043.0,-1.4180000000000064,253923.0,2066915.25
2024-11-15,2066915.25,2137920.0,149.2184425,36.16666666666666,150.6161301,2.4,36.175,5.780295931311919,1578478.499635571,149.2184425,150.6161301,70.726,69.62000000000002,1.5567561999999953,0.6242293329856068,0.7985990803364881,1455250.2184075862,0.7783780999999976,2.4825791051153376,1758987.934815859,148.0695308,0.0382168728610141,558535.187286891,177754.0774627095,0.0739204934922778,0.1507433283455157,93986.68430231242,-5.0,280060.0,-0.146201447262245,-2.2562500000000014,0.0091305412686748,1.7716970009463155,148.0695308,0.0843742022138197,-0.1499999999999999,96881.53851263747,5.102447168318824,1337240.890061496,0.0030007501875468,-20731.375,494261.5923016895,99800.75,3.0,-0.0053717636112475,-1.3973327228601633,43480.0,0.1361124228773298,0.1106895221904777,221183.0,831905.6999999993,120890.0,165861.7800000012,0.0053803158256653,0.0044790665243772,547963.6000000015,369412.0,2180172.0,-1.7304999999999922,277669.5,2124412.5
2024-11-19,2124412.5,2186760.0,149.2184425,35.645833333333336,150.6161301,2.4,35.8875,5.926020143211982,1536914.367058683,149.2184425,150.6161301,70.418,70.59333333333336,0.0,0.5647789203203217,0.7945960522197252,1360290.0496761082,0.7005402900000206,2.653588062465712,1695929.942626537,148.0695308,0.0380253083825174,619167.6456405222,205013.68913292768,0.0677981301775921,0.1460225456336832,97885.427910251,-3.125,278630.0,-0.1322774999039362,-4.0625,0.0079100464434123,1.8145994918421335,148.0695308,0.1110667443781273,-0.1350000000000002,104415.3676454808,5.122225333645642,1219158.6073796586,0.0004986287708801,57497.25,452929.734944529,54874.375,0.5,-0.0119032488269457,-3.130324844492528,48840.0,0.1180103737983229,0.1072899686935704,490303.0,-190736.19999999923,136980.0,-40759.5,-0.0327822981860811,-0.0011048876248057,588768.0500000007,-635139.0,-1403254.0,1.9184999999999943,250457.25,2145971.75
2024-11-20,2145971.75,2152820.0,149.2184425,35.625,150.6161301,2.4,35.7875,5.996122321605136,1500576.979492856,149.2184425,150.6161301,70.012,70.14333333333336,0.0,0.510990451718385,0.7824641023521471,1253591.6545462457,0.6227024800000152,2.6250372021168324,1604881.4893093612,148.0695308,0.0374447352309279,866899.10796047,154780.9568345535,0.0684311180549492,0.1174946923647914,104985.8467815525,-0.6875,226350.0,-0.1196796427702282,-2.121875000000003,0.0085343083104416,1.9136844457483104,148.0695308,0.1022360194201088,-0.1200000000000001,111921.1661282246,5.380907060124052,1163775.1379574204,0.0004983802641416,21559.25,448002.3439506043,81861.5,0.5,0.0084194994491524,-1.3054129545408557,-33940.0,0.1300808104893585,0.1071410623910282,695287.0,-215299.05000000077,58380.0,-432717.2299999967,0.0224164557904785,-0.0116246138504795,837177.5,-562252.0,-2076994.0,-2.747499999999988,451507.0,2140096.25
2024-11-21,2140096.25,2186530.0,149.2184425,35.8125,150.6161301,2.4,36.0,6.019593687186195,1473131.5455932235,149.2184425,150.6161301,69.574,69.70666666666669,0.0,0.4623246944118762,0.7618149689485118,1139993.0234704425,0.5448646700000097,2.4921670051536093,1513801.139920334,148.0695308,0.0364565731804446,668833.5738689974,170539.43713602447,0.0691424537401608,0.1255630311797015,112108.00576243237,-0.0625,243920.0,-0.1082815815540163,-0.9437500000000014,0.0094070528475138,2.0115494813187587,148.0695308,0.0926792861582171,-0.1049999999999999,115228.21727620212,5.433686836007074,1131842.3962756894,0.0009962640099625,-5875.5,460549.5386620647,58325.125,1.0,-0.0003072713217031,-0.3328736255369691,33710.0,0.1182375957887846,0.1057085546955756,337130.0,-419726.6499999985,48610.0,-536408.8900000006,0.005954450619656,-0.0144210295702563,650712.6499999985,452134.0,-2336688.0,-2.909499999999994,434242.75,2211988.0
2024-11-22,2211988.0,2224280.0,149.2184425,36.35416666666666,150.6161301,2.4,35.975,6.138753087932771,1433301.5408510168,149.2184425,150.6161301,69.03399999999999,67.6366666666667,0.0,0.4182937711345573,0.7319281471128051,1050444.733527477,0.4670268600000042,2.466227475421453,1416467.1252411555,148.0695308,0.0350263425470884,415962.9954052828,188452.34788497444,0.0757016550614413,0.0955263430082793,115065.45400321978,0.3125,193950.0,-0.0979690499774434,-1.7312500000000028,0.0081628677186831,2.1773703961681794,148.0695308,0.10859246405584,-0.0899999999999998,119456.47908177106,5.481058171961549,1132525.3323524669,0.0019905449116695,71891.75,443876.7360519977,73181.0,2.0,0.0050329091686165,-1.2059332802477345,37750.0,0.0827087801203372,0.1127373152623823,2237.0,-261046.94999999923,37520.0,-415581.7700000033,0.0123813770296674,-0.0112778382575821,387065.44999999925,1283988.0,-2056744.0,-3.889499999999998,428128.25,2218551.0
2024-11-25,2218551.0,2268990.0,149.2184425,36.145833333333336,150.6161301,2.4,35.775,6.151653521904039,1390064.0701332109,149.2184425,150.6161301,69.77,69.21666666666668,0.0,0.3784562691217559,0.6916070910102338,960454.3788824056,0.3891890499999988,2.3122310476594907,1290569.4587505732,148.0695308,0.0330967827591889,637824.567271445,210956.4099911675,0.0736571267072833,0.1019596415822829,118861.04758114228,-0.5625,209940.0,-0.0886386642653063,-1.9718749999999967,0.0109174562326976,2.231601442911413,148.0695308,0.1245744537701423,-0.0750000000000001,126169.58919567104,5.563154041993708,1160827.426629044,0.0004966476285075,6563.0,402477.4834751627,87575.5,0.5,-0.0038439577685743,-1.6000110630812827,44710.0,0.0894724901470727,0.1039683871519719,-47746.0,-1017776.75,116170.0,-1730.2599999979138,-0.0071004011536414,-4.7028788745850925e-05,592672.1999999993,1168442.0,-2445818.0,2.1084999999999923,471390.25,2252266.25
2024-11-26,2252266.25,2268220.0,149.2184425,36.22916666666666,150.6161301,2.4,36.35,6.203523277425256,1357062.812783667,149.2184425,150.6161301,69.16,69.90333333333335,0.0,0.3424128149196974,0.6388792642690658,811832.3669325046,0.3113512399999933,2.163569765061163,1153190.9953959004,148.0695308,0.0305734983017978,465456.17991225794,190168.6566586753,0.0777313264048022,0.1391793480990406,125255.47475291268,1.4375,277120.0,-0.0801968867162297,0.0218750000000014,0.0106551868553563,2.237116565206225,148.0695308,0.112143614024128,-0.06,134157.01051302507,5.732929259545208,1201049.4727633065,0.0004964010920824,33715.25,337827.93230930105,72579.25,0.5,-0.0126947323273625,0.1922518953074075,-770.0,0.1293282763733896,0.1025745122273062,-43457.0,-1062274.9499999993,81690.0,87544.68999999762,-0.0025629081411117,0.0023880239682645,395332.5500000008,721836.0,-2531713.0,-0.7620000000000005,353167.25,2205245.0
2024-11-27,2205245.0,2268000.0,149.2184425,36.375,150.6161301,2.4,36.425,6.217028906316965,1281462.989013479,149.2184425,150.6161301,69.41999999999999,70.78666666666669,0.0,0.3098020706416378,0.5703138175320842,883663.6839276608,0.2335134299999879,2.009115227334625,1004922.7409122124,148.0695308,0.027292306249733,769373.4961110912,171858.308405468,0.0822778458105114,0.1244255167250858,132957.64780781104,-0.125,250970.0,-0.0725590879813506,-0.578125,0.008715953307393,1.9943284716003848,148.0695308,0.1631906367226011,-0.0449999999999999,134127.6318508399,5.725559384319512,1252484.113702666,0.0009923096005954,-47021.25,351533.52902833244,112170.0,1.0,0.0113545578876118,-0.5611768566266306,-220.0,0.1330185495392091,0.1064449379416192,550532.0,-1069056.3999999985,43720.0,810862.5,-0.0106854357768361,0.0222557544283639,712211.5,1806645.0,-1808847.0,-0.9875000000000114,150112.75,2230803.25
2024-11-28,2230803.25,2230800.0,149.2184425,36.79166666666666,150.6161301,2.4,36.3625,6.138993231440121,1169638.5376421525,149.2184425,150.6161301,69.72399999999999,69.63000000000002,0.0,0.2802971115329171,0.4791594482014807,1138624.908635761,0.1556756200000109,1.5517756965803164,951514.3991166982,148.0695308,0.0229301237472984,1001767.3060052769,121833.70760494703,0.094683696454187,0.0883119164007844,132610.54672033395,0.75,181020.0,-0.0656486986497935,-0.0406249999999985,0.0080175706275085,2.0068049363692357,148.0695308,0.149500175345476,-0.0300000000000002,132755.46990554006,5.670600891783336,1349250.2602505684,0.0004956629491945,25558.25,406165.26900684304,-6743.0,0.5,-0.0118873271843039,-0.2815409655193335,-37200.0,0.0960239562727571,0.1037598065727374,599374.0,-534944.3999999985,-38190.0,2085605.289999999,0.0013772763457676,0.0566898058993698,974998.8500000016,2862660.0,-1168591.0,-0.9784999999999968,482244.0,2258295.0
2024-11-29,2258295.0,2264230.0,149.2184425,36.79166666666666,150.6161301,2.4,36.6125,6.185726439140437,1083001.3433105214,149.2184425,150.6161301,70.1,69.20333333333336,0.0,0.2536021485297794,0.3481012687583448,1523007.626214371,0.077837809999977,1.3561014349859697,1194416.855901612,148.0695308,0.0166583487273418,922452.0863857268,140476.68783304747,0.0942684934263286,0.0810670155268233,130871.916380503,1.125,169790.0,-0.0593964416355277,0.6593749999999972,0.0107755688995121,2.036397425280382,148.0695308,0.2013363991358454,-0.0150000000000001,129464.055223183,5.739011903785069,1444000.9996039548,0.0024770869457517,27491.75,460119.4527952015,12252.25,2.5,0.0138557359063937,0.2542010311967999,33430.0,0.0921652629481466,0.1167394613716325,740532.0,-773113.6499999985,-3990.0,4194099.18,0.0127808617626128,0.1141331225391759,934528.8500000016,4176679.0,-1229138.0,-1.6724999999999994,212904.75,2295431.5
2024-12-02,2295431.5,2297350.0,149.3732784,36.375,150.6161301,2.4,36.5625,6.099155485189349,990857.5493301218,149.2184425,150.6161301,70.298,70.68000000000002,1.6726390000000038,1.7427896105745615,0.3740134505808323,1648403.7575303074,1.5890070499999922,0.7767899003845338,1314644.7027381854,148.0695308,0.1111963287896863,1080967.9829204194,157063.66994418576,0.0751724124983138,0.0745724816644215,127137.7251670866,-1.25,159430.0,0.2176889337583323,-1.0906250000000028,0.0113196190550157,2.1179592958675326,148.0695308,0.2868033818653829,0.2850000000000001,126339.23888989876,5.822106215939328,1515657.2266590588,0.0001680256980478,37136.5,533325.5774219533,6028.75,0.169999999999959,0.0019582775259166,-1.6360800193933684,33120.0,0.0817419830331678,0.1055663709157765,627930.0,302751.8500000015,29350.0,3209199.2700000037,-0.0048020399436822,0.0861652644794865,1145814.6000000015,1578698.0,119278.0,3.2460000000000093,139426.3900000006,2303990.0
2024-12-03,2303990.0,2326960.0,149.52811430000003,36.5625,152.2887691,2.4,36.5625,6.118156649711805,1056371.9991746482,149.2184425,150.6161301,70.128,70.5766666666667,1.6726390000000038,1.5768096476626852,0.514827421455399,1745113.8293469837,1.505375100000009,0.7578739631866604,1434004.9566333103,148.0695308,0.1530611242315744,989261.222642284,168895.22518759686,0.0743248846318242,0.0641131171230495,123523.65348011088,2.875,140200.0,0.1969566543527769,0.984375,0.0111656513134918,2.117688101383484,148.5668159,0.2848979793362626,0.2700000000000004,122950.36161439412,5.950130891987377,1620649.3677946778,0.0012352755158511,8558.5,576966.0368381651,90186.5,1.25,0.0112836233319277,0.3858085538821854,29610.0,0.1105590807363776,0.1113048720335489,302513.0,1680570.8999999985,96160.0,1680890.5300000012,-0.0012764040292258,0.0432379169474195,1073930.6999999993,-185794.0,2503713.0,-1.3785000000000025,231982.4200000018,2216277.75
2024-12-04,2216277.75,2306930.0,149.6829502,36.10416666666666,152.2887691,2.7,36.45,6.019600681886047,1079216.5283426093,149.992622,152.2887691,69.886,70.43000000000002,1.6726390000000038,1.4266373002662365,0.6127671972294126,1873861.474589769,1.4217431499999975,0.7536847532185779,1608773.0481911637,148.5668159,0.1821791773128407,931727.6300096884,134687.5846935399,0.0740351801767175,0.0715851766520192,119632.96370044316,-0.1875,154110.0,0.1781988777477505,-0.3468749999999971,0.0101971579784037,2.120603439441893,148.5668159,0.3191613705480667,0.2550000000000003,114897.88552906484,5.909852255717731,1686229.240366631,7.896009554175798e-05,-87712.25,627522.0042878331,73186.75,0.0800000000000409,-0.0123677512518539,-0.8949827369637333,-20030.0,0.0845304290009592,0.1030145600647002,325271.0,1597722.3999999985,42700.0,285825.9900000021,-0.00405890944133,0.0069813214236351,1053547.8000000007,-976900.0,2397644.0,-2.036999999999992,-34863.310000002384,2211583.0
2024-12-05,2211583.0,2250500.0,149.8377861,36.35416666666666,152.2887691,2.7,36.3,5.927900023208478,1100365.1089746086,149.992622,152.2887691,69.83200000000001,68.85333333333335,1.6726390000000038,1.290767081193252,0.6864365619409472,2000752.5571678395,1.3381112000000144,0.7292285374734901,1764246.1769273917,148.5668159,0.2040814989712558,532598.6176278144,70804.4813893931,0.0722513917979906,0.0292564016958376,111021.92252983266,-1.0625,63970.0,0.1612275560574887,-0.2281249999999985,0.0096677731218488,2.1347093355707223,148.5668159,0.2985361342249026,0.2400000000000002,105262.41930970363,5.86556687260842,1730398.378133672,0.0005724154946953,-4694.75,627051.1953205399,-42017.25,0.5800000000000409,-0.0234700370266715,-0.7531986667767114,-56430.0,0.032761847866823,0.1062118080018394,-290097.0,1652410.3500000015,-46850.0,1015622.9699999988,-0.0105157526117634,0.0251056890378542,642424.25,457132.0,2625709.0,-1.0604999999999905,92848.02000000328,2202444.25
2024-12-06,2202444.25,2247080.0,149.992622,34.958333333333336,152.2887691,2.7,35.4625,5.876367724413292,1166534.4648889892,149.992622,152.2887691,70.07600000000001,69.11666666666669,1.6726390000000038,1.1678368829843748,0.7430893759092284,2024568.7059271908,1.2544792500000028,1.0042006755165154,1845533.755966216,148.5668159,0.2209247031885476,359500.4635680206,60966.91173326038,0.0769684238978029,0.0102505080295647,105262.41930969816,-2.9375,22800.0,0.1458725507186802,-2.971874999999997,0.009304527623722,2.077765690149466,148.5668159,0.2824679069215698,0.2250000000000001,101917.33893543023,6.009526012501621,1756993.8733591873,0.0018938086266928,-9138.75,611206.2073204019,-83848.5,1.919999999999959,-0.0121261816137593,-3.2826559366075045,-3420.0,0.0334035209864977,0.10632812572523,-437779.0,2100554.6999999997,-79880.0,149933.12999999523,0.0074624759038286,0.0036969159478721,444665.8000000008,-348335.0,2893437.0,-0.1905000000000001,130169.22999999672,2228858.75
2024-12-09,2228858.75,2264670.0,149.992622,33.5,152.2887691,2.7,34.725,5.907547603291954,1267518.631084059,149.992622,152.2887691,69.888,70.68333333333335,1.6726390000000038,1.056614322700142,0.7864118762200673,1997747.0221501333,1.1708472999999913,1.42730581566974,1902003.5055529764,148.5668159,0.2338047292425065,666277.0384663045,71075.30109199742,0.0697988686171809,-0.0019039308238467,101917.33893542466,-3.9375,-4320.0,0.1319799268407107,-4.309375000000003,0.0085239325799362,2.144170738980251,148.5668159,0.1921506779313981,0.2099999999999999,92034.5359611398,6.052460547942874,1716483.4723701498,0.0009844942160965,26414.5,590680.9424281218,-101545.75,1.0,0.0127543882719028,-4.3837125140734585,17590.0,-0.0043145577643278,0.1092671252805301,-101411.0,2305506.3000000007,-42260.0,-880516.6200000048,0.0036005048402879,-0.0213575809025267,731009.3000000007,-1241481.0,3885966.0,2.7894999999999897,-413681.0,2201245.75
2024-12-10,2201245.75,2247920.0,149.992622,32.354166666666664,152.2887691,2.7,33.775,5.855897859235134,1326274.2871247225,149.992622,152.2887691,70.314,71.38000000000002,1.6726390000000038,0.955984387204893,0.8185234321518882,1958717.6059661328,1.087215350000008,1.6077142363575574,1918307.4747872893,148.5668159,0.2433516776888877,1071374.7490885593,49151.46289275959,0.0711807702205816,-0.0089497491424993,92034.53596113372,-4.75,-20300.0,0.1194104099987383,-3.143749999999997,0.0095213314444861,1.9006300894299537,148.5668159,0.1629019542033317,0.1950000000000002,81283.70495589537,6.1358920554375205,1648036.0545717357,0.0004917629702483,-27613.0,621039.202833272,12581.0,0.5,0.0118551252757084,-3.061454179399796,-16750.0,0.0046461631939045,0.1082293617416698,759529.0,1905607.5500000007,-2580.0,-1454037.7700000033,-0.0001549823695304,-0.0350628064883075,1146138.6499999985,-944478.0,3549868.0,1.2549999999999957,635307.25,2291149.25
2024-12-11,2291149.25,2294150.0,149.992622,31.791666666666668,152.2887691,2.7,32.875,5.768408769998638,1414500.1237976458,149.992622,152.2887691,70.384,70.94333333333337,1.6726390000000038,0.8649382550901521,0.8407096587731042,1918697.2690280748,1.0035833999999966,1.8516390099108413,1931097.316871149,148.5668159,0.2499477692087916,1140082.1063182205,86297.51404583035,0.0677648933336672,0.0115299823633157,81283.70495588868,-5.0625,26150.0,0.1080379899988583,-4.009374999999999,0.009797870698966,1.9251397078501244,148.5668159,0.1405638952116888,0.1800000000000001,74056.32629229562,6.117084681462996,1556410.9098404937,0.0004915212582943,89903.5,654815.1215257552,-10337.25,0.5,-0.0046822180595864,-3.7877442575521982,46230.0,-0.0226529612118461,0.1092340655509218,1083501.0,2100320.5500000007,47070.0,-247354.8900000006,-0.0065679440978401,-0.0060765892360636,1225562.75,702396.0,3792167.0,-1.3155,83087.75,2304089.5
2024-12-12,2304089.5,2331770.0,149.992622,32.020833333333336,152.2887691,2.7,32.125,5.638669379328684,1495262.3451021763,149.992622,152.2887691,69.94,68.94000000000003,1.6726390000000038,0.7825631831767907,0.8537446943776655,1924305.144896596,0.9199514500000134,1.9782197065124296,1928135.6991629812,148.5668159,0.2538231595255394,1286842.048573628,112115.84604146564,0.0690862243700846,0.0452617894925586,74056.32629228855,-4.5,100970.0,0.0977486576180148,-3.0093749999999986,0.0110292699857315,2.0356994789078016,148.5668159,0.118509394027646,0.165,68251.80960605183,6.149231102998278,1463132.8328709472,0.0009825595676737,12940.25,682927.410025164,88705.0,1.0,0.0527349342962593,-2.691887661594848,37620.0,0.0389545152579418,0.1154339634217526,988807.0,2062125.3000000007,67100.0,279527.1700000018,0.0073776594474079,0.0069281055205929,1377211.3999999985,1732646.0,3230716.0,-2.8175000000000097,92455.75,2370661.75
2024-12-13,2370661.75,2374600.0,149.992622,31.8125,152.2887691,2.7,31.8875,5.543086044406827,1626920.3705212816,149.992622,152.2887691,69.572,67.88000000000001,1.6726390000000038,0.7080333562075793,0.8580457024264958,1996514.782267338,0.8363195000000019,2.097919062176767,1964916.1528611996,148.5668159,0.2551018737117105,1539959.9963285178,140189.09879942145,0.0757116229610525,0.0487450479854079,68251.80960604448,-5.375,110370.0,0.0884392616543943,-3.109375,0.0081132782835227,2.0700889251187227,148.5668159,0.1170847948344285,0.1500000000000003,70867.69760823494,6.034450461194056,1368880.951633192,0.0019631901840491,66572.25,741460.8200662396,75230.75,2.0,-0.0063297208897089,-2.71825550334772,42830.0,0.0328519559042241,0.1112060524513429,886152.0,2726181.850000001,126680.0,1382308.650000006,-0.0029223942864288,0.0345443452911735,1647801.1000000015,2274168.0,4216147.0,-1.6154999999999973,286628.25,2543202.0
2024-12-16,2543202.0,2548720.0,149.992622,31.979166666666668,152.2887691,2.7,31.9625,5.591879709469267,1729771.6912184025,149.992622,152.2887691,69.02799999999999,68.42333333333336,0.0,0.6406016079973256,0.853744694377707,2003187.283123789,0.7526875499999903,2.178118982661152,1977524.6275795484,148.5668159,0.253823159525573,2041381.7109638972,284374.89891376253,0.0841400773493121,0.1094173721896967,70867.69760822823,-3.3125,251370.0,0.0800164748301663,-2.8812500000000014,0.0078715214114981,2.070454819091492,148.5668159,0.088591316592555,0.1349999999999998,92132.93937068968,5.927847106325441,1299991.571040582,0.0004898359049718,172540.25,871630.356527209,169416.0,0.5,0.058029598720123,-2.459374026838411,174120.0,0.0497573390544636,0.1086384213948974,1413740.0,2531135.850000001,254570.0,958489.4299999996,0.0053239165671607,0.0236904760332912,2195185.350000001,1921792.0,2985502.0,0.4939999999999998,590790.75,2592200.5
2024-12-17,2592200.5,2605900.0,149.992622,32.041666666666664,152.2887691,2.7,31.9375,5.5729609205537205,1760297.620906557,149.992622,152.2887691,68.27799999999999,68.61000000000001,0.0,0.5795919310452007,0.8407096587731889,1929373.7153385023,0.6690555999999788,2.241531945015192,2020767.5479597363,148.5668159,0.249947769208857,2275608.024205432,309025.8609219757,0.0782606380770596,0.1198731392030805,92132.9393706849,-4.875,278940.0,0.0723958581796742,-2.28125,0.0069362498201179,1.9753800433825277,148.5668159,0.090304289101152,0.1200000000000001,115553.75312094289,5.696203052095756,1261974.6773260804,0.0005679314565483,48998.5,1019441.484979776,252052.75,0.5800000000000409,0.0105091827065557,-1.772766976663327,57180.0,0.1079407074443301,0.1115643804888193,1605287.0,2061395.6999999995,274130.0,1983456.759999998,-0.0038432118727635,0.0488219071141724,2482631.8000000007,1481986.0,1271690.0,-1.9599999999999935,624259.0,2521016.5
2024-12-18,2521016.5,2680480.0,149.992622,32.020833333333336,152.2887691,2.7,32.025,5.512067980533429,1771004.1773915165,149.992622,152.2887691,68.33,68.87333333333335,0.0,0.5243926995170796,0.8185234321520193,1943164.96172029,0.585423650000024,2.301842439963761,2140291.0831000195,148.5668159,0.2433516776889861,1785851.6409477703,347071.9694055971,0.0810040082959707,0.1619251559431798,115553.75312093936,-4.0625,373550.0,0.0655010145435146,-2.6312500000000014,0.008040837475292,1.9572523705720068,148.5668159,0.1024983524008817,0.1050000000000004,124262.20640601969,5.445138125952564,1266059.3318774658,0.0009003454586378,-71184.0,1105191.499114715,288111.0,0.9199999999999592,-0.0478482741029019,-2.112860597933484,74580.0,0.125091905780841,0.110014508764339,888296.0,1867414.75,305880.0,2652437.3999999985,0.0017618264562692,0.0640719544706549,2026580.0500000007,1651614.0,1330955.0,-0.6350000000000051,469585.0,2419894.25
2024-12-19,2419894.25,2548100.0,149.992622,31.75,152.2887691,2.7,31.8,5.418535318789769,1752468.649038531,149.992622,152.2887691,68.738,68.45666666666669,0.0,0.4744505376582992,0.7864118762202488,2056491.6363126456,0.5017916999999841,2.3374168821411194,2255007.148549622,148.5668159,0.233804729242642,1990249.6751432235,194245.11517649284,0.0795773428779343,0.1322372806043101,124262.20640601662,-4.875,297600.0,0.0592628226822276,-3.0843750000000014,0.0079937123797111,1.926022011680592,148.5668159,0.0962076826346803,0.0899999999999998,122234.6276073413,5.273817652493488,1309559.161415202,0.0004888780249328,-101122.25,1194228.1145877012,150354.75,0.5,-0.0331823069096637,-2.590207207654103,-132380.0,0.1375002523939068,0.1040212703212483,585890.0,1703528.75,-620.0,3407209.0200000037,-0.0022740100510801,0.0822652787257065,2259120.3000000007,2677113.0,1293911.0,-0.5685000000000144,465062.25,2467562.0
2024-12-20,2467562.0,2472780.0,149.992622,31.729166666666668,152.2887691,2.7,31.8875,5.53173704525236,1761858.7978881046,149.992622,152.2887691,69.086,69.22666666666669,0.0,0.4292647721670164,0.7430893759094681,2111280.4731636182,0.4181597500000009,2.328968740609048,2354871.5554835103,148.5668159,0.2209247031887291,1810140.5632248183,107598.9137311126,0.102211206862055,0.1004414618082132,122234.62760733836,-0.75,225700.0,0.0536187443315392,-1.6499999999999986,0.0092474703477853,1.815150493979472,148.5668159,0.0841734705741085,0.0750000000000001,125431.00728843824,5.31939002737418,1391390.0205695156,0.0021206938675788,47667.75,1235892.0031231218,-123307.75,2.1700000000000728,-0.0353514306064967,-1.212568425972762,-75320.0,0.0941910161183188,0.1110036338198003,122558.0,2138001.3999999985,-133120.0,3083284.7700000037,0.0067943094699831,0.0723608884712083,2077218.6999999995,2390648.0,1455870.0,0.1114999999999923,492434.8400000036,2551020.5
2024-12-23,2501153.0,2521790.0,149.992622,31.89583333333333,152.2887691,2.7,31.975,5.735983740794843,1679777.7643533468,149.992622,152.2887691,69.726,70.75000000000001,0.0,0.3883824129130175,0.6864365619412583,2221229.4983080626,0.3345278000000178,2.3296307167259447,2439324.6122260517,148.5668159,0.2040814989714945,2655772.5572034083,141693.77909005433,0.1087072910161051,0.1135353053645784,125431.00728843556,0.8125,257120.0,0.0485121972523452,-1.4937499999999986,0.0087482790270765,1.8674652114012509,148.5668159,0.0951650916784367,0.06,129635.24131959496,5.452252938504448,1559041.170672953,0.0022722396676482,33591.0,1376271.7970299071,-124638.5,2.3299999999999272,0.0021279197428698,-1.0970857187372616,49010.0,0.1203743295658903,0.1218516050414238,1549517.0,1862149.4499999995,-158690.0,2095282.9699999988,-0.0033261636386064,0.0475657682459282,2968262.8000000007,2185197.0,1155113.0,3.7049999999999983,916691.1599999964,2597388.5
2024-12-26,2597388.5,2618540.0,149.992622,32.125,152.2887691,2.7,31.85,5.90843756628318,1527153.0810830523,149.992622,152.2887691,70.69200000000001,71.86666666666669,0.0,0.3513936116831928,0.6127671972298208,2369227.2221921813,0.2508958499999778,2.223944530853463,2506796.6430096417,148.5668159,0.1821791773131516,3470937.694612608,215734.84774814453,0.1119469221449429,0.164872415388448,133504.65743379632,-0.75,370620.0,0.043891987990217,-1.78125,0.0078946112357405,1.9562130440441916,148.5668159,0.1017482070555117,0.0449999999999999,141085.9712252102,5.542998689684945,1816004.3135362405,0.0012162490878131,96235.5,1589945.7663631,30004.0,1.25,0.0030498165187377,-1.5015299360003809,96750.0,0.1445411244656038,0.1172782375863706,2316146.0,1163200.6999999993,70440.0,2140293.68,0.0106718337398535,0.0477482479202981,3849451.899999999,2133381.0,1034367.0,2.487000000000009,1145920.75,2577545.5
2024-12-27,2577545.5,2824820.0,149.992622,32.270833333333336,152.2887691,2.7,32.0375,6.112746303373532,1333823.6175265838,149.992622,152.2887691,71.062,72.1666666666667,0.0,0.3179275534276371,0.5148274214559534,2647441.901129056,0.1672638999999947,2.120784809270869,2570722.5330251465,148.5668159,0.1530611242319941,2761258.8665542603,381822.9574864162,0.1222457721771223,0.2313144301811127,144335.95558178943,1.375,530670.0,0.0397117986578154,-0.5968749999999972,0.0103617541447018,1.9632879913162324,148.5668159,0.0967915075196488,0.0300000000000002,145726.6328682648,5.59526877207352,2061736.2106654025,0.0014577259475219,-19843.0,1707329.1660925918,177494.25,1.5,0.0074923576967388,-0.4537651801908211,206280.0,0.1799629823248949,0.1213291324232484,1886694.0,1170285.0500000007,352040.0,1779120.75,0.0094086807989356,0.0389363029173039,3171290.1999999997,3178683.0,986506.0,0.8045000000000044,619827.5,2533634.75
2024-12-30,2533634.75,2588510.0,149.992622,32.104166666666664,152.2887691,2.7,32.1875,6.347992036520412,1273884.6370122957,149.992622,152.2887691,71.924,72.12000000000002,0.0,0.2876487388154771,0.3740134505816899,3272468.12972067,0.0836319500000115,1.9929228196618172,2870564.3237171327,148.5668159,0.1111963287903326,2991873.7840252817,131654.5805829484,0.1921547966760067,0.1101051990547952,148546.80790610044,-0.375,256740.0,0.0359297225951662,-1.2906249999999986,0.0110615249647174,2.0991132839729647,148.5668159,0.1332907574833101,0.0150000000000001,146589.0663309666,5.693450438433258,2267595.785739062,0.0019408054342551,-43910.75,1848829.045391388,109983.5,2.0,-0.0104734139519686,-1.2587637344583626,-236310.0,0.1250011320737836,0.1113326790772097,1307056.0,2463981.100000001,66720.0,3109841.1199999973,-0.0050995829794309,0.0673920606096094,3447312.200000003,5312212.0,2501923.0,3.1914999999999907,171468.5,2695646.5
2025-01-02,2695646.5,2700930.0,150.12045384000004,32.083333333333336,152.2887691,2.7,32.0625,6.598389177506553,1261261.4747383234,149.992622,152.2887691,72.576,72.36666666666669,-0.1910211000000004,0.0874250065473347,0.0427136164736314,3656901.260550346,-0.1814700449999975,1.7580407381057273,3121690.908376102,148.5668159,0.5081889331806756,2847462.852213353,220829.3824321912,0.2039322009344079,0.1374252505685167,149126.71009875945,-0.1875,326330.0,-0.4198731081281832,-1.1375000000000028,0.0125106082711139,2.1716592613420698,148.5668159,0.1134806914632071,-0.4750000000000001,159256.50491242742,6.009921708934684,2422129.228789768,0.0002421307506053,162011.75,1955947.3324576376,-17385.75,0.25,-0.0138449081619057,-1.251976712128993,112420.0,0.0996251447697669,0.107013008782789,281851.0,3355691.25,82390.0,1801943.3299999984,-0.0100747368127842,0.0383679200445041,3326230.350000001,3252687.0,2937930.0,2.7524999999999977,63326.0,2728911.0
2025-01-03,2728911.0,2758800.0,150.24828568000004,31.9375,152.097748,2.7,32.0625,6.858362548240126,1405331.0885332413,149.992622,152.2887691,72.22200000000001,72.68333333333335,-0.1910211000000004,0.079098815447594,0.0587950540173843,3626571.286697229,-0.1719189899999946,1.670036341393854,3243087.3022840763,148.5668159,0.6995192223017466,1897577.8186692223,252156.5841053156,0.1471290753137378,0.0824256881885809,161239.78463500255,0.4375,210080.0,-0.3798851930683562,-0.3687499999999986,0.0122579600544796,2.0312930805158933,146.2941259,0.1409310294722348,-0.4499999999999997,172671.37804344232,6.330069821694044,2489091.781492053,0.0019365770999757,33264.5,1981319.74859094,98258.0,2.0,0.0228619974775949,-0.5672646443071798,57870.0,0.1370860899915393,0.1073463590727392,-49269.0,3705895.75,-66020.0,790201.4399999976,-0.001504356246879,0.0166455512413004,2350808.600000001,-2467498.0,3660228.0,1.4540000000000075,-501294.25,2801220.75
2025-01-06,2801220.75,2828290.0,150.37611752,32.166666666666664,152.097748,2.2,32.2125,7.104425529644506,1540313.443869607,150.6317812,152.097748,72.42999999999999,72.71000000000002,-0.1910211000000004,0.0715655949287565,0.069980111702907,3534567.068492286,-0.1623679349999918,1.277799429322208,3245556.402797325,146.2941259,0.8325944100757224,1667808.0740340576,291013.57609528536,0.1234314846797375,0.0853409570589815,174175.9665680782,0.125,222390.0,-0.34370565087137,0.0562499999999985,0.014643952819223,2.1315333620866825,146.2941259,0.1540313617165146,-0.4250000000000002,189265.75844406048,6.708569911934161,2513742.7828051746,0.0009664170089394,72309.75,1977321.1127708536,151365.5,1.0,-0.0077070148015246,-0.3435965829445919,69490.0,0.0730217261546664,0.1058123021193895,-649029.0,3073741.5,239780.0,-2213731.379999995,0.0024195713702759,-0.0449439757134374,2074647.700000003,-6618398.0,3550135.0,2.9514999999999816,-241577.0,2822174.5
2025-01-07,2822174.5,2867770.0,150.50394936,32.375,152.097748,2.2,32.125,7.205262623575187,1601206.6297134955,150.6317812,152.097748,72.688,72.35333333333337,-0.1910211000000004,0.0647498239831634,0.0783934053565035,3458879.7989125038,-0.1528168800000173,0.9902640779489849,3259169.6746668946,146.2941259,0.9326922964013424,1300254.209840335,299017.99741954403,0.1100514897394531,0.0698718140034619,190296.83762365315,0.5,187290.0,-0.3109717793598112,0.046875,0.0171432378921718,2.0953693305914523,146.2941259,0.2231449726138237,-0.3999999999999999,198122.3407712717,7.22200074335289,2476689.0501839872,0.0004827419744146,20953.75,1938770.3592197264,267586.0,0.5,0.0229030452200108,-0.4805159559974896,39480.0,0.0806342912131989,0.1046246881892666,-1035036.0,2597455.3000000007,166840.0,-1538505.6499999985,0.0072484699057562,-0.0315482272860481,1635574.200000003,-5668123.0,3313629.0,1.3939999999999912,-504992.5,2782477.0
2025-01-08,2782477.0,2831310.0,150.6317812,31.854166666666668,152.097748,2.2,31.9125,7.203253285547169,1639174.9388491623,150.6317812,152.097748,72.06800000000001,71.86333333333336,-0.1910211000000004,0.0585831740799847,0.0848633506598716,3377088.14333729,-0.1432658250000145,0.566651347829681,3226002.8939022026,146.2941259,1.0096690282468077,830824.0469983965,237552.4738557781,0.0981183458688587,0.1111455594364427,198707.81822300667,-0.3125,283210.0,-0.2813554194207817,-1.2562500000000014,0.0132742521347202,2.0704687366579577,146.2941259,0.3741797821064427,-0.375,198452.46263452875,7.295168191859152,2418846.0411487888,0.0004825090470446,-39697.5,1833457.8416898476,126528.0,0.5,-0.0051653664246963,-1.848443007807255,-36460.0,0.1194589563376518,0.0961659941243649,-666871.0,2476523.25,72510.0,-1832485.559999995,-0.0261885171787786,-0.0379691925684202,1047156.1499999984,-1546472.0,3395050.0,-0.4674999999999869,64065.5,2829730.5
2025-01-09,2829730.5,2843740.0,150.6317812,31.52083333333333,152.097748,2.2,31.875,7.255307676087692,1646087.5725841285,150.6317812,152.097748,71.68800000000002,71.13000000000004,-0.1910211000000004,0.0530038241676038,0.0898109285078666,3213258.0961161074,-0.1337147699999832,0.5190748824108351,3117464.2817757977,146.2941259,1.068533262089985,394292.5663318783,226174.61920284663,0.0840941274476199,0.1500173893350804,198660.2071282975,-0.8125,370960.0,-0.2545596651902313,-0.4281250000000014,0.0108226545382112,2.0656908491385715,146.2941259,0.2855292755407652,-0.3500000000000001,196996.67727804408,7.301739717004424,2348877.390854352,0.0009645526886905,47253.5,1673284.3206081376,53566.0,1.0,2.160762766670321e-05,-0.9938293880160884,12430.0,0.1498341301484558,0.0959824310371999,-1007687.0,1837600.6999999995,15450.0,-922659.6499999984,-0.0013428208996388,-0.0196136872443712,458674.6499999985,-1259241.0,2291561.0,0.4495000000000146,233087.0,2805139.75
2025-01-10,2805139.75,2839300.0,150.6317812,31.375,152.097748,2.2,31.7875,7.371175368745865,1634403.1061489226,150.6317812,152.097748,71.86600000000001,71.31333333333338,-0.1910211000000004,0.0479558409135449,0.093478178127645,2998689.709359056,-0.1241637149999803,0.5094804338708128,2943687.245720934,146.2941259,1.1121646804955865,46833.70287169516,200617.03642162308,0.0850356832473724,0.1259065980910385,196788.08640213264,-0.4375,317510.0,-0.2303158875530666,-0.0718749999999985,0.010681755712891,2.044799501174702,146.2941259,0.2805002276037405,-0.3249999999999997,191072.9767481295,7.300414894491957,2221717.323037205,0.0019272464466393,-24590.75,1513327.7091212205,28509.75,2.0,0.0013586880588945,-0.559893255824079,-4440.0,0.1467717933733783,0.1008165265584761,-1119531.0,1405132.75,-28470.0,-1548329.6700000018,-0.0105673052104534,-0.0327839518444089,-41336.85000000149,-852010.0,2042786.0,1.849500000000006,358177.75,2655178.5
2025-01-13,2655178.5,2818820.0,150.6317812,31.6875,152.097748,2.2,31.625,7.379382016699512,1566737.2368442204,150.6317812,152.097748,71.962,72.53333333333336,-0.1910211000000004,0.0433886179693843,0.0960119211612593,2792254.666017523,-0.1146126600000059,0.4952488077483248,2698779.8023074814,146.2941259,1.1423101066034582,300601.44545534253,162981.1281909924,0.0762363691320513,0.0764853697098382,190461.25989305237,-0.0625,200280.0,-0.2083810411194413,-0.21875,0.0110056638442159,2.1609244488617594,146.2941259,0.2521721570186048,-0.3000000000000002,170953.24721109698,7.350182525491042,2130699.013511329,0.0004808848280837,-149961.25,1376524.896719298,-17034.75,0.5,0.0058621151961203,-0.676212945745597,-20480.0,0.0996147424138693,0.1009996512806274,-452146.0,823013.1999999993,-12490.0,-1525840.7300000042,0.0097865983049574,-0.0328632888788672,98213.85000000148,-79431.0,2086444.0,3.019500000000008,521452.5,2733273.25
2025-01-14,2733273.25,2762830.0,150.6317812,32.020833333333336,152.097748,2.2,31.6625,7.3183719789360415,1494063.4055086763,150.6317812,152.097748,71.702,72.37666666666668,-0.1910211000000004,0.0392563686389451,0.0975005668521036,2591604.733750262,-0.105061605000003,0.4956222829591235,2452474.5513769886,146.2941259,1.1600213970062474,455754.3077929318,96801.49693470774,0.069795849397959,-0.021944761082122,169919.046549229,-0.25,-61990.0,-0.1885352276794947,0.5375000000000014,0.0095182283051504,2.0969111995865823,146.2941259,0.2507476274359229,-0.2750000000000003,158105.49090420804,7.261717935072793,2011161.8121983728,0.0009613073780341,78094.75,1229985.89806248,-127298.5,1.0,-0.0253922034338338,0.123307334801602,-55990.0,0.0222492707579169,0.1021340678599642,146008.0,-25427.89999999851,-80910.0,-1092977.6700000018,-0.0071630694819265,-0.023699095297305,154761.0,1229099.0,1096116.0,-0.235500000000016,246371.5,2704473.75
2025-01-15,2704473.75,2791870.0,150.6317812,31.89583333333333,152.097748,2.2,31.8125,7.189036975326129,1424335.248387944,150.6317812,152.097748,71.708,71.60000000000002,-0.1910211000000004,0.0355176668637966,0.0979917566955544,2433807.919528495,-0.0955105500000002,0.5029824700014601,2168290.4246793813,146.2941259,1.1658653705010782,828064.6118126512,113856.59246473528,0.075688768213456,0.0785625707453323,156616.65238570375,-0.3125,203360.0,-0.1705794917100189,-0.4281250000000014,0.008092202059833,1.8855921169710037,146.2941259,0.2659532238311154,-0.25,141233.4950172683,7.199362471784195,1858801.7879826173,0.0004801920768306,-28799.5,1086165.48649977,-96457.25,0.5,0.0210706276029296,-0.7931981256556924,29040.0,0.0604170712020408,0.0972770593996924,948012.0,708053.5,-47430.0,170077.34000000358,0.0087166274435042,0.0037232382548419,458793.25,494215.0,394069.0,-0.8794999999999931,293590.25,2629377.0
2025-01-16,2629377.0,2720520.0,150.6317812,31.45833333333333,152.097748,2.2,31.5875,7.0879820453154965,1395952.2473834658,150.6317812,152.097748,71.494,70.35000000000002,0.0,0.0321350319243833,0.0975005668520622,2359075.6556023085,-0.0859594949999973,0.611456885662025,1918871.3294229845,146.2941259,1.1600213970062254,692224.8392590657,38458.345563332085,0.0764466462650638,0.00725305728027,139187.80336025465,-1.3125,19590.0,-0.1543338258328743,-1.4781249999999986,0.0074023148714954,1.764694397280645,146.2941259,0.2424089129655151,-0.2250000000000001,126959.27445484058,7.040632148661388,1684533.611137047,0.0004799616030717,-75096.75,952323.6250774662,-100666.0,0.5,-0.0110697122563658,-1.735512589878958,-71350.0,0.0674284247167038,0.0986797700751018,599628.0,666683.1499999985,-98300.0,265715.6000000015,-0.0024332154111263,0.005917401049353,264286.1499999985,-456469.0,-789283.0,-1.100999999999999,247479.0,2510886.0
2025-01-17,2510886.0,2660210.0,150.6317812,31.125,152.097748,2.2,31.5125,7.0218537626606885,1354695.131951686,150.6317812,152.097748,71.068,70.2566666666667,0.0,0.029074552693487,0.0960119211611752,2319936.138840433,-0.0764084399999944,0.6164797532615298,1626178.499549167,146.2941259,1.1423101066034131,222202.1402820125,-19770.544490318745,0.0865212987173409,-0.0357365521241119,124406.99063508752,-0.8125,-98590.0,-0.1396353662297436,-0.3343750000000014,0.0066616484757247,1.7596963703416837,146.2941259,0.23209660023079,-0.1999999999999997,128546.355827749,6.837603823910994,1525948.6067448242,0.0021587910769969,-118491.0,871607.3440094884,-25801.5,2.25,-0.0252945010735806,-0.5523685337000046,-60310.0,-0.0245838985193347,0.1101039378197788,-50132.0,517111.5500000008,-102620.0,-244828.41000000387,0.0095362227900201,-0.0054374915927712,-255733.1000000015,-1715663.0,-1514036.0,-0.7904999999999944,263734.75,2536837.5
2025-01-20,2536837.5,2567110.0,150.6317812,30.75,152.097748,2.2,31.25,6.86510035584148,1279178.9123545385,150.6317812,152.097748,71.316,71.88000000000001,0.0,0.0263055476750651,0.0934781781275169,2287114.954334968,-0.0668573849999916,0.6828114649796877,1468194.87450925,146.2941259,1.112164680495517,416977.74596943706,-102120.9688245738,0.0869757555447834,-0.0923455515523514,126059.8636352662,-2.125,-261180.0,-0.126336759922149,-1.359375,0.0056810178881636,1.7356388176309392,146.2941259,0.2333819596019827,-0.1749999999999998,130336.89427461496,6.50104953066256,1403695.5786217377,0.0007180469123981,25951.5,820682.4836995925,-222387.25,0.75,0.0034227000726811,-1.517619149538099,-93100.0,-0.0798945073694231,0.1111949680120919,-270939.0,241130.5,-224760.0,-1508033.950000003,0.0041316325040606,-0.0328905785624944,-78696.54999999702,-1103983.0,-1285734.0,3.5,395684.5,2619719.25
2025-01-21,2619719.25,2627520.0,150.6317812,31.0625,152.097748,2.2,31.0125,6.638841132305325,1186554.7275764602,150.6317812,152.097748,71.324,72.09333333333336,0.0,0.0238002574202766,0.0898109285076899,2318651.827491651,-0.0573063300000171,0.6889264507931473,1483653.8853990545,146.2941259,1.0685332620898882,135349.43682949245,-37738.49560318561,0.0966212086754818,-0.0837758955564776,127942.01903369442,-1.0,-240250.0,-0.1143046875486111,-0.3968750000000014,0.0029385066022815,1.627547072649011,146.2941259,0.2083257820815547,-0.1500000000000003,127321.65566539856,6.110886230853972,1316914.4695818352,0.0006409949772783,82881.75,733925.7822349055,-167636.25,0.6700000000000728,-0.0063479088055258,-0.5248697067249459,60410.0,-0.094381440662968,0.1181902227066399,-475346.0,43109.25,-93000.0,-1312954.1700000018,0.009392314179569,-0.0290670660845588,-409428.549999997,-568906.0,-1130544.0,-0.9439999999999884,516608.400000006,2680945.75
2025-01-22,2680945.75,2685340.0,150.6317812,30.89583333333333,152.097748,2.2,30.9125,6.343641740149035,1078225.9412615574,150.6317812,152.097748,71.406,72.16333333333336,0.0,0.0215335662373945,0.084863350659637,2383830.438121951,-0.0477552750000143,0.6921493507050267,1536100.9140988735,146.2941259,1.0096690282466767,-202108.93810664865,18168.98016854655,0.0959043664195418,-0.0515556403219711,124765.19006089226,0.25,-145970.0,-0.1034185268296958,-0.7062500000000007,0.006118503781836,1.5216413402721405,146.2941259,0.209360556134636,-0.125,115588.67278069264,5.6554078451389165,1247990.199949387,0.0012716077711487,61226.5,696536.9704995173,-9657.75,1.3299999999999272,0.0126470983185454,-0.7576202108463796,57820.0,-0.0717373252433539,0.1181383080245574,-387446.0,121479.5,25130.0,-806692.8200000003,-0.0056587562019789,-0.0180141134718446,-792881.0,-157157.0,-1048355.0,-1.136499999999998,278216.09999999404,2625050.0
2025-01-23,2625050.0,2683820.0,150.6317812,30.95833333333333,152.097748,2.2,30.95,6.083895458373466,1012641.7600595596,150.6317812,152.097748,71.586,70.80000000000003,0.0,0.0194827504052454,0.078393405356198,2425745.182335748,-0.038204219999983,0.7214693978974009,1633112.2218853938,146.2941259,0.932692296401169,-313532.5154298246,15063.363009637222,0.1063465754794428,-0.0562358021478757,112462.32351622805,-0.9375,-159920.0,-0.0935691433221057,-1.0562499999999986,0.008623601831694,1.4632566418793846,146.2941259,0.2051414444846802,-0.1,106769.30812561775,5.491416843355357,1213241.43534457,0.0004010503700166,-55895.75,667303.2235780407,170059.75,0.4200000000000727,0.025532466710134,-1.081299238384819,-1520.0,-0.0364895199493113,0.1121268585742369,-770541.0,6668.449999999255,116710.0,-695429.4699999988,0.0226147139489686,-0.0156833151949556,-954284.5,-66858.0,-628460.0,-0.8259999999999934,362922.5699999929,2566082.25
2025-01-24,2566082.25,2631630.0,150.6317812,31.02083333333333,152.097748,2.2,30.95,6.015477318507074,932686.0225233878,150.6317812,152.097748,71.748,70.96333333333335,0.0,0.0176272503666439,0.0699801117025071,2454698.1317182127,-0.0286531650000085,0.7029879252330647,1713652.3927788625,146.2941259,0.8325944100754903,-162394.37110317498,-33590.76680080453,0.1223655732338083,-0.0731412672137499,103176.46877908442,-0.375,-207670.0,-0.084657796339048,-0.078125,0.0088527111427876,1.418332601481472,146.2941259,0.1892591185932908,-0.0750000000000001,102305.69574283365,5.284924213977308,1283531.7986341084,0.0018230931495604,-58967.75,691440.4309217111,88212.5,1.9099999999998545,-0.0136537108149902,-0.1301040728243592,-52190.0,-0.0723321531856125,0.1170247569015942,-369116.0,-125202.14999999852,4110.0,-140484.87999999523,0.0039082409842745,-0.0032032584719008,-787659.8500000015,7335.0,-405914.0,-0.4860000000000042,563013.5200000107,2439098.75
2025-01-27,2439098.75,2566080.0,150.6317812,30.625,152.097748,2.2,30.8375,5.94765712396176,771979.3479843664,150.6317812,152.097748,71.124,71.41000000000003,0.0,0.0159484646174234,0.0587950540168397,2401353.401735559,-0.0191021100000057,0.804259834615727,1735965.2560077282,146.2941259,0.6995192223014275,657652.0928114131,-89698.78901025187,0.1682338624764473,-0.0896616314628107,102305.69574283162,-1.875,-252740.0,-0.0765951490686625,-1.6687499999999993,0.0084032826201003,1.412402209005689,146.2941259,0.2393227738332103,-0.0499999999999998,113836.86274996634,4.997575306834353,1455504.0556032576,0.0008765410926276,-126983.5,647206.3064992379,-53637.0,0.9200000000000728,0.0001665894708827,-1.6444989230315628,-65550.0,-0.0852212443248148,0.1149352592275157,878890.0,190167.30000000077,-119260.0,240198.63000000268,0.0024883431237264,0.0054622299926685,148756.5,1757316.0,463007.0,0.2720000000000055,635370.9099999964,2435628.75
2025-01-28,2435628.75,2487850.0,150.6317812,30.95833333333333,152.097748,2.2,30.8875,5.866420140444787,614101.8440517528,150.6317812,152.097748,70.59,70.43333333333335,0.0,0.0144295632252919,0.0427136164727906,2265039.0967436675,-0.0095510550000028,0.747494444177423,1721816.4111039357,146.2941259,0.5081889331801747,435188.7506389022,-151935.5710092755,0.1217529394056818,-0.0995283821299175,113836.86274996452,-0.9375,-274980.0,-0.069300372966885,0.140625,0.0092412269203401,1.6179987639068727,146.2941259,0.2082117999887755,-0.0250000000000003,123512.82859652815,4.88038825031299,1668622.5820317725,0.0003998096144692,-3470.0,627547.0953188465,-241847.0,0.4200000000000727,0.0108797636835962,0.0954533553523973,-78230.0,-0.0813804985239222,0.1062121425901922,846663.0,-718325.6000000015,-195970.0,578929.6000000015,-0.0093082674616191,0.0132640358932039,7127.54999999702,1598506.0,372242.0,-3.495999999999995,636513.5900000036,2545355.5
2025-01-29,2545355.5,2549700.0,150.6317812,30.75,152.097748,2.2,30.8625,5.848590383566408,652070.8250249611,150.6317812,152.097748,70.01599999999999,69.27666666666669,0.0,0.013055319108588,0.0,1671613.5446946209,0.0,0.7510956908671961,1503851.4014250198,146.2941259,0.0,666031.2029590085,-81505.99281791598,0.1350739705882769,-0.0867411448240784,123512.8285965265,-0.625,-242170.0,-0.0627003374462296,-0.5,0.008747637670041,1.7729679992374363,146.2941259,0.2187700431709204,0.0,122924.21493634937,4.842876782081265,1848142.221364187,0.0006280211624098,109726.75,560182.7519082925,-189421.25,0.6599999999998545,-0.0182485598755516,-0.5356612499192579,61850.0,-0.1088967230041855,0.1082180041518062,1013570.0,-1111497.1999999993,-81930.0,978615.9600000008,-0.0063805604661669,0.022385566186293,355333.5,2880588.0,-925797.0,-3.5294999999999987,155042.40999999642,2599328.5
2025-01-30,2599328.5,2619900.0,150.6317812,31.25,152.097748,2.2,31.0125,5.760889254365549,693897.8303319892,150.6317812,152.097748,69.02000000000001,67.29333333333335,0.0,0.0118119553839619,0.0,1032988.8948495636,0.0,0.7475563259871997,1282782.1553193002,146.2941259,0.0,857282.8979152888,-10229.231597162316,0.176893264005585,-0.0369855762868863,122924.21493634768,0.9375,-100620.0,-0.0567288767370648,-0.0437499999999992,0.0081238489655881,2.0753848089613194,146.2941259,0.2205588533861756,0.0,123231.67975065424,4.8076303387206885,2027138.350133163,0.0008748739991251,53973.0,471005.8058086358,-20726.75,0.9200000000000728,-0.0003923137923547,-0.0888125594507585,70200.0,-0.0588351985298434,0.1036883160648777,405789.0,-1210206.6499999985,53820.0,1519256.990000002,-0.0122775516171667,0.0343609322893945,677771.950000003,1793962.0,-1189508.0,-4.917000000000002,449655.5,2564659.0
2025-01-31,2564659.0,2622880.0,150.6317812,30.375,152.097748,2.2,30.5,5.769063045427749,604552.9066781034,150.6317812,152.097748,68.618,67.67666666666669,0.0,0.0106870072521587,0.0,1207615.9694716092,0.0,0.8880604234997932,1186767.0302081176,146.2941259,0.0,955172.4314471632,-6558.828587908763,0.1409208787135193,-0.0140327267396183,123231.67975065258,-2.5625,-37330.0,-0.05132612657163,-2.25,0.0091131715706433,2.10219058678374,146.2941259,0.2968221596835116,0.0,123347.59295283094,4.822393460130696,2106405.3884212035,0.0009501187648455,-34669.5,482571.30023789976,160229.75,1.0,-0.0036633469412727,-2.229163744264969,2980.0,-0.0114279922582422,0.1024437272609301,780877.0,107886.5,135030.0,3172934.68,-0.0032395777960927,0.0717444707973489,869723.700000003,2564760.0,100153.0,-1.5949999999999989,-416484.5,2484135.75
2025-02-03,2484135.75,2564660.0,150.72920884,29.354166666666668,152.097748,2.2,30.1,5.741604832597066,597403.9555516648,150.6317812,152.097748,68.474,68.84000000000003,1.0896825000000092,0.995572411323394,0.2436604143890737,1315807.4336575668,1.0351983749999931,1.1134042377805449,1217569.8791508104,146.2941259,1.138754043089885,881481.8665474355,-58609.41634144122,0.1407879892023862,-0.000954380606986,123347.59295282925,-2.5625,-2450.0,0.1345144569113818,-3.140625,0.0090102707749768,2.018354984166449,146.2941259,0.2384395828421822,0.1899999999999999,122495.85168642338,4.966238092316175,2168631.421416537,0.0003986710963455,-80523.25,499586.9017333688,129030.25,0.4200000000000727,0.0155135130616748,-3.0347195781444967,-58220.0,0.0214159464029828,0.1035702576272498,499023.0,1059904.8999999985,14960.0,2697271.379999995,-0.0255789448779488,0.0603483949066456,878673.049999997,641718.0,1211206.0,0.541000000000011,432071.8400000036,2523647.0
2025-02-04,2523647.0,2548720.0,150.82663648,28.75,153.1874305,2.2,29.6875,5.632576745198163,677042.0304800275,150.6317812,152.097748,68.518,69.59666666666669,1.0896825000000092,0.9007559911973716,0.3353971966937577,1348229.3944448484,0.9807142500000054,1.1102838660248286,1202338.9525770494,146.2941259,1.5674885669607002,523451.6887810156,-67449.47192797065,0.1360987362551159,-0.0299902569723541,122495.85168642172,-1.8125,-78800.0,0.1217035562531547,-1.3125,0.0099373897789512,2.063441874254122,141.201463,0.1685269940228418,0.1799999999999997,115647.9343688004,5.357102516147839,2160522.1802405235,0.0003131167451038,39511.25,506521.8865806385,-61219.75,0.3299999999999272,0.0201151663299245,-1.218912951654545,-15940.0,-0.0207745864683882,0.1033720956503313,-85399.0,1620106.0500000007,-71180.0,1312236.869999997,0.0218489281068864,0.028692858896115,569207.6499999985,-663376.0,1898681.0,-2.2334999999999923,122810.90999999642,2477714.0
2025-02-05,2477714.0,2534770.0,150.92406412,28.9375,153.1874305,2.4,29.4125,5.449444080871938,661133.7548609292,151.1189194,153.1874305,68.714,69.43666666666668,1.0896825000000092,0.8149697063214489,0.3992025125537752,1359909.5284051965,0.9262301250000178,1.148511622651492,1248221.4977897988,141.201463,1.865684568917972,188319.5755637735,-73647.14126816392,0.1444106455614417,-0.0560711120379542,115647.93436879864,-1.5,-150570.0,0.1101127413719016,-1.25,0.0113138209562182,2.10090932693544,141.201463,0.165336457696519,0.1699999999999999,112246.4949217877,5.616286350295423,2088298.0298167856,0.0004363291439413,-45933.0,509594.55884785,-75681.5,0.4600000000000364,-0.0018938799965498,-1.1028260038779223,-13950.0,-0.0366727274306206,0.1044168550614892,-599142.0,740210.6000000015,-88110.0,-278309.8999999985,0.0062437160673924,-0.0058717114963817,244029.95000000295,-2102483.0,811224.0,-1.7109999999999843,-317717.3400000036,2503483.5
2025-02-06,2503483.5,2527850.0,151.02149176000003,29.375,153.1874305,2.4,28.975,5.218599227361322,679967.9764398778,151.1189194,153.1874305,69.294,68.66000000000003,1.0896825000000092,0.7373535438146632,0.4471962622584227,1347604.4301835012,0.8717460000000017,1.1889534042028556,1355849.9526869548,141.201463,2.0899847559472637,-233591.8125851601,-72894.08019500552,0.1458229871461352,-0.0581149257401762,112246.49492178588,-1.4375,-155970.0,0.0996258136221968,-1.5062500000000014,0.009135988538149,2.120531897029641,141.201463,0.1748839491078729,0.1600000000000001,99869.11982673958,5.747865599286346,1982555.993457083,0.0001611817466413,25769.5,505371.8303501733,-86945.0,0.1700000000000727,0.0240645723809359,-1.337080670175261,-6920.0,-0.0758059912252979,0.0958346212997998,-1064739.0,855788.3000000007,-36810.0,346508.4600000009,-0.0035020848782979,0.0073114975438604,-209765.1000000015,-1449674.0,975826.0,-1.4184999999999943,-136966.15999999642,2416381.75
2025-02-07,2416381.75,2541170.0,151.1189194,28.916666666666668,153.1874305,2.4,28.8125,5.106792045999323,724346.7299006257,151.1189194,153.1874305,69.452,69.23333333333335,1.0896825000000092,0.6671293967847021,0.4841041544915758,1376155.9567441323,0.817261875000014,1.2750612730363713,1364968.7582454332,141.201463,2.262474865215617,-778988.068529427,-53900.35827167146,0.1384133464849238,-0.034374133141817,99869.11982673751,-3.375,-90460.0,0.0901376408962733,-2.3187500000000014,0.008821506255926,2.056198011661876,141.201463,0.1731574391910503,0.1499999999999994,91647.18760477591,5.819997716592399,1864823.6071593617,0.0009858941301379,-87101.75,516313.2526880496,19347.75,1.0399999999999636,0.0159127925009514,-2.114501558729998,13320.0,-0.0463101655206567,0.1026856895994278,-1389204.0,1086523.0,-7550.0,-942118.1799999996,-0.0049529920592609,-0.0200254021352191,-830211.8500000015,-2564863.0,1301360.0,-0.2014999999999958,5811.930000007153,2391367.5
2025-02-10,2391367.5,2462060.0,151.1189194,28.5625,153.1874305,2.4,28.9375,4.936766894386005,741821.8169718753,151.1189194,153.1874305,69.482,70.12000000000002,1.0896825000000092,0.6035932637576025,0.5123276805751795,1566723.6580423915,0.7627777499999979,1.3146911534442205,1367767.26604203,141.201463,2.3943783363579123,-693205.1096218675,-120342.70510294102,0.1480655004237597,-0.0405365382217234,91647.18760477367,-1.375,-104020.0,0.0815531036680567,-1.84375,0.0089835657416781,1.8946570304839527,141.201463,0.176123514117568,0.1399999999999996,96473.41520791846,5.892784414687172,1732496.006725442,0.0004356390635653,-25014.25,540953.0914898278,-107265.25,0.4600000000000364,-0.0111459265095586,-1.6303823626604732,-79110.0,-0.0583381534243495,0.1025511164989527,-1061081.0,719508.6000000015,-72710.0,-2358376.990000002,-0.0003019538881202,-0.0500503190367366,-796819.799999997,-4087542.0,541741.0,1.3109999999999928,-605484.4300000072,2273568.0
2025-02-11,2273568.0,2254930.0,151.1189194,28.479166666666668,153.1874305,2.4,28.8125,4.741300177114716,704605.1585432623,151.1189194,153.1874305,69.56,70.04000000000002,1.0896825000000092,0.5461081910187886,0.5332475566193657,1600832.7182673432,0.7082936250000103,1.24049014081967,1377229.8092402944,141.201463,2.4921479863272378,-520389.28965788335,-296284.82842647005,0.1106827998223981,-0.0936230078179954,96473.41520791632,-2.6875,-232920.0,0.0737861414139562,-1.2250000000000014,0.0075794825170931,1.9141126843593728,141.201463,0.1538418758894603,0.1299999999999999,104759.68142077458,5.863305404227244,1598194.9666282798,0.0002366572634846,-117799.5,560789.5925422651,-86346.5,0.25,0.019869229812497,-1.0792745185975718,-207130.0,-0.0195692158835307,0.1061025978957753,-496543.0,297185.44999999925,-272920.0,-3175377.710000001,-0.0045930078446401,-0.0665156894314518,-653949.299999997,-2340980.0,1024321.0,-1.308000000000007,358777.0,2285846.5
2025-02-12,2285846.5,2332300.0,151.1189194,28.45833333333333,153.1874305,2.4,28.525,4.4722918593013965,702916.9261536858,151.1189194,153.1874305,69.84200000000001,70.08666666666669,1.0896825000000092,0.4940978871122468,0.5477013287065718,1608814.929340289,0.6538095000000226,1.273992603825618,1378317.4438378315,141.201463,2.5596981111328163,-234807.6906428486,-198065.7971477588,0.1103407473120561,-0.0852649331293877,104759.6814207726,-2.8125,-217400.0,0.066758889850722,-1.8656250000000012,0.0075959228721678,1.9137300997636095,141.201463,0.1410308111670156,0.1199999999999996,109038.76860945462,5.7837271492457205,1457735.6759913245,0.0002366012700756,12278.5,562618.4162994501,-229915.5,0.25,0.0255641812078588,-1.7116055168263742,77370.0,-0.066537541897549,0.110527664682462,391717.0,77413.39999999851,-208870.0,-1428142.630000003,-0.0011557194613246,-0.0309765200046197,-358321.299999997,402210.0,1240018.0,0.1655000000000086,121583.37999999525,2353743.75
2025-02-13,2353743.75,2366140.0,151.1189194,28.3125,153.1874305,2.4,28.3,4.1424541417957945,702733.4214922439,151.1189194,153.1874305,69.58,68.82333333333337,1.0896825000000092,0.447040945482513,0.556193328585309,1718861.3249258678,0.5993253750000065,1.3391675229792477,1415711.6980871672,141.201463,2.599385719889621,-220141.86296257377,-148585.24503844837,0.1094067515687173,-0.0968586587274323,109038.76860945272,-3.3125,-253760.0,0.0604009003411292,-1.8093749999999995,0.0075761790834398,1.9854709106019448,141.201463,0.1458988484352586,0.1099999999999998,109966.71808838408,5.648356328225386,1303027.423634828,0.000548785103323,67897.25,564438.5065671398,-130535.25,0.5799999999999272,-0.0524137978206696,-1.6051430866524363,33840.0,-0.1019539313860087,0.1067915158538845,370396.0,156518.94999999923,-95920.0,-947768.0200000032,0.0011194395580881,-0.0211736178490281,-334788.6499999985,331003.0,1533997.0,-2.25,68654.10000000894,2387385.0
2025-02-14,2387385.75,2390250.0,151.1189194,28.291666666666668,153.1874305,2.4,28.4375,3.986547114462645,700640.8475921379,151.1189194,153.1874305,69.26200000000001,68.7366666666667,1.0896825000000092,0.4044656173413443,0.5589953278231465,1825381.0450013175,0.5448412500000188,1.294694385802566,1425024.7769767365,141.201463,2.612480944933846,94152.362081483,-112620.45979669131,0.1109777270773525,-0.0886925821997194,109966.7180883822,-0.125,-232630.0,0.0546484336419741,-0.8625000000000007,0.0076137195150187,2.006040876952516,141.201463,0.1251517972465515,0.0999999999999996,112274.38496403796,5.478741307623872,1137537.2089036158,0.0009834887371626,33642.0,563481.4589750497,-37623.75,1.0399999999999636,-0.0426914378463602,-0.7171532688760145,24110.0,-0.0944800743730543,0.1123242852773054,576563.0,-70.80000000074506,135320.0,-197029.9399999976,0.0062766333366135,-0.0044213399366439,-17085.89999999851,-1654831.0,142122.0,-1.3400000000000034,206170.26999999583,2254188.0
2025-02-17,2254188.0,2387380.0,151.1189194,28.3125,153.1874305,2.4,28.375,3.820446756879124,738807.2399794619,151.1189194,153.1874305,69.20599999999999,69.06000000000002,0.0,0.3659450823564611,0.5561933285853482,1981679.2629780767,0.4903571250000027,1.3279943821208238,1434577.3333483604,141.201463,2.5993857198895998,153752.85140705854,-104491.3683874826,0.1228398072965872,-0.0691241724049191,112274.4194590142,0.3125,-177280.0,0.0494438209141669,-1.4375,0.0069772821912736,1.6077518628930347,141.201463,0.1381186851734483,0.0899999999999998,122770.59858834204,5.285980738566209,988829.1718411136,0.0005479452054792,-133197.75,563248.4898251796,113817.0,0.5799999999999272,-0.0059204599255371,-1.270876767078299,-2870.0,-0.0691218598651907,0.120141015841552,391483.0,-1075059.1499999985,55080.0,-605283.4599999934,-0.0006380667896455,-0.0135483232310564,60341.0,-3018293.0,-1916419.0,1.5584999999999951,444353.900000006,2391724.0
2025-02-18,2391724.0,2407000.0,151.1189194,28.39583333333333,153.1874305,2.4,28.25,3.5971119996380128,772134.2810895417,151.1189194,153.1874305,69.124,69.28000000000003,0.0,0.3310931697510852,0.5477013287066517,2077856.5490370728,0.435873000000015,1.2916538447286705,1425659.7666338775,141.201463,2.5596981111327715,635981.4369873405,-76788.38092200784,0.1152610157126729,-0.0556043818073386,122770.62559025992,-1.25,-141720.0,0.0447348855890079,-1.1593750000000007,0.0055803983887063,1.6073273010298927,141.201463,0.143438060567485,0.08,118791.07228770047,5.024642851939138,894591.5301946384,8.497941609708626e-05,137536.0,577571.1369325246,-31658.5,0.0900000000001455,0.0408209867663184,-1.0367456464041744,19620.0,-0.0925664992341903,0.1132932646383476,949164.0,-1057983.6000000015,40860.0,244275.5399999991,0.0064405503326605,0.0055752883759014,570329.1499999985,-469876.0,-2529492.0,-1.1680000000000064,563271.5399999917,2401579.0
2025-02-19,2401579.0,2429850.0,151.1189194,27.95833333333333,153.1874305,2.4,28.1375,3.405239732042161,826643.3399461769,151.1189194,153.1874305,68.648,69.06333333333335,0.0,0.2995604869176702,0.5332475566194885,2113851.362368407,0.3813888750000274,1.3018640166162678,1422256.3250681956,141.201463,2.492147986327169,478330.8239409253,-48801.3922627694,0.1175173997632862,-0.0413923156736114,118791.0964061044,-2.0,-104920.0,0.0404744202948164,-1.734375,0.0026930561575992,1.622845129947387,141.201463,0.1417015394008994,0.0699999999999998,107309.23150853158,4.576280120022084,807193.236840107,0.0001982684554888,9855.0,569934.2943086543,37980.25,0.2100000000000363,-0.0153475068153891,-1.616579394365683,22850.0,-0.0522747436547187,0.1195308404458253,517659.0,-1275380.8000000007,39600.0,-312075.8900000006,-0.0204154334558495,-0.0070340640847781,411271.6499999985,645405.0,-1910080.0,-1.5249999999999917,246118.8100000024,2410220.0
2025-02-20,2410220.0,2414500.0,151.1189194,27.916666666666668,153.1874305,2.4,28.1375,3.170548516556471,868731.7968891468,151.1189194,153.1874305,68.72200000000001,68.0166666666667,0.0,0.2710309167350431,0.5123276805753523,2144280.980858382,0.3269047499999828,1.290320110220399,1394092.592482439,141.201463,2.394378336357816,473039.22166083753,-58041.73585679149,0.1019487438684702,-0.04484047708527,107309.25306929892,-1.125,-113350.0,0.0366197136000718,-1.1062499999999993,0.0034664281960743,1.5961315075764226,141.201463,0.1563544208696384,0.06,98862.78584052232,4.3458896188251686,768557.148218972,0.0004719741735732,8641.0,548404.1410280006,14194.0,0.5,0.0103662738614243,-1.0102384996641902,-15350.0,-0.0307279209787731,0.1103121961886752,486376.0,-1153824.1000000015,27120.0,187112.41999999437,0.0094236604037487,0.0042457414447436,394569.700000003,1531327.0,-1971240.0,-1.1640000000000017,468197.5,2364529.5
2025-02-21,2364529.0,2457130.0,151.1189194,27.89583333333333,153.1874305,2.4,28.0125,3.1073603624549104,884652.8391629617,151.1189194,153.1874305,68.696,68.02333333333335,0.0,0.2452184484745601,0.4841041544918062,2192307.606109521,0.2724206249999952,1.1742640122186343,1376741.2569995015,141.201463,2.2624748652154927,117146.9624550417,-13943.95148947835,0.1019396802158218,-0.03307138050583,98862.80495451782,0.0625,-84040.0,0.0331321218286362,-0.7531250000000007,0.0035014328231683,1.5278264574928164,141.201463,0.1294742577377516,0.0499999999999998,95023.2993447413,4.123775224879015,831915.6048551773,0.0009435030380797,-45691.0,523413.0736845504,156032.0,1.0,-0.0173665650117761,-0.7443824520771258,42630.0,-0.0372534909856605,0.1144695265471421,-406359.0,-739813.8999999985,50130.0,4254.660000003874,0.0032107972832008,9.65689750151988e-05,13685.0,566072.0,-1860704.0,-0.7069999999999936,604872.6299999952,2348398.0
2025-02-24,2348398.5,2408910.0,151.1189194,27.979166666666668,153.1874305,2.4,27.9375,3.053463736574996,904806.8534650084,151.1189194,153.1874305,68.40400000000001,68.65333333333335,0.0,0.2218643105246087,0.4471962622587234,2213977.768070767,0.2179365000000075,1.1841885962869303,1394089.159278182,141.201463,2.0899847559471016,219822.72793551532,-56243.5751571469,0.0821689862840667,-0.0215876136243633,95023.29824827236,-0.6875,-53150.0,0.0299766816544804,-1.0874999999999986,0.0029463759575723,1.3704562244604654,141.201463,0.163275331044546,0.0399999999999995,96477.24471321836,3.8557400477535295,979740.0915123448,0.0002356534198024,-16130.5,523159.54360855225,-27194.5,0.25,0.0020698400803056,-1.0693222185459703,-48220.0,-0.0214586333471522,0.1134880847819231,-173244.0,-848415.3999999985,-20940.0,-224689.2400000021,0.0010856501611029,-0.0051002801063152,140349.20000000298,15309.0,-1710991.0,0.7785000000000082,568737.1200000048,2282895.0
2025-02-25,2282898.0,2363830.0,151.1189194,28.0625,153.1874305,2.4,27.9375,2.984331186829877,920384.5325880144,151.1189194,153.1874305,68.27799999999999,68.54000000000003,0.0,0.200734376188933,0.3992025125541676,2206804.9423831706,0.1634523749999914,1.0003854109251056,1407088.136892365,141.201463,1.8656845689177597,124306.80146546662,-91673.71085646607,0.0801099656842445,0.0482941820810403,96477.26272105797,-0.625,108900.0,0.0271217595921489,-0.421875,0.0035080288744846,1.3871288028853035,141.201463,0.1680886934146704,0.0299999999999998,101159.71144142128,3.663717518135222,1135533.449065101,0.000471195800703,-65500.5,523294.4820898504,-53181.0,0.5,-0.0063822883993882,-0.5151010548749255,-45080.0,-0.0179685891022605,0.1158073775588878,-300177.0,-881841.9499999993,-50670.0,-341172.48999999464,0.0065073929864221,-0.0077087672600898,54056.25,219145.0,-1411270.0,-1.2199999999999989,219697.87999999523,2275036.0
2025-02-26,2275036.0,2320070.0,151.1189194,27.75,153.1874305,2.4,27.8875,2.9032116519201216,925476.446943523,151.1189194,153.1874305,68.498,68.73333333333336,0.0,0.1816168165518945,0.3353971966942889,2117753.707540177,0.1089682500000037,0.9039558075319448,1406673.8903893526,141.201463,1.5674885669604115,424123.2489449456,-122535.2622034694,0.0794623769439265,-0.0052437508039274,101159.92871891984,-0.8125,-12230.0,0.024538734869087,-1.2406250000000014,0.0033413107511044,1.3627930877446262,141.201463,0.2529188009949452,0.02,100603.19351408289,3.3958247971132547,1299286.4028091482,0.0002354869398943,-7862.0,527348.7294459776,-127325.0,0.25,0.034379589632108,-1.3708057163154097,-43760.0,0.004102362454081,0.1082801564644082,387845.0,-1003114.0,-137060.0,655709.8699999973,0.0144915170333221,0.0148813573299173,392479.799999997,1702453.0,-1333137.0,-0.045500000000004,430820.5,2193656.0
2025-02-27,2193656.0,2312080.0,151.1189194,27.77083333333333,153.1874305,2.4,27.85,2.860810706049259,888001.1423004348,151.1189194,153.1874305,68.85600000000001,68.77000000000002,0.0,0.1643199768803072,0.2436604143898961,2023747.5526054115,0.0544841249999876,0.6244981537810861,1430916.1344398812,141.201463,1.1387540430894358,977058.0347597152,-118094.28485075803,0.0763818392402614,-0.0228473378582839,100603.38547724938,-0.1875,-54060.0,0.0222017125006024,-0.5031250000000007,0.00491463807464,1.1905332728188278,141.201463,0.2061777354255863,0.0100000000000002,99075.75729108044,3.1484781620487494,1480498.1299243493,0.0004708629977021,-81380.0,564958.4599476235,-89493.5,0.5,0.0031689687371953,-0.731324219523465,-7990.0,-0.0047293201883853,0.1054190063208761,917813.0,13636.25,-96830.0,2633538.2700000037,0.0189489814863528,0.0600858318483268,1023510.799999997,3011660.0,-353702.0,0.6670000000000016,452468.3700000048,2205800.0
2025-02-28,2205800.0,2247600.0,151.1189194,27.6875,153.1874305,2.4,27.8125,3.0064271505620983,888206.9502148137,151.1189194,153.1874305,68.574,68.5166666666667,0.0,0.1486704552726792,0.0,1845422.8945416645,0.0,0.610388411714156,1570975.5061188946,141.201463,0.0,438058.6028778404,-165186.2577221142,0.0759674771166894,-0.0596799497960464,99075.91180685148,-0.8125,-142650.0,0.0200872636910212,-0.2687500000000007,0.0048995725513629,1.2893139750736853,141.201463,0.1755679963491811,0.0,96175.11873990735,3.022569967855183,1626844.3946753023,0.0018825655603456,12144.0,553250.0531216009,-154742.0,2.0,0.0544518507371474,-0.4920314367117093,-64480.0,-0.0680140945674311,0.1197695969743899,507356.0,114530.80000000076,-116230.0,4885938.869999997,0.0140185797749119,0.1112550679987345,540436.8999999985,3057463.0,-106553.0,-2.1060000000000088,255785.87999999523,2290050.0
2025-03-05,2290050.0,2295600.0,151.1857175,27.625,153.1874305,2.4,27.675,3.082823210708097,866777.2861301838,151.1189194,153.1874305,68.716,69.0166666666667,-2.6226647000000014,-2.23837574522949,0.586445655139175,1698329.580977318,-2.4915314650000084,0.6608469943920706,1630620.789507554,141.201463,2.0588547603762875,1220092.783556141,-106025.6617485797,0.0780338609581691,-0.0384438170714339,96175.2410937959,-1.0625,-91780.0,1.1943646671490191,-1.1687499999999993,0.0051553497091498,1.221201306739995,141.201463,0.2078592954806118,1.2350000000000003,92859.3576462487,2.9313772584965374,1773285.8075650984,0.0,84250.0,620921.5657588062,-77095.0,0.0,-0.0525825904709185,-1.293385585596308,48000.0,-0.0760602081356798,0.1131775488943825,1073360.0,613525.0,-24470.0,3413673.0500000045,-0.013087327351296,0.0763374191083081,1416147.6000000015,1524068.0,1480915.0,1.4279999999999973,270616.75,2270181.25
2025-03-06,2270181.25,2327820.0,151.2525156,27.89583333333333,150.5647658,2.4,27.75,3.116574705642479,811009.989176691,151.1189194,153.1874305,69.03999999999999,68.84666666666668,-2.6226647000000014,-2.0251971028266667,0.8072391620935333,1656967.5339945722,-2.360398229999987,0.5984492019924933,1725336.9976912315,141.201463,2.834002054707653,1285418.5660746023,-66776.55110585783,0.0695735304521698,-0.0328957208142915,92859.46374305962,0.375,-79180.0,1.0806156512300649,0.4375,0.00279309077545,1.2131797063932928,150.4089414,0.1962216766387154,1.17,85110.1696843437,2.715925741184614,1915694.352191124,0.000234878520829,-19868.75,714239.961446713,15014.0,0.25,0.0118890696907894,0.2434844701747707,32220.0,0.0159090546130136,0.1099551010256798,618210.0,1012841.3000000007,15740.0,1877276.309999995,-0.0426131628731216,0.0404035582167006,1556848.1499999985,329288.0,1861286.0,0.2694999999999936,335476.3700000048,2262289.25
2025-03-07,2262289.25,2305680.0,151.3193137,28.125,150.5647658,3.7,28.0375,3.2263348524389874,808748.8490059379,151.4529099,150.5647658,68.976,69.40333333333335,-2.6226647000000014,-1.8323211882717487,0.960806783467896,1609193.825957043,-2.229264994999994,0.5281060219234066,1809622.9940221964,150.4089414,3.373137140006309,432156.4169246405,-80448.308143395,0.069983318949637,-0.0511019198715969,85110.25605212888,1.1875,-124170.0,0.9776998749224396,0.5406249999999986,0.0076619542122351,1.2159851972801796,150.4089414,0.2293385584850083,1.1050000000000004,80100.32955996328,2.968768794962526,1966715.1715668424,0.0013244037834738,-7892.0,733663.3498813222,76525.25,1.4099999999998545,-0.0108255634660189,0.2768430920628866,-22140.0,-0.0508180500760121,0.1199560685348698,303326.0,746243.1999999993,58080.0,-456896.1600000039,0.043539130103747,-0.0093621485508186,713766.8500000015,-841555.0,1864762.0,-0.4310000000000116,-555822.950000003,2138846.25
2025-03-10,2138846.25,2262290.0,151.3861118,28.45833333333333,150.5647658,3.7,28.0875,3.2716390550272805,779152.8076798184,151.4529099,150.5647658,69.42999999999999,69.96000000000002,-2.6226647000000014,-1.657814408436337,1.0763188827912389,1515773.789097532,-2.098131760000001,0.475337483985049,1750137.777487674,150.4089414,3.7786694062768063,115218.18674133718,-112044.18355830944,0.0907883147159665,-0.0630399668668461,80100.39478911189,0.0625,-152210.0,0.8845856011203024,-0.03125,0.0072396527171665,1.394742383307385,150.4089414,0.2422391935954458,1.04,79580.03742923595,3.217628212804621,1948529.372532642,0.000272034820457,-123443.0,731459.5109699268,56489.25,0.2899999999999636,0.0375121307958066,-0.3149991071811975,-43390.0,-0.0579992371685461,0.1088659803704413,-911949.0,80267.85000000149,-33310.0,-1553287.5200000033,-0.0169109264486336,-0.0322714859653167,366563.049999997,-2026031.0,1082567.0,2.902999999999992,-687394.0900000036,2159499.75
2025-03-11,2159499.75,2188770.0,151.4529099,28.416666666666668,150.5647658,3.7,28.1875,3.3365810977961754,729765.1844266219,151.4529099,150.5647658,69.91799999999999,69.98000000000003,-2.6226647000000014,-1.499927321918591,1.1651493688375911,1518069.3169685048,-1.966998525000008,0.483953020770422,1748633.7485416438,150.4089414,4.090529622923459,121712.35943263768,-167891.40417180397,0.0855568949026147,-0.1092168505532877,79580.05786758116,0.3125,-268360.0,0.8003393533945591,0.3874999999999993,0.0067580596288576,1.380472363856995,150.4089414,0.2355868866008844,0.975,82174.75503431165,3.3998527444958166,1937091.7143945736,0.0003188506372324,20653.5,687237.0652221177,-151203.75,0.3400000000001455,-0.0018852648170024,0.1108341411217708,-73520.0,-0.1125929375741633,0.1055247818414756,-1093276.0,451143.69999999925,-139050.0,-2310665.099999994,-0.0104733440326193,-0.0477998562043093,311140.200000003,-1893395.0,1025647.0,0.2175000000000011,562873.5800000131,2272936.75
2025-03-12,2272936.75,2287570.0,151.4529099,28.375,150.5647658,3.7,28.4875,3.3667546064521754,702872.5150949297,151.4529099,150.5647658,69.618,70.08666666666669,-2.6226647000000014,-1.3570771007834708,1.2330781880752315,1508597.4126603294,-1.8358652899999868,0.4891503778004167,1745059.6778028605,150.4089414,4.329009645119308,170380.56329619884,-62511.270441156346,0.0869796866754315,-0.0503713297715564,82174.74397817488,0.8125,-121340.0,0.7241165578331725,0.4437500000000014,0.0081705346650999,1.2703890825479998,150.4089414,0.2298148501285683,0.91,79234.22678531086,3.708922208325757,1851508.399427006,0.0001968743847675,113437.0,633538.9829012548,-110681.5,0.2100000000000363,-0.0188229024056977,0.1568261276816009,98800.0,-0.0867105908384733,0.1032928217996918,-218901.0,494329.6499999985,-18110.0,-2483933.2799999937,0.001990900718917,-0.0513786901423165,300324.8999999985,-121678.0,1210892.0,-0.1060000000000087,22171.839999988675,2232180.0
2025-03-13,2232180.0,2285400.0,151.4529099,28.52083333333333,150.5647658,3.7,28.4625,3.3516193652534585,686712.5056125238,151.4529099,150.5647658,69.534,69.02000000000002,-2.6226647000000014,-1.2278316626136243,1.2834284693997384,1595578.281917598,-1.7047320549999938,0.4652390443826476,1738689.5948254226,150.4089414,4.505776094802906,299056.89060132205,-58521.149446760304,0.0911315012225674,-0.0331792049343649,79234.20056860865,0.25,-78430.0,0.6551530761347752,0.3999999999999986,0.0072576131536208,1.2689299263155758,150.4089414,0.237940526851115,0.8450000000000002,80250.69056727157,3.862013757510425,1758422.5708825465,0.000234328134373,-40756.75,581952.9235707301,10647.5,0.25,-0.0432955615953859,0.0853426869500175,-2170.0,-0.0321330753986334,0.1032001753601457,246065.0,82178.44999999925,23110.0,-435928.3399999961,-0.0107676174756737,-0.0093589833882942,380956.700000003,2474775.0,822054.0,-0.1440000000000054,-41291.12999999523,2335574.75
2025-03-14,2335574.75,2339960.0,151.4529099,28.5,150.5647658,3.7,28.4125,3.3851422656983257,691757.9512890949,151.4529099,150.5647658,69.108,68.05333333333336,-2.6226647000000014,-1.1108953137932644,1.318216031680398,1634781.2310022097,-1.5735988200000008,0.4711670141894328,1732003.348176364,150.4089414,4.627905976021802,230235.56768690795,-3583.89711849764,0.0916428235546857,0.0085730171934468,80250.65959315209,1.1875,19890.0,0.5927575450743205,0.3187500000000014,0.0078346467528416,1.3594188967520808,150.4089414,0.2351248957619608,0.7800000000000002,80913.85910791374,4.006465301305681,1652259.5251261264,0.001321301059852,103394.75,541213.7673600233,93333.75,1.4099999999998545,0.0036868477039145,0.0206671929547788,54560.0,-0.022215213577497,0.1111655735585526,182173.0,586462.5,151190.0,121218.23999999464,-0.0013529225744771,0.0026334757078927,272119.049999997,1409786.0,1458536.0,-2.3774999999999977,286488.2199999988,2346305.5
2025-03-17,2346305.5,2374730.0,151.4529099,28.5,150.5647658,3.7,28.5125,3.4004310486927207,681865.0485007176,151.4529099,150.5647658,68.164,67.53666666666669,-2.6226647000000014,-1.0050957600986692,1.3386547083722815,1595161.3211249183,-1.442465585000008,0.4804033906626663,1681216.6332537814,150.4089414,4.69966073528068,61543.32314530015,28215.99784516916,0.0941549247262907,0.0270968132590567,80913.83445261969,0.75,62650.0,0.5363044455434327,0.4156249999999986,0.0064841696507889,1.3742178636761524,150.4089414,0.20626655144525,0.7149999999999999,80629.47219280154,4.094819705565901,1524509.5857327762,0.0003556254328336,10730.75,485045.7349365869,176075.0,0.3800000000001091,0.0058690709558108,0.1317941269590861,34770.0,0.0266100184788284,0.1027911793513159,-46644.0,255741.8999999985,87160.0,-426065.7100000009,-0.0095058816096186,-0.0092902373315617,53338.75,-588193.0,36174.0,-1.462999999999994,324159.0799999982,2288358.0
2025-03-18,2288538.0,2346310.0,151.4529099,28.9375,150.5647658,3.7,28.775,3.4264506725840413,674455.5814467967,151.4529099,150.5647658,67.69,66.90666666666668,-2.6226647000000014,-0.9093723543749944,1.3453986034889218,1526709.060592603,-1.311332350000015,0.5923286311110351,1653811.948827664,150.4089414,4.723336757846005,385997.0542743206,-184.57337818015367,0.0852083378386813,0.0439179569318384,80629.44654016185,1.8125,98710.0,0.4852278316821534,1.6156250000000014,0.005634936606963,1.4327209115982324,150.4089414,0.216494785096084,0.6500000000000004,77385.17079276957,4.2091190164656895,1395591.5998667288,0.0001964599782959,-57767.5,459307.5648505805,73368.75,0.2100000000000363,0.0015080754386845,1.2501946862963145,-28420.0,0.0695867993887828,0.0994635690456909,158285.0,-49685.949999999255,60910.0,-686925.5500000045,-0.0037822378323829,-0.0148869913919919,359813.450000003,-1340324.0,-397110.0,-1.7595000000000027,497871.700000003,2392030.0
2025-03-19,2392030.0,2397160.0,151.4529099,29.4375,150.5647658,3.7,29.05,3.453769070247776,656548.8728838422,151.4529099,150.5647658,67.204,66.91333333333336,0.0,-0.822765463482142,1.3386547083722542,1404157.1217124157,-1.1801991149999935,0.7080946450248184,1606814.5727957464,150.4089414,4.699660735280702,580790.2395815253,45840.1478959322,0.0922196998594752,0.0442411569959924,77384.90991905793,2.875,101560.0,0.4390156572362338,1.6499999999999986,0.0052294752239898,1.400114562983426,150.4089414,0.1634965101480436,0.5850000000000004,80459.241468387,4.275779276469637,1301727.5020570888,0.0004676699746521,103492.0,444463.6566363391,56178.0,0.5,-0.0114440560165722,1.2442237637919042,50850.0,0.0374276906337835,0.1021637385746105,458800.0,22154.39999999851,57200.0,-404229.1199999973,-9.817413850153613e-05,-0.0087588429246845,548124.950000003,119748.0,-766782.0,-2.035499999999999,550379.5,2361583.0
2025-03-20,2361583.0,2392030.0,151.4529099,29.979166666666668,150.5647658,3.7,29.3875,3.4185005563491178,638505.2796227261,151.4529099,150.5647658,66.892,66.90000000000002,0.0,-0.7444068479124155,1.3182160316803428,1289458.1668495925,-1.049065880000029,0.8254970093810384,1553371.4754621298,150.4089414,4.627905976021848,276757.8358118534,36832.9909534622,0.093071354981306,0.0275837478842866,80459.81559656559,1.5625,64210.0,0.3972046422613542,1.8031250000000012,0.0069632778714359,1.4250407196414316,150.4089414,0.1671673488119476,0.52,78779.7479218071,4.248186486147447,1251941.429190131,0.0001869805446741,-30447.0,444205.8530579534,56455.25,0.1999999999998181,-0.0204864133876664,1.3519167386688655,-5130.0,0.0445317787821226,0.1034528886643912,346114.0,-277993.6000000015,17300.0,235703.3900000006,0.0028908460943291,0.0051876373875765,246811.1499999985,955201.0,-1410286.0,-1.1460000000000008,397153.1899999976,2433538.25
2025-03-21,2433538.25,2435860.0,151.4529099,29.875,150.5647658,3.7,29.6,3.4320425100226646,593940.0473979249,151.4529099,150.5647658,66.99199999999999,66.89000000000003,0.0,-0.6735109576350453,1.283428469399653,1220559.007713408,-0.9179326450000076,0.8338231838769696,1491634.341431041,150.4089414,4.505776094802977,453379.66097263247,72980.8013388468,0.1233946382917381,0.0564605669477118,78780.15003950232,0.8125,130180.0,0.3593756287126539,1.015625,0.003888564334745,1.4579303102268906,150.4089414,0.124243884720622,0.455,81408.10867174597,4.085058106915198,1228176.228736053,0.0014020919211463,71955.25,446208.3309175504,15277.5,1.5,0.0049557839700433,0.6011389540337362,43830.0,0.0402618733636355,0.114786688422709,205375.0,106240.05000000076,89550.0,423117.75,0.0042188349931871,0.009308344705339,428161.049999997,771474.0,-698895.0,-1.4634999999999962,550650.0,2487679.75
2025-03-25,2487679.75,2506950.0,151.4529099,29.70833333333333,150.5647658,3.7,29.775,3.4063786916025487,546631.2078617326,151.4529099,150.5647658,67.354,67.78666666666669,0.0,-0.6093670569078995,1.23307818807511,1146838.712656011,-0.7867994100000146,0.8516383205002076,1434764.4156981723,150.4089414,4.329009645119404,881180.7884990498,130349.7726399093,0.1155816893539029,0.1081470545332383,81408.68686410427,1.375,244660.0,0.3251493783590677,0.8812500000000014,0.0044329718241771,1.4638446135557444,150.4089414,0.1159781453927514,0.3900000000000001,88777.16516354174,4.031525602577806,1226545.2004662522,0.000233354801975,54141.5,483615.2414688482,145180.25,0.25,-0.0005634947506165,0.4873400060305251,71090.0,0.0756972168788761,0.1073405198756208,470003.0,43219.699999999255,109790.0,353679.5,0.0040516707643808,0.007731249766445,881919.200000003,-282035.0,2760.0,0.6890000000000072,261631.1700000018,2439966.25
2025-03-26,2439966.25,2512180.0,151.4529099,29.77083333333333,150.5647658,3.7,29.8875,3.412430064997641,528325.3396900683,151.4529099,150.5647658,67.49600000000001,67.91333333333336,0.0,-0.5513320991071282,1.165149368837428,1054506.7177006288,-0.6556661749999932,0.9378891736078072,1355453.5508623107,150.4089414,4.09052962292358,1211757.3800705671,122667.41334087028,0.1226134309754573,0.1477587868985777,88778.11554584552,1.875,323410.0,0.2941827708962994,1.7093750000000014,0.0050527621462381,1.4740080518255985,150.4089414,0.1392524190094344,0.3250000000000002,93282.0474421398,3.986647285498861,1338137.9013250838,0.0004666007204314,-47713.5,531870.8399916163,95649.75,0.5,-0.0002294458964172,1.2891409578371409,5230.0,0.1630942383072182,0.1111971220522009,1203033.0,-274284.94999999925,120150.0,831490.5700000003,0.01240693667289,0.0182059762705502,1233165.799999997,1014403.0,-623774.0,-0.7494999999999976,922768.0799999982,2412081.5
2025-03-27,2412081.5,2500780.0,151.4529099,30.354166666666668,150.5647658,3.7,30.15,3.3614440820757463,489947.7295380047,151.4529099,150.5647658,67.648,68.00666666666667,0.0,-0.4988242801445324,1.0763188827910206,967487.980618488,-0.5245329400000003,1.0746164784028551,1239942.0738283808,150.4089414,3.778669406276957,1074614.105778128,100670.51683221618,0.1394683700410417,0.0932037052418068,93283.32340950333,2.6875,213210.0,0.2661653641442707,2.4093750000000007,0.0041705367061866,1.4667876644682372,150.4089414,0.135415653095128,0.2599999999999998,96036.768955363,3.910372542492457,1503967.600059062,0.0001958809044102,-27884.75,563491.825450351,78383.25,0.2100000000000363,-0.0084478949104267,1.958032295185987,-11400.0,0.129875680698736,0.1096418098956846,954661.0,-75162.14999999851,64920.0,958183.6899999976,0.0009531003593746,0.0208850790435677,1109748.450000003,1354467.0,-402408.0,-1.0865000000000151,609574.2900000066,2378562.75
2025-03-28,2378562.75,2412080.0,151.4529099,30.39583333333333,150.5647658,3.7,30.025,3.348217868638611,443472.7214355408,151.4529099,150.5647658,67.55199999999999,67.23000000000002,0.0,-0.4513172058450436,0.9608067834676016,1025372.9248864098,-0.3933997050000073,1.0767236793049595,1147872.0478552768,150.4089414,3.3731371400065,961285.190942116,10830.467610100284,0.1594602665037175,0.0554301216417256,96038.34069031816,1.0625,126680.0,0.240816281844816,0.65625,0.0052104208416834,1.4979687123443224,150.4089414,0.1228537735618229,0.1949999999999998,97302.69346907405,3.833062675421432,1683093.6502672285,0.0010165160544257,-33518.75,566768.724251684,-21456.75,1.0900000000001455,-0.0007413514219788,0.2447673146920834,-88700.0,0.0612180475325589,0.1199174667102985,421963.0,-306366.8500000015,-94870.0,1864786.4699999988,0.0139142883812108,0.0404505284040452,994701.6000000016,2766907.0,-158840.0,-1.4444999999999908,583518.1499999911,2338760.75
2025-03-31,2338760.75,2378560.0,151.4529099,30.20833333333333,150.5647658,3.7,30.0875,3.2929645499840245,366091.0632745137,151.4529099,150.5647658,67.874,67.52000000000002,0.0,-0.4083346148121904,0.8072391620931189,1439787.3696218098,-0.2622664699999859,1.0202463179738377,1352933.3532753943,150.4089414,2.8340020547079106,2115675.506090485,-20528.624543242626,0.1552750999840155,0.0164960084787775,97304.6761737756,1.375,38600.0,0.2178813978595952,0.7781249999999993,0.0046970152106831,1.4924154741133706,150.4089414,0.1361034912009075,0.1300000000000007,97181.58013893494,3.654818880964494,1832625.124779512,0.000465818256349,-39802.0,751636.3438758943,-109117.0,0.5,-0.0040567466129423,0.4476466180547405,-33520.0,0.0655783807757439,0.1207175943998444,1340926.0,263420.55000000075,-133620.0,3894544.86,-0.0144334945846794,0.0837486303267658,2217257.1499999985,3777378.0,-28084.0,0.3025000000000091,107508.87000000475,2356530.75
2025-04-01,2356530.75,2389700.0,151.49140394,30.27083333333333,150.5647658,3.7,30.4875,3.231262218925152,894116.0501793757,151.4529099,150.5647658,67.62,67.74000000000002,1.8211490999999853,1.2782607246937232,0.6961389803236592,1655401.8750330054,1.5989584099999945,1.109816211371681,1523907.4538540682,150.4089414,2.836194909194459,1391227.505510442,-8494.469824838452,0.2375013373742085,0.0063038745457377,97183.87591603234,2.875,14970.0,-0.6171549257460809,2.2218750000000007,0.0045861124507493,1.4489945697491495,150.4089414,0.1515909898889263,-0.7900000000000009,93496.7586888943,3.566304884097426,2008088.902090605,0.000614593809364,17770.0,833556.998367543,-101205.5,0.6599999999998545,0.0014828891218356,1.8752517020495247,11140.0,0.0013641181897516,0.1092343587252206,786949.0,3466868.3000000007,-111080.0,3186487.8800000027,-0.0011878535417122,0.0680334921438288,1546406.0,2629332.0,3709231.0,-0.2720000000000055,571659.3100000024,2275658.75
2025-04-03,2275658.75,2356530.0,151.52989798000002,30.95833333333333,152.3859149,3.7,30.7375,3.276099895829575,1264210.2079645414,151.4529099,150.5647658,67.516,67.85333333333337,1.8211490999999853,1.156521608056238,0.5605378657554068,1715684.453805418,1.6390341899999896,1.1936776638308446,1551004.1612112713,150.4089414,2.540069875711564,833192.0764142051,-37696.42507961579,0.143471243558625,0.0043557756647671,93499.97009350648,1.8125,10220.0,-0.558378266151216,2.2281249999999986,0.0047846889952152,1.4382976048108491,158.6614543,0.177526118904151,-0.8100000000000005,90248.55385196635,3.541019032636442,2101562.313593574,0.0002698829266476,-80872.0,844091.2861303486,-55550.75,0.2899999999999636,0.008076080177543,1.866299158997187,-33170.0,0.0043580215790313,0.1068861489913303,328759.0,3801181.149999999,-55550.0,1238443.7800000012,-0.0038702321541801,0.0258196262183445,982099.0,-88668.0,4583473.0,-1.0049999999999957,-475060.700000003,2107816.0
2025-04-04,2107816.0,2275660.0,151.56839202,31.08333333333333,152.3859149,2.8,30.525,3.320417538912733,1442204.51398668,151.6453801,152.3859149,67.566,67.49333333333335,1.8211490999999853,1.0463766930032818,0.6671735082969015,1745823.4969057275,1.5479767349999918,1.0701687259356698,1632013.2152145652,158.6614543,3.023287870148477,395648.8310414255,-107274.38459584305,0.1090817464417198,-0.0506849772230473,90252.2474872633,0.25,-121500.0,-0.5051993836606239,0.6343749999999986,0.0032832508731084,1.3457805404903669,158.6614543,0.1145976363698532,-0.7650000000000001,102223.27325524272,3.3860196707262338,2165059.143776637,0.0009768986723484,-167842.75,854226.3393027034,-102904.0,1.050000000000182,-0.0132734611320968,0.3879611438545964,-80870.0,-0.0055495031808834,0.1181116324064608,-1444230.0,2950191.9499999997,-102900.0,-869599.75,0.0136010006255015,-0.0172548761724606,557545.049999997,-2677726.0,3775366.0,-0.5490000000000066,-119161.1099999994,2025967.25
2025-04-07,2025967.25,2132320.0,151.60688606000002,30.9375,152.3859149,2.8,30.8125,3.322549591897086,1636478.559399759,151.6453801,152.3859149,68.498,68.69333333333337,1.8211490999999853,0.9467217698601188,0.7473838210074925,1794425.7490410951,1.456919279999994,1.0932799741926948,1685767.5356520873,158.6614543,3.38675983428181,930575.5137993842,-226746.3479676675,0.1021039080749625,-0.1085730530135491,102225.6898064774,0.8125,-259710.0,-0.4570851566453262,1.328125,0.0061781190857475,1.531387056166437,158.6614543,0.1339104549163551,-0.7200000000000006,120713.00987410617,3.0279381555277856,2200436.229453116,0.0004182622597312,-81848.75,894329.869278697,-230944.75,0.4499999999998181,0.0143847744860056,1.0861315111065402,-143340.0,-0.1188170716922446,0.1030771450561053,-233345.0,3300063.350000001,-257380.0,-688330.7199999988,0.0013524966235521,-0.0137601374922742,1140156.6499999985,-1398157.0,4560338.0,3.350999999999999,-273098.0600000024,1990621.25
2025-04-08,1990621.25,2129440.0,151.6453801,30.979166666666668,152.3859149,2.8,31.2,3.3698798980763134,1815184.616838029,151.6453801,152.3859149,68.72,69.52666666666669,1.8211490999999853,0.856557791778215,0.809066719212526,1792974.0166820902,1.365861824999996,1.160549438842267,1695909.4451973157,158.6614543,3.666275066255977,586887.8458184898,-207757.17197074692,0.1022679947552664,-0.1257954069609912,120714.09799036969,2.25,-306420.0,-0.4135532369648191,1.9250000000000007,0.005983014784775,1.5668919117675344,158.6614543,0.1496664831845738,-0.6750000000000003,139307.11464374707,3.0575637016240256,2174451.4807971334,0.000232270771975,-35346.0,899212.5174296983,-330563.5,0.25,-0.0030093781652203,1.661261843382107,-2880.0,-0.1421147382920693,0.1040649628313264,-44924.0,3338856.6499999985,-227090.0,-608331.6199999973,-0.0150462416388222,-0.0123635457901695,781683.1499999985,-647900.0,4338589.0,1.4765000000000017,-221571.6599999964,2183577.0
2025-04-09,2183577.0,2195640.0,151.6453801,31.02083333333333,152.3859149,2.8,30.975,3.398768507792987,1913872.8585681263,151.6453801,152.3859149,69.03,70.18000000000002,1.8211490999999853,0.7749808592279237,0.8562357332381536,1675029.5629481412,1.2748043699999982,1.087458408156739,1718140.864079845,158.6614543,3.8800208253080375,348488.812883392,-128075.5365449614,0.0861889512711054,-0.1241787829833064,139307.13377801003,0.875,-311310.0,-0.3741672143967411,0.375,0.0039775152335199,1.3144644697023613,158.6614543,0.1319195396325208,-0.6299999999999999,137115.89392440236,3.003970179964989,2082555.0428546376,0.0005108770365418,192955.75,872206.2700298149,-285037.5,0.5500000000001819,-0.0277790546090812,0.2024511916314288,66200.0,-0.1820053578364753,0.1029266641214683,149256.0,2768623.1499999985,-80020.0,-943132.8700000048,0.000243850359112,-0.019042520168964,498248.950000003,-303931.0,3976050.0,1.378,293533.09999999404,2111490.25
2025-04-10,2111490.25,2171400.0,151.6453801,31.14583333333333,152.3859149,2.8,30.925,3.387014327365233,2018213.2071404776,151.6453801,152.3859149,70.02,70.39000000000003,1.8211490999999853,0.7011731583490928,0.8911984067049443,1626139.2013641517,1.1837469150000004,1.077410852337191,1713277.984888521,158.6614543,4.038453714632117,412661.7354659289,-137809.2949692509,0.08440801741897,-0.1356511078027849,137116.0678923745,1.0,-340780.0,-0.3385322415970515,1.2937499999999993,0.0040472971133516,1.5770274335979086,158.6614543,0.1563962748798676,-0.5850000000000004,139930.04752284335,2.944691030171086,2019855.0815294583,0.0002320982611199,-72086.75,840599.9165001473,75761.0,0.25,0.0063009441903444,1.144479649571295,-24240.0,-0.1222435283319728,0.1053357434496259,-376015.0,2860374.350000001,39080.0,-824040.8299999982,-0.0150534421081428,-0.0167028968737024,519726.5,577629.0,4562130.0,3.919499999999985,416209.8700000048,2248803.0
2025-04-11,2248803.0,2279360.0,151.6453801,31.0625,152.3859149,2.8,31.1875,3.383259523173961,2306313.450071871,151.6453801,152.3859149,70.40599999999999,70.30333333333336,1.8211490999999853,0.6343947623158499,0.9153545017401624,1633613.3754151473,1.0926894600000026,1.05954989046852,1684361.3787363346,158.6614543,4.14791673767156,654922.5225644112,-27006.50497217942,0.1102395969041953,-0.0885403754028743,139930.05547286573,0.25,-221420.0,-0.3062910757306656,1.2718750000000014,0.0047154412564838,1.5929760298207751,158.6614543,0.1686608283231585,-0.54,140175.79865899982,3.083114283353959,1932742.6754634688,0.0009281776160685,137312.75,815353.355306607,85523.0,1.0,0.0038678651853263,1.1485768258026,107960.0,-0.1346231735787328,0.111519523941532,217095.0,4859179.1000000015,149920.0,-315142.2400000021,0.0209295268695565,-0.0064850324975614,732563.200000003,1414651.0,6632913.0,1.1840000000000117,254025.87999999523,2354419.25
2025-04-14,2354419.25,2445000.0,151.6453801,32.8125,152.3859149,2.8,32.1,24.60782226941805,2312615.1941327164,151.6453801,152.3859149,71.26199999999999,72.41333333333336,1.8211490999999853,0.5739762135238777,0.929546890749212,1803567.443006856,1.0016320050000047,1.527045112730112,1656511.3611049114,158.6614543,4.212229359509507,1808548.04422494,125430.30502517102,0.081912219745344,0.0136479718748963,140175.72504192693,6.0,32920.0,-0.2771204970896499,4.981249999999999,0.1176598521096128,2.320736951919484,158.6614543,0.2458465341724804,-0.4950000000000005,140307.93830253868,29.34633996725438,1905237.570076142,0.0964780504089466,105616.25,897135.9732290021,258181.75,104.03999999999996,-0.003225773947802,4.71478379477378,165640.0,-0.0676919498781446,0.2715359627788061,1762810.0,1952467.8500000013,249360.0,-512361.3299999982,0.1519360799948663,-0.010545755652758,1919006.75,3263010.0,4122425.0,7.198999999999998,1580449.8400000036,2284279.5
2025-04-15,2284279.5,2368530.0,151.6453801,34.458333333333336,152.3859149,2.8,33.0125,36.59309596590043,2320030.830742676,151.6453801,152.3859149,70.78999999999999,70.81000000000003,1.8211490999999853,0.519311812235884,0.9342297762596048,2000305.4299876497,0.9105745500000068,1.9119602781596448,1622811.7543061196,158.6614543,4.233449792852152,2350241.230489232,44297.41883229744,0.0854407357954916,-0.0042168370778958,140308.27743813166,6.5,-10030.0,-0.2507280687953974,5.337499999999999,0.1180179935310266,2.2870928455607253,158.6614543,0.1875703930494287,-0.4500000000000002,139966.28581237746,40.31674278040104,1915729.341931078,0.0155697637049438,-70139.75,1031149.6044015994,170842.25,18.40999999999985,-0.0005553125907086,4.944328195271517,-76470.0,-0.0101504574558732,0.1657762260000241,2444286.0,1694632.6499999985,197130.0,-419459.6099999994,-0.1081448837538166,-0.0086466615068192,2508854.6499999985,2942752.0,3391448.0,-1.3039999999999878,833861.1400000006,2177975.0
2025-04-16,2177975.0,2304230.0,151.6453801,36.625,152.3859149,2.8,34.55,41.22578014328222,2284151.8319339366,151.6453801,152.3859149,70.824,70.8766666666667,0.0,0.4698535444038896,0.9295468907492564,1942845.9290936843,0.8195170949999806,2.3900385202516383,1543472.64120677,158.6614543,4.21222935950953,1472338.2561569214,-18097.57343744533,0.0821923684204042,-0.0357659957316818,139966.45217893767,6.5625,-85470.0,-0.2268492051005974,6.553125000000001,0.068350830155524,2.277163748360361,158.6614543,0.1539730088089439,-0.4049999999999998,141512.45144222173,42.4817172563985,1857262.8468088,-0.0233172055994603,-106304.5,1029101.8387357228,172789.25,-28.0,0.0019267641677955,6.00022551000756,-64300.0,-0.0232949223215755,0.1293742371912592,1410166.0,1039137.3000000007,24870.0,-1293230.0,-0.0320343052357414,-0.0267859402417187,1614730.8500000015,1172603.0,-494004.0,0.8829999999999956,-280721.3299999982,2168086.25
2025-04-21,2045707.375,2177980.0,151.6453801,36.270833333333336,152.3859149,2.8,35.175,41.19155941581301,2217568.6981329345,151.6453801,152.3859149,71.36,70.55333333333336,0.0,0.4251055877940075,0.9153545017402522,1857175.74864884,0.7284596400000112,2.4504044376167604,1476783.061884366,158.6614543,4.147916737671609,1515562.3746181726,-130600.18549102172,0.0779670624891764,-0.0757681845764747,141512.0525384105,2.875,-178550.0,-0.2052445189005407,2.8187500000000014,0.0092612710483432,2.608646755454113,158.6614543,0.1119322908509102,-0.3599999999999999,151061.6294720371,42.2241572007748,1721425.1111531411,-0.0873187077411047,-132267.625,1046482.4790078992,-70828.0,-102.40999999999984,0.0054834759569441,2.262108794768743,-126250.0,-0.0757706004897241,0.1285164667722502,268924.0,-934486.8000000007,-267020.0,-1575527.3299999982,-0.0067903499927342,-0.0327741611953577,1654400.450000003,-639271.0,-2928511.0,5.682000000000002,-898462.1400000006,2163891.0
2025-04-22,2163891.0,2168090.0,151.6453801,35.708333333333336,152.3859149,2.8,35.8,40.89707284276537,2188733.5535660163,151.6453801,152.3859149,71.66,71.75333333333334,0.0,0.3846193413374408,0.8911984067050827,1886508.674183217,0.6374021849999849,2.4985419267776168,1452352.6740967245,158.6614543,4.038453714632196,1639566.434178345,-127110.16782520992,0.0775200366489032,-0.0472698030461492,143786.547828378,4.4375,-107570.0,-0.1856974218623941,2.7093750000000014,0.0203149220853389,2.5599074818816905,158.6614543,0.1139689850677937,-0.3150000000000004,149999.80959691983,41.93212225226499,1659368.9379604168,0.0214028138487694,118183.625,1081960.2672217016,-186333.0,22.90999999999985,0.0055355636987312,2.159765100028864,-9890.0,-0.0472709275940428,0.1345046093640515,-223573.0,-1966333.9499999995,-200440.0,-1991997.1400000008,0.0037260165978169,-0.0414208060702215,1785870.0,-430549.0,-3232663.0,1.5699999999999932,1020288.299999997,2239402.0
2025-04-23,2239402.0,2283590.0,151.6453801,34.333333333333336,152.3859149,2.8,35.4625,41.10570051389518,2128660.8786499985,151.6453801,152.3859149,70.50999999999999,71.89000000000003,0.0,0.3479889278767416,0.8562357332383442,1841767.2499219072,0.5463447300000155,2.5003618159225494,1468617.056146826,158.6614543,3.880020825308153,1175095.2023518384,-10504.437556141987,0.0799511163786131,0.0709415097171155,143184.64476533828,2.875,151270.0,-0.1680119531135946,1.7749999999999986,0.0621071955002126,2.518183294612907,158.6614543,0.1049353631707181,-0.27,148075.3684430215,43.12157709985672,1619578.7707571443,0.0266799593901201,75511.0,1041188.7309492684,-120388.5,29.170000000000076,0.004153254758792,1.2755017571689748,115500.0,0.026603365758681,0.1353610924275498,158570.0,-1756112.9499999993,-20640.0,-1513532.6899999976,0.0101840151638255,-0.032211767515218,1283266.3999999985,857540.0,-3475578.0,0.5444999999999993,470449.3100000024,2232745.25
2025-04-24,2232745.25,2331500.0,151.6453801,34.0,152.3859149,2.8,34.9,44.5725868638792,2090040.4139968895,151.6453801,152.3859149,71.35400000000001,70.80000000000003,0.0,0.3148471252218314,0.8090667192127786,1771276.924459219,0.4552872749999892,2.440711447184664,1496047.8633599011,158.6614543,3.666275066256133,659584.2783183306,33843.1279253955,0.0811284751657046,0.0948887970546246,141445.78840926377,1.75,202060.0,-0.1520108147218235,1.2000000000000028,0.0818178531400268,2.484453715238464,158.6614543,0.1111924650855163,-0.2249999999999996,141855.11080971762,45.42731610409072,1699653.6618330586,0.0480356347438752,-6656.75,972784.3154362518,61427.0,53.92000000000007,-0.0009716300723246,0.8147396850576456,47910.0,0.1053495558726331,0.1646176826241039,-490268.0,-1676666.1000000015,153520.0,-978736.7300000042,0.0080478099769128,-0.0210495900033989,708880.1499999985,1179018.0,-3578926.0,1.8255000000000048,1236292.900000006,2225242.75
2025-04-25,2225242.75,2257680.0,151.6453801,33.791666666666664,152.3859149,2.8,34.1,47.00871251834924,2027911.71476674,151.6453801,152.3859149,71.856,71.20333333333336,0.0,0.2848616847245182,0.747383821007821,1616932.3328322556,0.3642298200000198,2.3713159619596413,1527892.5438243295,158.6614543,3.3867598342820138,574927.5851451606,-36169.55092464201,0.0889202739747797,0.0282559982510794,135398.66846176228,3.6875,62040.0,-0.137533594272126,1.4718749999999972,0.0796421755293648,2.5378998259033128,158.6614543,0.1026848932169845,-0.1800000000000001,129621.1823233321,46.93497318799498,1762672.386542954,-0.0019125822410364,-7502.5,930697.6193376496,64659.0,-2.25,0.0184182325702212,1.1895263817188209,-73820.0,0.121632379841218,0.1436646697514955,-810996.0,-1166389.75,89590.0,-467867.6200000048,-0.0115987257148188,-0.0101490367962372,583671.6499999985,-210261.0,-2630057.0,2.267499999999984,295317.5799999982,2179248.75
2025-04-28,2179248.75,2242750.0,151.6453801,33.5,152.3859149,2.8,33.8,48.07439119959569,1953735.887555868,151.6453801,152.3859149,71.662,72.47333333333336,0.0,0.2577320004650403,0.6671735082973292,1757168.5330962436,0.2731723649999935,2.3179146246646054,1508916.3600791376,158.6614543,3.0232878701487413,1690073.1484646648,-46232.927027056925,0.0893772989036567,0.0328589849866445,123209.631783897,1.625,71350.0,-0.1244351567223995,0.3406250000000028,0.0780980269876989,2.6321583598984226,158.6614543,0.0998933607538461,-0.1349999999999998,120121.21540844828,47.916169790252674,1881396.004855604,-0.0093683197492696,-45994.0,989744.1657025256,61351.75,-11.0,-0.0001448188298168,0.1714762501265525,-14930.0,0.0190814200735764,0.1440918518586292,822829.0,-1601255.0500000007,-40840.0,1546727.559999995,0.0010055555958875,0.0340138848638571,1733903.25,2627885.0,-3289984.0,3.670500000000004,425100.1700000018,2158847.75
2025-04-29,2158847.75,2199190.0,151.6453801,33.583333333333336,152.3859149,2.8,33.625,49.10655013390659,1874464.7137400587,151.6453801,152.3859149,71.844,72.57000000000004,0.0,0.2331860956588514,0.5605378657559892,1963427.585624019,0.1821149099999957,2.3052852425110704,1497918.5083534955,158.6614543,2.540069875711916,1484962.324801363,-81241.21969114663,0.0981658163283059,-0.0351721535869717,113912.23296403718,2.25,-80170.0,-0.1125841894155041,0.9656250000000028,0.0780623849236434,2.562469820105501,158.6614543,0.1088660603948645,-0.0899999999999998,111470.72208517972,48.55305207762456,2055844.993885844,0.0064478966960976,-20401.0,1019200.3723919168,-60153.25,7.5,0.0262023562921705,0.8337166072573581,-43560.0,0.0320903684021274,0.1344927365466162,1220111.0,-1208150.1000000015,-132310.0,3027904.740000002,-0.0066086681227481,0.0665210766386994,1543526.5,3326483.0,-5132172.0,1.4309999999999974,748593.3399999887,2100843.75
2025-04-30,2100843.75,2158850.0,151.6453801,33.416666666666664,152.3859149,2.8,33.55,49.73367602859305,1746046.989361816,151.6453801,152.3859149,72.284,72.60333333333335,0.0,0.2109778960723076,0.4072213184765618,2253985.1744062146,0.0910574549999978,2.180402018097475,1663271.9761387904,158.6614543,1.845317982960624,1096406.1510107592,-110002.05591103714,0.1066128521777525,-0.1170347648261759,105525.92099392174,-2.0625,-286150.0,-0.1018618856616466,0.5187499999999972,-0.032010118700136,2.449406533923093,158.6614543,0.1192735601943877,-0.0449999999999999,105727.7496343046,48.73972944172456,2192404.4365653326,0.0011361015486857,-58004.0,1008637.966118676,-73897.5,1.3299999999999272,0.0045039282310793,0.5281245494233247,-40340.0,-0.0400013918515761,0.1404371782043062,971104.0,-241128.69999999923,-98830.0,5517391.400000006,0.0037427568521577,0.1209110021949955,1141853.950000003,4333132.0,-1316313.0,1.5615000000000094,-79943.48999999464,2059931.625
2025-05-05,2059931.625,2100840.0,151.66012228,33.208333333333336,152.3859149,2.8,33.325,50.21736735382135,1856187.7258238648,151.6453801,152.3859149,72.922,72.90000000000002,-0.3270636000000024,-0.1050299226012612,0.0731336442585398,2410545.0399343907,-0.3107104200000208,2.056148013787552,1678296.7308324648,158.6614543,1.3641767516453709,1068154.8032954484,-152010.90772903338,0.1304680792785746,-0.1130194677711492,100335.60578054184,-3.9375,-267690.0,-1.268351229884347,-0.734375,-0.014197846011718,2.556591635259277,158.6614543,0.105902148126792,-1.235,103451.10050961158,49.7318147959091,2361392.996718561,0.0055460750853242,-40912.125,1045001.9556442808,-124399.0,6.5,0.028979215704912,-0.540030169569377,-58010.0,-0.1077019311662526,0.1337169651895136,-237758.0,3598595.600000001,-141910.0,3574773.120000005,0.003606042348758,0.0760264175335816,1162157.75,635379.0,2929106.0,3.7535000000000025,852336.5,2129994.5
2025-05-06,2129994.5,2135000.0,151.67486446,33.270833333333336,152.0588513,2.8,33.3125,51.75712399478756,2002096.2191337089,151.6453801,152.3859149,72.78,72.76333333333336,-0.3270636000000024,-0.0950270728297368,0.1006680520079016,2517511.211281878,-0.2943572400000107,2.024914207896064,1680353.7110331496,158.6614543,1.8777816636461853,863635.7744101658,-106627.01175483968,0.1076041465468887,-0.0734431892649605,98846.34842641425,-4.0625,-169230.0,-1.1475558746572658,0.703125,0.0347444191034955,2.4527039321841,164.7622382,0.1239438564275854,-1.17,94692.74847854172,50.29943562255168,2521966.841280522,0.0214934238438693,70062.875,1056691.536363005,-119317.125,25.329999999999927,0.0052652639642491,0.925091751341995,34160.0,-0.0982138459851345,0.1521157032116547,-302569.0,3257084.9499999997,-64190.0,1511271.0799999982,0.0051745907363739,0.0311307791922212,961445.8999999984,-579460.0,3218557.0,0.2674999999999983,237038.01000000536,2059914.875
2025-05-07,2059914.875,2132280.0,151.68960664,33.229166666666664,152.0588513,1.5,33.3875,50.24037548836415,2137872.4270119523,151.719091,152.0588513,72.65400000000001,73.09000000000003,-0.3270636000000024,-0.0859768754174012,0.1198189480753619,2545607.4289144394,-0.2780040600000291,1.9892055533679447,1751832.673469809,164.7622382,2.235007225892797,522903.31970443577,-98933.01063533127,0.1114789603259657,-0.0209827454797564,90449.42711037277,-1.125,-45700.0,-1.0382648389756213,0.0531250000000014,0.0340231246019573,2.3048447829925816,164.7622382,0.1264115552539517,-1.105,93685.23420579964,48.60633533268612,2531949.2225483404,-0.0418082287366156,-70079.625,1023964.9096509988,-28853.25,-50.32999999999993,-0.0114146360286691,0.3280592035951386,-2720.0,-0.0220298671931495,0.1342402035612827,-315114.0,3362171.6999999997,-26570.0,-612372.9299999997,-0.0105945060276444,-0.0119722803994197,579422.0,-1225838.0,5334836.0,1.7560000000000002,-1115579.0100000054,2061722.25
2025-05-08,2061722.25,2085690.0,151.70434882,33.5625,152.0588513,1.5,33.3125,48.50273996331205,2243357.591420398,151.719091,152.0588513,72.922,72.57000000000004,-0.3270636000000024,-0.0777886015681303,0.1342240693430064,2482083.4466070216,-0.261650880000019,1.847506765886731,1768417.7576671485,164.7622382,2.5037088848608664,228212.00354211032,-131663.67628910905,0.0932249717798512,-0.0380058023421536,90167.98681527987,-1.25,-82400.0,-0.9393824733588954,-0.1062500000000028,0.0111324342093572,2.134332386683466,164.7622382,0.1455169182137366,-1.04,95432.76463804422,46.94387671240327,2472291.708624269,-0.0312093628088426,1807.375,939423.462644945,-40928.875,-36.0,-0.0430626984889453,0.2968154699194087,-46590.0,-0.0498925607779672,0.1378592557311298,-669969.0,2899493.8999999985,-15150.0,-707731.2800000012,0.0054317543162253,-0.0139881892618677,206157.75,-526911.0,6016039.0,1.4320000000000022,-597770.0,2114385.5
2025-05-09,2114385.5,2140600.0,151.719091,33.020833333333336,152.0588513,1.5,33.075,46.73775044697175,2390753.134851535,151.719091,152.0588513,72.96400000000001,72.91000000000003,-0.3270636000000024,-0.0703801633235627,0.145301817312779,2386203.7253438463,-0.2452977000000089,1.7766850554280749,1753849.1466703922,164.7622382,2.710344372462756,-269582.8539380878,-69443.8023568131,0.0958242453280423,-0.0626163190415092,92143.60671601398,-1.5625,-142990.0,-0.8499174758961434,-1.234375,-0.006428212616325,2.139159943333297,164.7622382,0.140099629167731,-0.975,91256.74489543404,44.85524847539372,2351372.1979657486,-0.0035078299776286,52663.25,899102.4840983286,1790.625,-3.9200000000000728,-0.0067893274148479,-0.6927621938824373,54910.0,-0.0472152941160159,0.1393114528264152,-1082531.0,3566194.799999997,5600.0,-1259844.869999997,0.0126401216498479,-0.0251681295383309,-364656.799999997,-1088173.0,6573160.0,0.6550000000000011,-227577.1599999964,2230394.75
2025-05-12,2230394.75,2233650.0,151.719091,32.625,152.0588513,1.5,33.0375,44.53181826397888,2389804.053595803,151.719091,152.0588513,73.22,73.84333333333336,-0.3270636000000024,-0.0636772906260887,0.1537729894620196,2191815.084059195,-0.2289445199999988,1.7559696114435015,1754272.971999754,164.7622382,2.8683588707518566,154731.60834173113,21357.98834383581,0.0964016341574122,-0.0419686896847523,87486.42777271433,-1.3125,-97850.0,-0.768972954382225,-1.3812500000000014,-0.0346317091103536,2.2752704292719845,164.7622382,0.1460723083282289,-0.9099999999999996,83812.13437948086,42.60805103992533,2167821.2760100467,0.0111532175506026,116009.25,822858.013290185,-15609.0,12.420000000000073,0.0232656077489997,-0.739880080179347,93050.0,-0.0558258410057684,0.157622871171744,-356239.0,627187.6499999985,101370.0,-2916861.700000003,0.0118992523404901,-0.0577175123088218,-4822.95000000298,-1291013.0,3513449.0,3.908500000000018,-32749.340000003576,2285483.25
2025-05-13,2285483.25,2292720.0,151.719091,32.5625,152.0588513,1.5,32.8875,42.11154679758892,2391174.476123129,151.719091,152.0588513,73.328,73.44000000000003,-0.3270636000000024,-0.0576127867569482,0.1600520018995901,1933677.2117772764,-0.2125913399999888,1.584697588616099,1764442.70844694,164.7622382,2.985482567755549,-63614.16388128698,72768.179930137,0.0965396553661039,0.0155203571808228,78715.42079643591,-0.8125,35040.0,-0.6957374349172514,-0.5249999999999986,-0.0362929575576815,2.188905277939904,164.7622382,0.1514558805142649,-0.8449999999999998,87802.62924786413,40.14105353559111,1975948.508183281,-0.0002930728241562,55088.5,706048.7898765869,170479.875,-0.3299999999999272,-0.0172214162878128,0.2353465941234489,59070.0,-0.0010527398949791,0.1625814002930484,-310612.0,470683.1499999985,207030.0,-2804147.1400000006,0.0079029736922698,-0.0562097676621612,-309466.799999997,-948892.0,2787227.0,-0.2669999999999959,462206.8299999982,2301643.25
2025-05-14,2301643.25,2313280.0,151.719091,32.666666666666664,152.0588513,1.5,32.7375,39.3068026622318,2388886.8090637587,151.719091,152.0588513,72.92999999999999,73.03333333333336,-0.3270636000000024,-0.0521258546848741,0.1643902405446737,1765061.7537617628,-0.1962381600000071,1.5105713018232527,1772892.1299317204,164.7622382,3.0664046161905523,-42346.62446402013,84439.78184155235,0.0981890460953915,0.0314479991082377,82554.87602905303,-0.375,70530.0,-0.629476726829894,-1.1499999999999986,-0.0330052647463195,2.2004551562666643,164.7622382,0.1615369092709118,-0.7800000000000002,91001.6377040694,37.35287244643734,1769519.0322145284,0.0036955768564497,16160.0,572460.2550371664,223761.0,4.159999999999855,0.0137622833178655,-0.2959959386502149,20560.0,0.0270714284992052,0.186988082219511,232370.0,406501.1499999985,172680.0,-1728864.0300000012,0.0211745578474793,-0.0354294971178378,-367718.6000000015,-198676.0,3084004.0,-0.9615000000000008,-33632.0,2298473.0
2025-05-15,2298473.0,2312950.0,151.719091,33.083333333333336,152.0588513,1.5,32.75,36.05435899993316,2289001.8032507324,151.719091,152.0588513,72.47,71.32000000000002,-0.3270636000000024,-0.0471614875720547,0.1669390784414907,1578684.1927040843,-0.179884979999997,1.4161711433418298,1776338.425491117,164.7622382,3.1139486082606176,171694.29215160012,76099.32642807113,0.0825960247067905,0.0517281362683532,85233.95154489699,-0.3125,113760.0,-0.5695265623699042,-0.4343750000000028,-0.0328603122776173,2.1273541758431693,164.7622382,0.134000738553187,-0.7149999999999999,93541.6430538338,34.272966391355304,1545486.3526428617,0.0050184541037148,-3170.25,442312.5717207353,187257.75,5.670000000000073,-0.0388651793479243,0.4673131983640957,-330.0,0.0561636206054954,0.1589606948392801,23882.0,330069.25,79300.0,-290980.6300000027,-0.0287009924118194,-0.0061104715479638,-206712.1000000015,-1202950.0,2402970.0,-1.3840000000000003,522900.1700000018,2318360.0
2025-05-16,2318360.0,2321690.0,151.719091,32.875,152.0588513,1.5,32.8,35.19382973733134,2288404.390488734,151.719091,152.0588513,72.09,70.84666666666669,-0.3270636000000024,-0.0426699173271174,0.1677800866781951,1536672.5331372533,-0.1635318000000154,1.3862392031271988,1797926.567875123,164.7622382,3.1296361060757225,-214747.68805331737,76759.39057777869,0.0827438029992308,0.0754290478727099,87758.61782197596,-0.9375,162840.0,-0.5152859373822944,-1.1593749999999972,-0.0218112373102825,1.988378339515998,164.7622382,0.1583599542385668,-0.6499999999999999,90403.80897141522,31.64536194502126,1466990.0713643758,0.009396741523558,19887.0,459387.7783066247,68078.25,10.670000000000073,-0.0111417214878054,-0.368859487194392,8740.0,0.0646758207011124,0.1591609341147128,-160123.0,271400.950000003,28970.0,-443942.30000000447,0.0046156781469628,-0.0094289219601385,-599214.299999997,-1035543.0,1232799.0,-1.4519999999999982,465986.0,2369505.25
2025-05-19,2369505.25,2409200.0,151.719091,33.229166666666664,152.0588513,1.5,33.1,32.94293352867953,2289041.467773359,151.719091,152.0588513,71.66,71.7266666666667,0.0,-0.0386061156769415,0.1669390784414514,1539753.0111799615,-0.1471786200000053,1.24513444502249,1829904.372606133,164.7622382,3.113948608260651,30251.901285097003,148624.68671322847,0.0814324223192509,0.1467793834847013,84543.54163716304,1.3125,308360.0,-0.4662110862030282,0.0968749999999971,-0.048254375364785,1.6958553190533567,164.7622382,0.1975748682658523,-0.585,97163.80660124795,28.449509495352384,1442264.3317013436,-0.0103998534248846,51145.25,448607.5558466193,32876.75,-11.920000000000073,-0.0015169025112355,0.684127130633648,87510.0,0.1035375667514539,0.1701899521960872,71251.0,-350704.5,95920.0,-798500.549999997,-0.0208187023244914,-0.016964669066943,-307440.3500000015,-1117201.0,-3577477.0,1.5409999999999826,242772.0,2378464.0
2025-05-20,2378464.0,2399810.0,151.719091,33.333333333333336,152.0588513,1.5,33.2125,32.23622830803298,2295839.2968471907,151.719091,152.0588513,71.46600000000001,71.7666666666667,0.0,-0.0349293427553334,0.1643902405445918,1446841.6988090272,-0.1308254400000237,0.6934476581563398,1864787.9510815092,164.7622382,3.066404616190618,-212801.89883729813,125974.2403595876,0.0802657630130644,0.124032786885246,91436.7170219595,-0.1875,264810.0,-0.4218100303741683,0.3718750000000028,-0.0477119095415625,1.6064078101886918,164.7622382,0.1865976584633568,-0.52,106045.57452636532,28.4099344142306,1403450.5942825438,0.0068327088384394,8958.75,465561.83867025655,67862.0,7.75,0.0110376167751561,0.6755197848590129,-9390.0,0.1502834469080982,0.135273614288242,-426317.0,-775502.549999997,86860.0,-1339779.4199999943,-0.0169593027352667,-0.0283077814452713,-552177.700000003,-96791.0,-3827436.0,-1.397500000000008,608575.0,2319548.5
2025-05-21,2319548.5,2400650.0,151.719091,33.104166666666664,152.0588513,1.5,33.0625,27.419079119076187,2260352.863154999,151.719091,152.0588513,71.22200000000001,71.58666666666669,0.0,-0.0316027386834036,0.1600520018994628,1326445.2133250716,-0.1144722600000136,0.717920001314018,1879341.2791119865,164.7622382,2.9854825677556507,-241423.8608527929,114736.6936586746,0.0850826544218029,0.1258605811619486,100181.81945910543,-1.5,268370.0,-0.3816376465290094,-1.3718750000000028,0.012040667615115,1.5845507415779712,164.7622382,0.2780061048383075,-0.455,103022.21622520562,25.39607128754229,1217187.8800774228,0.0026269702276706,-58915.5,484440.4520227106,79991.0,3.0,-0.0069213321558375,-1.0852440041751803,840.0,0.1166526486335997,0.1322484958799712,-71305.0,-1146702.25,78960.0,-519472.1599999964,0.0114464855278616,-0.0111381265333452,-572656.450000003,479027.0,-4376102.0,-2.146999999999992,263925.0,2314897.0
2025-05-22,2314897.0,2358260.0,151.719091,32.666666666666664,152.0588513,1.5,32.85,24.46452503656016,2148461.1109042303,151.719091,152.0588513,71.214,70.5766666666667,0.0,-0.0285929540468998,0.1537729894618441,1294579.043182381,-0.0981190800000035,0.6649331560171495,1878738.4333998547,164.7622382,2.868358870751996,-264380.3502953872,65456.53235784872,0.0861491769635522,0.1306857682589455,103022.21622520112,-1.0,272570.0,-0.3452912040024369,-0.7593749999999986,0.0209477448663089,1.5883419855816998,164.7622382,0.2561912118907301,-0.3899999999999999,104873.7869973403,23.11126389196468,1141934.4980788652,-0.0012401746724891,-4651.5,494161.1976368249,1188.5,-1.4200000000000728,-0.0140444894570391,-0.5295064799680205,-42390.0,0.1260409486581333,0.1320555954472375,-370275.0,-876799.8999999985,-50940.0,-156484.9900000021,-0.0209706056813947,-0.0033820010033849,-572517.3999999985,413121.0,-3665146.0,-1.3125,494952.900000006,2345902.25
2025-05-23,2345902.25,2352610.0,151.719091,32.520833333333336,152.0588513,1.5,33.0,23.854731650274022,2036957.744402807,151.719091,152.0588513,71.12,70.27000000000002,0.0,-0.0258698155662671,0.1453018173125486,1260288.8439526227,-0.0817659000000219,0.643508833209222,1850999.633365891,164.7622382,2.7103443724629384,-555074.4597910643,54110.672133291606,0.0996095624420059,0.099042324581893,104873.78699733608,1.0,212010.0,-0.3124063274307762,0.2062499999999971,-0.0081665181325837,1.5855647341939427,164.7622382,0.250569296463306,-0.3249999999999999,108604.22495815408,23.389123309999214,1084875.0312341377,-0.0057538606831178,31005.25,534363.4853929944,-54608.25,-6.579999999999927,-0.0134715674604319,0.3691369943146441,-5650.0,0.1227976998356592,0.1167662498640254,-453944.0,-597521.1000000015,-47200.0,-14530.890000000596,0.0091189567622202,-0.0003159628494492,-870298.049999997,-128966.0,-4082936.0,-2.0744999999999862,197538.09999999404,2370800.0
2025-05-26,2370800.0,2384070.0,151.719091,32.541666666666664,152.0588513,1.5,32.65,23.06480957629595,1926880.9091411452,151.719091,152.0588513,71.232,71.74333333333335,0.0,-0.0234060236075777,0.1342240693427051,1213437.79866105,-0.0654127200000118,0.6865947988154267,1812454.2394348888,164.7622382,2.5037088848611044,295365.4411414191,77421.08431107318,0.0966505281756108,0.0673426902155664,108604.22495815014,-0.25,150420.0,-0.2826533438659404,-1.0906250000000028,0.0073652233367664,1.6569479711056243,164.7622382,0.2949105338253674,-0.2600000000000002,113449.93901145524,22.75004589353,1174477.4766454955,0.0024890061565523,24897.75,530000.8315699955,-32561.75,2.8299999999999272,9.61382865849736e-05,-0.9100665289534148,31460.0,0.1094959977733482,0.114152178705192,481622.0,-973176.6499999984,-16580.0,130872.7800000012,-0.0026503796149237,0.0028376809529313,-3805.29999999702,258480.0,-1411198.0,2.1315000000000026,602554.9899999946,2355098.25
2025-05-27,2355098.25,2381050.0,151.719091,32.8125,152.0588513,1.5,32.5375,22.20362793972031,1845649.988332924,151.719091,152.0588513,71.06,71.51000000000002,0.0,-0.0211768785021035,0.1198189480749627,1141829.1812647793,-0.0490595400000017,0.6490757599098121,1764033.9723548514,164.7622382,2.2350072258931077,736080.3038898557,67315.26675763773,0.1094398849213338,0.0385262919152795,113449.93901145169,0.0,88330.0,-0.2557339777834699,0.2000000000000028,0.0209423628618623,1.7259330809749576,164.7622382,0.2753118455427637,-0.1949999999999998,116759.8085178088,22.14573521969596,1314469.9443497316,0.0071677355395103,-15701.75,535975.5268309588,51251.5,8.170000000000073,0.0042312391918769,0.3075588547564365,-3020.0,0.0629508520857127,0.1136190396779847,1050605.0,-841373.700000003,22790.0,534213.1300000027,0.0010747130788854,0.0115847556345849,472236.700000003,696570.0,-1043566.0,-2.0585000000000093,674223.0100000054,2344329.5
2025-05-28,2344329.5,2368470.0,151.719091,32.416666666666664,152.0588513,1.5,32.5875,22.121895910738036,1719293.726973373,151.719091,152.0588513,71.452,72.14000000000003,0.0,-0.0191600329305003,0.1006680520073532,1153035.780819626,-0.0327063599999917,0.6770740552650243,1755325.3004011149,164.7622382,1.8777816636466087,844763.798757486,49522.38420929108,0.1077512468945382,0.0238578987411812,116759.80851780552,-0.5,55190.0,-0.2313783608517108,-0.8187500000000014,0.0230001647203654,1.6818863939365825,164.7622382,0.2963023770932616,-0.1300000000000001,118237.9097819448,21.632622270904207,1493256.060867213,0.0113240418118467,-10768.75,515711.38090244273,40201.25,13.0,0.0004293001396974,-0.6830419885536969,-12580.0,0.030459641303431,0.1135309834574099,1597334.0,-780378.5,15860.0,1664015.8599999994,0.0026056120312965,0.0361941607196762,682459.799999997,2403891.0,-793568.0,-0.1344999999999885,601149.0,2308055.75
2025-05-29,2308055.75,2345530.0,151.719091,32.6875,152.0588513,1.5,32.6625,22.36043135826395,1623358.0478948534,151.719091,152.0588513,71.59400000000001,71.18000000000002,0.0,-0.0173352678895071,0.0731336442576839,1195934.9332339575,-0.01635318000001,0.6508155308998028,1764764.5378186342,164.7622382,1.3641767516460257,1065885.341732964,24050.728570310865,0.1103856222194308,0.0140859076071684,118237.90978194184,-0.6875,32580.0,-0.2093423264848812,-0.1437499999999971,0.0385993767313017,1.6855328690462612,164.7622382,0.290321568656095,-0.0649999999999999,117156.644690113,21.987097508355568,1711588.7037899855,0.0116279069767442,-36273.75,528113.4186620541,-1572.75,13.5,0.0047560288492318,-0.0525141801200135,-22940.0,0.0185459888277645,0.1122313127346922,1049123.0,-992793.0,-38540.0,2647141.210000001,-0.0005677851879726,0.0572348702322969,1009290.950000003,2678296.0,-708360.0,-0.539999999999992,591398.5,2278991.5
2025-05-30,2278991.5,2314950.0,151.719091,32.3125,152.0588513,1.5,32.4125,24.293309079949395,1585456.2901398106,151.719091,152.0588513,71.92800000000001,71.71666666666668,0.0,-0.0156842899952778,0.0,1252738.537343026,0.0,0.6596559485004057,1764356.1740391909,164.7622382,0.0,774623.0710917264,-5907.436055433005,0.0820588218032495,-0.0029030576864267,117156.64469011028,-0.5,-6740.0,-0.1894049620577496,-0.7593749999999986,0.0355442526373475,1.686798509167608,164.7622382,0.2793780247243952,0.0,111588.31659436654,23.123555425715644,1902697.935868216,0.0177352064708384,-29064.25,541388.6232793818,-62744.25,20.829999999999927,0.0003833492932882,-0.6695366391562061,-30580.0,0.0041691810171362,0.1130847023270754,321203.0,549003.200000003,-66100.0,4497429.280000001,-0.0103984357365799,0.0964127313157385,789908.0,3177821.0,1008337.0,-0.3155000000000001,320372.9800000042,2206291.25
2025-06-02,2206291.25,2283470.0,151.71567778,32.6875,152.0588513,1.5,32.675,24.479091744443867,1591472.1122248066,151.719091,152.0588513,72.19800000000001,72.9866666666667,-0.9318434999999852,-0.8572870480909387,0.2083665410394462,1257347.4533641988,-0.8852513249999845,0.6574706692456223,1741114.270025788,164.7622382,1.860784261423154,829212.5405115634,-33826.72785967775,0.0826029320574777,-0.0521874481155569,111588.31659436398,-0.4375,-125730.0,-0.0808902037665353,0.3843749999999986,0.036345733608575,1.7866607341493508,164.7622382,0.2819097975691452,0.0950000000000002,102006.60357052836,21.63610050355261,2029992.581373437,-0.01184610107669,-72700.25,560562.9456907026,-76106.75,-14.159999999999854,0.0101131894966591,0.4686335169539077,-31480.0,-0.0169811849755862,0.1098946987673081,265472.0,2532664.25,-85000.0,2660968.289999999,0.0152224673764421,0.0558572573896951,919238.6000000016,414311.0,3650156.0,3.6624999999999934,-467327.6300000101,2224638.0
2025-06-03,2224638.0,2250240.0,151.71226456,32.875,151.1270078,1.5,32.7,22.39741208620348,1575319.8897886863,151.719091,152.0588513,72.384,72.8266666666667,-0.9318434999999852,-0.7756406625584589,0.2868153775595653,1256305.7737642317,-0.8386591499999838,0.6174794237972815,1746901.586407554,164.7622382,2.561359121453945,618816.0128437951,-60670.37282542279,0.0845683712285966,-0.0623257674565903,102006.6035705258,-0.4375,-149570.0,-0.0731863748363892,0.4781249999999986,0.0357333379222521,1.7957419665781746,156.440558,0.3064953725423625,0.09,97274.2197190153,19.81998918555761,2160113.2235960434,0.0023959294597728,18346.75,573965.4781731118,-138038.25,2.8299999999999272,-0.0170198379538308,0.4805493724821019,-33230.0,-0.068881045948305,0.0948901853822428,-213106.0,2039708.700000003,-95290.0,1243662.710000001,-0.0171425377103996,0.02543400353075,763018.6000000015,-1105984.0,3601127.0,-1.0294999999999843,315529.150000006,2126915.25
2025-06-04,2126915.25,2224640.0,151.70885134,32.75,151.1270078,1.6,32.6125,23.90255295770848,1556273.7498242275,151.7020249,151.1270078,72.06,72.36000000000003,-0.9318434999999852,-0.7017701232671811,0.3413785818410877,1260453.8238519933,-0.7920669749999831,0.6539354547236303,1757891.3023184608,156.440558,3.048627140942671,460926.4401920065,-78054.14684204897,0.0843440100705404,-0.0733176431383166,97274.21971901278,-0.1875,-176010.0,-0.0662162438995901,-1.0625,0.027797778234931,1.816046602695448,156.440558,0.3243290760653767,0.0850000000000001,90412.50942341174,20.53317313391173,2203582.7937976946,0.0002787162162161,-97722.75,589920.2955068545,-83417.75,0.3299999999999272,0.0147245020076124,-1.035455329659051,-25600.0,-0.0646745126266363,0.1060633356376736,-112754.0,2265080.350000001,-90310.0,-476478.7200000063,0.0064921207197701,-0.0093162145767377,633869.6499999985,-1637315.0,4137849.0,-1.6060000000000088,-346745.5199999958,2124156.0
2025-06-05,2124156.0,2157330.0,151.70543812,32.395833333333336,151.1270078,1.6,32.5,24.463100133859232,1554934.5340575485,151.7020249,151.1270078,72.43599999999999,71.5766666666667,-0.9318434999999852,-0.6349348734322007,0.3824205034125829,1306458.0709261857,-0.7454747999999825,0.6480851729862376,1874682.4207970095,156.440558,3.41514549527117,144345.2077927664,-131519.94238090143,0.0845271429670206,-0.0852026494110064,90412.50942340918,-0.1875,-200930.0,-0.0599099349567722,-0.5031249999999972,0.0384194989284882,1.8257493775098108,156.440558,0.2976226113089689,0.08,83366.382796563,20.43269905142572,2187061.712723104,0.0045088784375977,-2759.25,594490.2879973031,-152076.25,5.3400000000001455,-0.0055588102943335,-0.484459583977241,-67310.0,-0.0830477353674647,0.1250235267069205,-556016.0,2162504.8999999985,-126140.0,1051255.75,-0.0357938881428269,0.0208998458799618,314240.6000000015,364195.0,3646915.0,1.461500000000001,63925.70999999344,2156778.5
2025-06-06,2156778.5,2176390.0,151.7020249,32.145833333333336,151.1270078,1.6,32.6,24.14186106180821,1484779.404986173,151.7020249,151.1270078,72.80799999999999,72.42333333333336,-0.9318434999999852,-0.5744648854862646,0.4139823386041218,1306269.2002866203,-0.6988826250000102,0.6427975836527893,1914412.7860493409,156.440558,3.697003445655869,-194282.95485416052,-101749.4716779585,0.0759728473099261,-0.0749040427440161,83366.38279656033,-0.75,-176220.0,-0.054204226865651,-0.140625,0.0418427032304327,1.859955503147311,156.440558,0.3064973462642734,0.0750000000000001,79354.43530641607,21.491872049924805,2078291.9384988027,0.0002773878470498,32622.5,579026.0306681137,-82135.25,0.3299999999999272,0.0027914609597341,-0.0990348616936955,19060.0,-0.082397186570288,0.0973297336277876,-769837.0,2272600.0,-73850.0,-311719.5200000033,0.0016562802464152,-0.0062168215132,-71435.10000000149,-902421.0,3314814.0,1.5835000000000008,-921579.1899999976,2111197.0
2025-06-09,2111197.0,2156780.0,151.7020249,32.083333333333336,151.1270078,1.6,32.25,24.01745897316488,1564624.059158767,151.7020249,151.1270078,72.902,74.39000000000003,-0.9318434999999852,-0.5197539440113701,0.4381177260477437,1329521.176961787,-0.6522904499999811,0.6885757134514174,1945213.391984329,156.440558,3.9125406853416234,-37353.95915376395,-109801.42675624834,0.0716587758400454,-0.0953369657770115,79354.43530641333,-0.4375,-227290.0,-0.0490419195451128,-1.1687500000000028,0.0321236489853427,1.8864687144318253,156.440558,0.3115236990035428,0.0700000000000002,87560.13278740352,21.56979591440959,1937583.2981638368,-0.0030084033613444,-45581.5,577987.7125497466,-67859.5,-3.5799999999999272,-0.0046455475005148,-1.0509124939133443,-19610.0,-0.0806187683225079,0.1011328335853746,-507469.0,2098685.0,-67860.0,-1115764.1499999985,0.0050712074313252,-0.0220208116255602,69345.45000000298,-2331020.0,3516718.0,4.211999999999989,205667.93000000715,2202667.25
2025-06-10,2202667.25,2218180.0,151.7020249,32.166666666666664,151.1270078,1.6,32.075,23.492853090187623,1613296.63653493,151.7020249,151.1270078,73.41,74.45000000000003,-0.9318434999999852,-0.4702535683912288,0.4560073870384761,1342193.8110230863,-0.6056982750000088,0.6791962645559149,1941392.6766556837,156.440558,4.072301458101713,-204516.86780578643,-43791.767065177206,0.0678802304544245,-0.0684025954935847,87560.13278740083,-0.75,-162870.0,-0.0443712605408164,-0.1937500000000014,0.0236122582787658,1.918724905545768,156.440558,0.2873382214451394,0.0650000000000001,89081.66414925347,21.06850040874964,1813138.346512838,0.0004888656630872,91470.25,571130.4569306873,-15718.25,0.5799999999999272,0.007693186601866,-0.1026113040168326,61400.0,-0.1095001687194195,0.0893379934701222,-394773.0,1678125.3999999985,60850.0,-2389326.490000002,-0.0075865603838477,-0.0465293578721756,-133379.54999999702,-2509407.0,2973678.0,1.4899999999999949,367124.0699999929,2171272.5
2025-06-11,2171272.5,2206350.0,151.7020249,32.041666666666664,151.1270078,1.6,32.175,22.75487290210225,1654914.9764100227,151.7020249,151.1270078,73.966,74.29000000000002,-0.9318434999999852,-0.4254675142587416,0.4683675502694169,1346894.6738111738,-0.5591060999999797,0.6864151129120607,1944571.369320647,156.440558,4.182681930389031,311713.21484238654,-50324.455916112754,0.0678716900548581,-0.068449252048791,89081.66414925069,0.0625,-162120.0,-0.0401454262035958,-0.421875,0.0171440677966101,1.9193762693025005,156.440558,0.2970253150646834,0.06,91597.13403531334,20.386614700512723,1638007.9123810623,-0.0021061499578769,-31394.75,570297.0947451666,78511.25,-2.5,-0.009440572841908,-0.3190292750628529,-11830.0,-0.064723839016058,0.0898883191769073,513348.0,1600530.450000003,29960.0,-391726.5300000012,0.0023769742424513,-0.0078613248755653,375016.8500000015,448189.0,2821987.0,0.9150000000000064,-42965.0,2187671.0
2025-06-12,2187671.0,2212830.0,151.7020249,32.354166666666664,151.1270078,1.6,32.225,22.143848587463648,1655786.558800359,151.7020249,151.1270078,73.876,73.20000000000003,-0.9318434999999852,-0.3849467986150614,0.4756294957342286,1321014.9066417008,-0.5125139250000075,0.6587827066662413,1940243.872175587,156.440558,4.247533579607135,154795.00390502065,-39668.79344791128,0.0635447996566064,-0.0565756993088981,91597.13403531042,-0.3125,-132700.0,-0.036322052279444,-0.1218750000000028,0.0024504288250444,1.899842098702852,156.440558,0.2815119893202511,0.0550000000000001,92891.56197476789,19.638454831215256,1474011.111176064,0.0008442380751372,16398.5,570431.195082546,14494.0,1.0,0.002220864729095,-0.0624550583901992,6480.0,-0.0738194012403119,0.0748578791188072,219727.0,680208.700000003,56050.0,-447094.9799999967,-0.0136569225470558,-0.0090225874318804,212384.1499999985,1878141.0,2098875.0,0.6599999999999966,119875.0,2127156.25
2025-06-13,2127156.25,2193360.0,151.7020249,32.25,151.1270078,1.6,32.1375,22.037062769971804,1658135.1176794253,151.7020249,151.1270078,73.936,73.30000000000003,-0.9318434999999852,-0.3482851987469644,0.4780256292655487,1285625.7672007957,-0.4659217499999784,0.6658986804528262,1904848.7163513333,156.440558,4.268931869088476,-117245.37741926312,-53506.527405253146,0.0703115998153954,-0.0525238126093435,92891.56197476476,0.0625,-121590.0,-0.0328628092052114,-0.4125000000000014,-0.006805308636871,1.8835761060737692,156.440558,0.2942087153323336,0.05,96425.2475063408,19.41505326855518,1325365.5661517703,0.0018304512863771,-60514.75,550889.8820250229,76474.0,2.1700000000000728,-0.0008944305944664,-0.3392450528292272,-19470.0,-0.0521585104692553,0.0934236559370897,124036.0,859210.950000003,-24820.0,206784.0900000036,0.0107398635073476,0.0042233916468934,-100239.79999999702,404171.0,709938.0,1.421999999999997,301069.1899999976,2072440.25
2025-06-17,2072440.25,2127160.0,151.7020249,32.291666666666664,151.1270078,1.6,32.3,20.562814905636596,1641180.0785227588,151.7020249,151.1270078,73.81400000000001,74.1366666666667,0.0,-0.3151151798186902,0.4756294957341844,1244237.3922573936,-0.4193295750000061,0.6095120459906955,1838151.833129689,156.440558,4.247533579607108,769029.182334952,-108305.90574761014,0.0814541736051145,-0.0684528371294564,96425.2475063374,-0.9375,-156310.0,-0.029733017852334,-0.15625,-0.00853440013335,1.990475412665182,156.440558,0.3190412933517613,0.0449999999999999,100056.62233410231,18.082513063288214,1173071.8513487417,-0.0063906640733538,-54716.0,574069.4186092648,-75511.0,-7.5900000000001455,0.0240020378601228,-0.1372931430359685,-66200.0,-0.0666238772720302,0.0779870208029692,542219.0,1131914.950000003,-79190.0,-203083.4200000018,-0.0112835620420497,-0.0041078525632599,802791.200000003,-1037426.0,-865416.0,3.0634999999999906,414189.1200000048,2050983.25
2025-06-18,2050983.25,2087600.0,151.7020249,32.25,151.1270078,1.6,32.275,19.97733687012407,1576801.7221152305,151.7020249,151.1270078,73.196,73.31666666666669,0.0,-0.2851042103121415,0.4683675502693263,1185386.5572108864,-0.372737399999977,0.5300489519323728,1741051.5101959864,156.440558,4.182681930388975,1136852.4983030558,-133783.438533552,0.0879203650750126,-0.0722767349260523,100056.62233409846,-1.0,-162640.0,-0.0269013018663977,-0.0843750000000014,-0.0355306334371754,2.0132478996056937,156.440558,0.3262154722550696,0.04,102347.78908831578,18.18244059669687,1054538.0541227667,-0.0246423971256185,-21457.0,613944.5297471106,-98832.25,-29.079999999999927,0.0170657186202923,-0.1242176056039667,-39560.0,-0.060667874198386,0.0728224311141043,1170335.0,839379.200000003,-125230.0,528430.4199999943,0.001046713487938,0.0107610676215172,1188441.8999999985,-489570.0,-498552.0,-2.0324999999999847,193036.6899999976,2064098.625
2025-06-19,2064098.625,2068740.0,151.7020249,32.604166666666664,151.1270078,1.6,32.475,19.33509677003531,1455047.1072639269,151.7020249,151.1270078,72.81,72.41333333333336,0.0,-0.2579514283776518,0.456007387038334,1155768.8730211766,-0.3261452250000047,0.5431238833165197,1622511.104516909,156.440558,4.072301458101629,283497.6413218081,-138105.96819702303,0.0837202093031788,-0.0700787543153049,102347.7890883114,1.5,-155900.0,-0.0243392731172171,0.7250000000000014,-0.0157455361238292,1.950766650914289,156.440558,0.3501130734290098,0.0350000000000001,105169.92466598042,17.5332427120535,1043714.2423420486,0.0044917463075586,13115.375,580387.0826701369,-136687.75,5.170000000000073,-0.0119584943291654,0.6792793092154596,-18860.0,-0.0780597787145593,0.0764491169332728,631204.0,163595.5,-124620.0,-24132.060000002384,0.0149521876771129,-0.0004908042319361,301561.5,916490.0,-1243055.0,-1.412000000000006,1371672.700000003,1977115.875
2025-06-23,1977115.875,2064100.0,151.7020249,32.25,151.1270078,1.6,32.2375,18.17017727229515,1349042.1335559385,151.7020249,151.1270078,73.216,72.20333333333336,0.0,-0.2333846256750291,0.4381177260475446,1166420.9466987895,-0.2795530500000041,0.6071463124602502,1484168.786653741,156.440558,3.912540685341507,655657.1040530652,-129151.11408302096,0.0903586627462714,-0.0432154561425466,105169.92466597576,-0.9375,-93230.0,-0.0220212471060534,-1.15625,-0.0147113671211305,1.974112658760179,156.440558,0.3897223048035292,0.0300000000000002,113740.30157043724,16.249012755428847,1039816.174868076,0.0096525597446741,-86982.75,550770.5086714304,-63057.625,11.159999999999854,-0.0068857865808224,-1.1383901488050585,-4640.0,-0.0295341457540444,0.0959590078584734,105155.0,357568.75,-63060.0,492768.9900000021,0.0195521299791556,0.0100085564060763,654772.0,2480610.0,-803420.0,2.189500000000009,39656.76999999583,2064589.5
2025-06-24,2064589.5,2074380.0,151.7020249,31.8125,151.1270078,1.6,32.0125,16.008141842966293,1264918.482043703,151.7020249,151.1270078,73.012,72.99333333333335,0.0,-0.2111575184678713,0.413982338603857,1113963.9536184857,-0.2329608750000034,0.644522403246552,1298998.0616967806,156.440558,3.697003445655719,800027.6655718237,-107550.05559892394,0.0896153874767449,-0.0468711949604621,113740.30157043238,-1.5625,-102010.0,-0.0199239854769053,-1.2906249999999986,-0.0107392234587762,1.8658281638043637,156.440558,0.2747905151712395,0.0250000000000001,110846.0759576982,14.151779235350055,1100149.3305240618,0.0074272056744879,87473.625,467789.8768127841,-95324.375,8.670000000000073,0.0308698264068994,-1.2561625155855296,10280.0,-0.0692228466270838,0.1211854740353701,-153753.0,-605119.950000003,-13220.0,566543.7900000066,0.0252626328694595,0.0114143852896266,766505.1499999985,1766292.0,-1760060.0,-0.0709999999999979,797751.5300000012,2024392.625
2025-06-25,2024392.625,2064900.0,151.7020249,31.479166666666668,151.1270078,1.6,31.9875,13.635294758796636,1140783.4980920143,151.7020249,151.1270078,72.046,72.86333333333334,0.0,-0.1910472786137802,0.3824205034122376,1192045.5561551105,-0.1863687000000027,0.6397197551497189,1102200.7483086234,156.440558,3.415145495270976,739448.0307554603,-105884.33601807384,0.0996442509377454,-0.042600543402665,110846.07595769272,0.6875,-91880.0,-0.0180264630505333,-0.1156250000000014,0.0017563866714391,1.8912346287692987,156.440558,0.2739035719640262,0.02,105797.66170418884,12.5268769052691,1232403.0196802765,0.0002806122448979,-40196.875,469538.4019396732,13606.25,0.3299999999999272,-0.0148852605165829,-0.062123228386909,-9480.0,-0.0427438422628935,0.1362624338690156,687017.0,-718764.8999999985,-3840.0,1469379.380000003,0.0196629054567742,0.0298993019601119,710125.0,2603253.0,-1714979.0,-1.9699999999999989,577116.7900000066,2038948.5
2025-06-26,2038948.5,2066810.0,151.7020249,31.75,151.1270078,1.6,31.9375,12.283550093361097,1016801.440829354,151.7020249,151.1270078,72.184,71.59666666666669,0.0,-0.172852299698178,0.3413785818406373,1455825.447190795,-0.139776525000002,0.6064602185698283,1113174.7514177826,156.440558,3.048627140942419,1340284.4563977942,-94072.01830206672,0.1087013186749808,-0.0682406297054342,105797.66170418257,-0.375,-151370.0,-0.0163096570457206,-0.1843750000000028,0.0063720759990684,1.8266543331005665,156.440558,0.254630114625204,0.0150000000000001,98299.57764760796,11.932393371771951,1425994.5154205223,0.0155908631081416,14555.875,566320.0873278177,-39706.0,18.340000000000146,0.0235260544779686,-0.1693019685405374,1910.0,-0.0411161890624134,0.1743305290611259,987760.0,-684526.700000003,2710.0,3150541.280000001,0.0164432063761321,0.0633560645546438,1367220.75,2864759.0,-1271582.0,-1.6234999999999928,618081.4199999869,2041077.75
2025-06-27,2041077.75,2057790.0,151.7020249,32.104166666666664,151.1270078,1.6,31.7125,11.65745593810004,874647.599594833,151.7020249,151.1270078,72.324,71.2666666666667,0.0,-0.1563901759174086,0.286815377558951,1658509.0596870831,-0.0931843500000013,0.6072817455006286,1317486.2855823208,156.440558,2.561359121453603,707720.5557884797,-93273.7308447268,0.1537868907564617,-0.0673329254198109,98299.57764760069,-0.125,-148560.0,-0.0147563563746997,-0.1812499999999985,0.0036576322871448,1.8284621090452011,156.440558,0.2557173948581728,0.01,88535.26031787257,11.356122577700395,1619379.75147757,-0.0040513279817858,2129.25,593242.5202057557,61832.625,-4.8400000000001455,-0.0067841038705662,-0.1531779715366781,-9020.0,-0.0743274999889338,0.1442913917719758,201109.0,-189111.45000000295,-16590.0,3736646.9799999967,-0.0412431148921403,0.0744341079447565,762114.1499999985,2606626.0,-693572.0,-0.9300000000000068,305628.5800000131,1994824.5
2025-06-30,1994824.5,2062870.0,151.7020249,32.0,151.1270078,1.6,31.8375,11.895952164333588,721304.3836259791,151.7020249,151.1270078,71.846,71.87000000000002,0.0,-0.1414958734490881,0.2083665410384931,2363999.085134536,-0.0465921750000006,0.6003699517336005,2128962.239691739,156.440558,1.8607842614226209,2186238.217141956,-79794.32790713385,0.1999527742146472,-0.0677684232408273,88535.26031786398,-0.5625,-149960.0,-0.0133509891009189,-0.3250000000000028,0.012588028900917,1.8045360243456976,156.440558,0.2427361445986478,0.0050000000000001,82501.56531189028,12.186655169088873,1906093.7201352844,0.003571938848407,-46253.25,811085.2989867862,-23511.75,4.25,0.0136502167316353,-0.3082324504379485,5080.0,-0.0599624183514505,0.1194696856428199,1892500.0,1249682.5,-2030.0,7254072.289999999,-0.0038413920192837,0.1433224500300642,2354956.1499999985,5786461.0,1790486.0,-0.2634999999999934,1160804.0,2031093.125
2025-07-01,2031093.125,2035580.0,151.68617204000003,32.3125,151.1270078,1.6,32.2375,12.456875453098512,688799.1912269763,151.7020249,151.1270078,71.52,71.88666666666668,-0.0959939999999903,-0.2148717902634587,0.0214649109364804,2756733.0266787754,-0.0911943000000121,0.625156230471422,2522040.7134643337,156.440558,0.4715968434866077,1305847.5774141476,-96885.82048740704,0.1612362276502608,-0.0719352956195061,82501.56531188062,0.875,-157780.0,0.2593491050991683,0.7531249999999972,0.0300219794858134,1.823957236341765,156.440558,0.2242294416441648,0.2850000000000001,74362.04771636266,14.749122890951252,2098788.7037955835,0.0074701862521775,36268.625,885847.9672234665,-29568.125,8.920000000000073,0.0082040466333849,0.7389801638894724,-27290.0,-0.0881515090706052,0.1233209079448179,407648.0,-380154.8999999985,-31230.0,3810304.2700000033,0.0121532598683713,0.0720582919403167,1522877.6499999985,3211923.0,-72390.0,-1.5990000000000038,-300627.79000000656,2063026.625
2025-07-02,2063026.625,2076170.0,151.67031917999998,32.458333333333336,151.0310138,1.6,32.3,16.56148018910176,731408.3778602764,151.7020249,151.1270078,71.684,71.7966666666667,-0.0959939999999903,-0.1944078102383741,0.0295463297740909,3006776.130148634,-0.0863945999999771,0.5828818349801863,2763393.61421545,156.440558,0.649150415634079,755686.6176604182,-50934.31377432076,0.1828864202814442,-0.0239709283739821,74362.04771635149,0.1875,-50990.0,0.2346491903278189,0.2906249999999986,0.0494447760190315,1.7064375788553985,154.3315128,0.261186740421191,0.2699999999999998,70368.68209028125,18.24081896677589,2242314.4129980323,0.023549459684123,31933.5,915785.7476405852,-7855.375,28.329999999999927,-0.019323444602986,0.2162201482809536,40590.0,-0.0451603519957689,0.1512311527445763,495100.0,-1425617.25,18380.0,2110919.6899999976,-0.0150096196302306,0.0391364872582653,993741.6499999984,2651871.0,-1655857.0,-1.0215000000000032,112726.79000000656,2078160.75
2025-07-03,2078160.75,2093480.0,151.65446631999998,32.729166666666664,151.0310138,1.9,32.425,19.029379300973755,894056.3534408528,151.6227606,151.0310138,71.638,71.25000000000001,-0.0959939999999903,-0.1758927806918677,0.0351671665696589,3185575.599223667,-0.0815948999999989,0.535451650844382,2999940.8361876686,154.3315128,0.772643538767076,768137.9874070436,-30421.99817676656,0.1956435506376399,0.0028166315386088,70368.68209026914,0.375,5880.0,0.212301648391836,0.5093749999999986,0.0731020344881048,1.7109403385591275,154.3315128,0.2594938834703262,0.2549999999999999,63174.57853726924,20.62599516577768,2326589.61053506,-0.0035814931821687,15134.125,943492.3653710228,21948.875,-4.409999999999855,-0.0052234983676653,0.3652706103494338,17310.0,-0.0045422901818279,0.1105465200609927,-1120240.0,-2263132.5,30610.0,-1260495.5600000024,-0.0192781907540915,-0.0217823600986584,1016600.3500000016,-1699101.0,-2506203.0,-1.6670000000000016,-438765.3300000131,2078697.0
2025-07-04,2078697.0,2091100.0,151.63861346,32.333333333333336,151.0310138,1.9,32.375,22.360608285467546,1078992.277735306,151.6227606,151.0310138,71.518,71.26333333333336,-0.0959939999999903,-0.1591410872926246,0.0393951063682735,3324574.531953731,-0.0767951999999922,0.5301265210180593,3218241.134649545,154.3315128,0.8655338875101136,40066.4647968486,-29677.99835040793,0.1753073783264906,0.0108085114610825,63174.57853725542,-1.375,22360.0,0.1920824437830897,-0.3718750000000028,0.0679297401265897,1.6561225323353366,154.3315128,0.2576459499347455,0.2399999999999997,62423.59931295728,23.98803969524771,2386281.703968623,0.0105222834414631,536.25,937964.1437856476,83336.25,12.909999999999854,-0.011949930265823,-0.461183733493371,-2380.0,0.0132509614595828,0.1123321783962278,-1101161.0,-2738320.8999999985,55520.0,179258.5700000003,-0.0015134519430369,0.0031621745086587,253021.20000000295,-1023621.0,-2644737.0,-1.3944999999999936,271042.49000000954,2049934.125
2025-07-07,2049934.125,2079810.0,151.6227606,32.125,151.0310138,1.9,32.375,27.046039091292137,1076906.5985006148,151.6227606,151.0310138,71.49199999999999,71.55000000000003,-0.0959939999999903,-0.1439847932647637,0.0426464536252144,3376535.5733685084,-0.0719954999999856,0.5346158852242227,3318491.447860205,154.3315128,0.9369679180246676,361499.8491019085,-37066.28422179772,0.1420049461183859,0.0076110653553607,62423.59931294318,0.625,15710.0,0.1737888777085097,-0.2937500000000028,0.0787937415881561,1.6474665558472312,154.3315128,0.2596847268975462,0.2249999999999998,62054.33750516242,29.18983662347186,2426336.723012009,0.0145907100166959,-28762.875,925503.8245675124,47603.875,18.090000000000146,-0.0045352289300612,-0.360713854113051,-11290.0,0.0070725181554733,0.0993776347112823,-271060.0,-1006439.6000000016,3640.0,-522477.799999997,-0.0023977366558829,-0.0093219201636275,539738.3999999985,-1574006.0,-1357026.0,-0.1574999999999988,129573.42999999224,2129785.5
2025-07-08,2129785.5,2134250.0,151.6227606,32.041666666666664,151.0310138,1.9,32.2625,30.64665550570893,1145876.1594180416,151.6227606,151.0310138,71.516,71.68333333333337,-0.0959939999999903,-0.1302719558109686,0.0451327642368387,3351205.727385491,-0.067195799999979,0.5304851304998544,3352743.795364056,154.3315128,0.991593639015416,820907.5301398262,15719.076180278324,0.1704033172568564,0.0288616357658673,62054.33750514804,1.4375,59870.0,0.1572375560219849,0.2749999999999986,0.0703154470999487,1.6543448377254537,154.3315128,0.2551674908472888,0.2099999999999999,60556.12851724193,32.546807665425966,2353379.9153901087,6.359704909697506e-05,79851.375,904653.962547876,-13092.5,0.0799999999999272,0.0234872779529577,0.1825684177072375,54440.0,0.0368305423676798,0.0962302546875855,181451.0,-2066270.25,40770.0,-1269961.9399999976,-0.0086580968584313,-0.0224346257275119,967543.700000003,-1526822.0,-1705167.0,-1.156000000000006,-346468.37999999523,2068736.0
2025-07-10,2068736.0,2129790.0,151.6227606,31.89583333333333,151.0310138,1.9,32.0375,33.73238039490626,2078092.178311904,151.6227606,151.0310138,71.46799999999999,71.71333333333335,-0.0959939999999903,-0.1178651028765784,0.0469756703871158,3199701.4938599025,-0.0623961000000008,0.539363355211128,3321156.9790793634,154.3315128,1.032083381812456,1070859.4796503186,10186.783210727852,0.2646114375741014,0.0314252506174632,60556.12851722712,-0.8125,64890.0,0.1422625506865578,-0.78125,0.0629694874692547,1.4205043581709362,154.3315128,0.258095834525129,0.1949999999999998,60071.79816689883,35.32373058023394,2274099.6828352613,0.0025198728139905,-61049.5,901807.6908504076,51624.75,3.1700000000000728,-0.0081724639395932,-0.7961285744553592,-4460.0,0.0315781902407235,0.0830630873329419,1267979.0,7484507.049999997,38690.0,-2318374.160000004,-0.0089840305734604,-0.0407678947584846,1201720.1499999985,-2442154.0,8193073.0,-0.9030000000000058,359112.87999999523,2007432.625
2025-07-11,2007432.625,2068730.0,151.6227606,31.52083333333333,151.0310138,1.9,31.65,36.20297944632277,2670996.859939544,151.6227606,151.0310138,71.352,71.0166666666667,-0.0959939999999903,-0.1066398549835696,0.0482489544839092,3030368.160659388,-0.0575963999999942,0.6191419545351927,3221512.660757837,154.3315128,1.0600581897425645,323096.3387312442,-46028.14852362732,0.1737152363394644,0.0009289678296504,60071.79816688379,-1.3125,1920.0,0.1287137363354569,-1.3218749999999986,0.0587462183206863,1.4450018211620443,154.3315128,0.2244317350188232,0.1799999999999999,53924.83507053824,37.62775938823127,2196637.467992994,0.0003250949515132,-61303.375,828978.8536321862,-9961.0,0.4099999999998545,0.026108887496276,-1.2857829959358045,-61060.0,0.0219045329707225,0.0832467308596291,194740.0,7161705.799999997,-11080.0,-1557654.3299999982,-0.0013035107432612,-0.0280527906080224,385722.700000003,-1145875.0,8091947.0,-1.7325000000000017,277850.400000006,2064025.0
2025-07-14,2064025.0,2066790.0,151.6227606,30.39583333333333,151.0310138,1.9,31.1,38.40919036131751,3008171.611786226,151.6227606,151.0310138,71.076,70.53000000000003,-0.0959939999999903,-0.0964836783184637,0.0489970449014258,2935230.3376432816,-0.0527966999999875,0.9130079246052454,3123800.31026562,154.3315128,1.076494180577106,977971.0207568408,-43399.75342613878,0.157029137579811,0.0043736241307421,53924.8350705209,-3.0,9000.0,0.1164552852558895,-2.8531249999999986,0.0718981919609504,1.505385420137208,154.3315128,0.2158998161588194,0.1649999999999998,47909.87906532633,40.12658539579444,2091964.4297865552,0.0036382948366335,56592.375,823288.4636059944,-42501.5,4.5900000000001455,0.0238451594886859,-2.69011318679906,-1940.0,-0.0154569254691817,0.0765671644837616,406740.0,5890398.149999999,-67460.0,-1759204.6400000006,-0.0009986113989603,-0.0317905963366252,1030858.3999999984,-733243.0,6509605.0,-2.0519999999999925,438082.2699999958,2075071.75
2025-07-15,2075071.75,2082750.0,151.6227606,29.604166666666668,151.0310138,1.9,30.525,40.92630262211812,3036304.9687988274,151.6227606,151.0310138,70.262,69.54000000000002,-0.0959939999999903,-0.08729475657384,0.049243882961896,2836669.988680178,-0.0479969999999809,1.1115608099459833,2985675.1553394743,154.3315128,1.081917359386433,1036767.5902085676,-24826.443576030437,0.1358456918016796,0.0096370590488008,47909.87906530645,-2.875,19880.0,0.1053643057077096,-2.7437499999999986,0.0577237307758629,1.6798884674768613,154.3315128,0.1516796737576551,0.1499999999999999,37742.11890503844,41.8375056208972,1980441.5362323583,0.0085533538150484,11046.75,798952.3839807961,-65760.5,10.829999999999927,0.0283601163673582,-2.490459549961056,15960.0,0.0112427123366565,0.0834750851302308,211996.0,1916317.549999997,-47040.0,-837384.1499999985,-0.0013835464956601,-0.0153509687583599,1070677.3999999985,218613.0,1043986.0,-3.323999999999998,629528.450000003,2027274.125
2025-07-16,2027274.125,2075070.0,151.6227606,29.39583333333333,151.0310138,1.9,30.0625,41.77097900584412,3072970.501174636,151.6227606,151.0310138,69.65,68.84666666666669,0.0,-0.0789809702334594,0.0489970449013816,2628207.6288298587,-0.0431973000000027,1.1641753632133929,2829719.823454485,154.3315128,1.0764941805770694,618016.2482839376,-29410.59180688439,0.1370973260353498,0.0193998762023599,37742.11890501273,-2.875,39490.0,0.095329609926023,-1.5187500000000007,0.033495530157293,1.7634937661250332,154.3315128,0.1291885119545225,0.135,34139.14140953355,42.41257612337052,1833943.8817538277,-0.0133750978856694,-47797.625,695004.6295813546,6335.75,-17.079999999999927,0.0163599069232602,-1.235415783298098,-7680.0,0.0402277242935407,0.0740999562860307,572052.0,2114217.950000003,6340.0,-1159872.0100000054,-0.000736631603091,-0.0214917794107523,592335.1499999985,-1497891.0,2985502.0,-3.1444999999999936,24515.8900000006,2066134.25
2025-07-17,2066134.25,2075330.0,151.6227606,29.729166666666668,151.0310138,1.9,29.8,42.266854065958,3268053.571755316,151.6227606,151.0310138,69.03,68.30333333333336,0.0,-0.0714589730683599,0.0482489544838193,2380425.370799784,-0.0383975999999677,1.2041765312520836,2654427.9098173226,154.3315128,1.0600581897424903,780577.2246378511,-26374.34496813361,0.1337720348627622,-0.000404591146197,34139.14140950462,-2.4375,-840.0,0.0862505994568778,-1.46875,0.0332818019432405,1.6063987182855162,154.3315128,0.1212658283756857,0.1200000000000001,33950.40982476654,42.588733634979256,1680086.551108512,0.0050241285160961,38860.125,682503.9292082479,19841.5,6.329999999999927,0.0451606802835863,-1.1743047563173263,260.0,-0.0018802682914895,0.0972808562701774,58960.0,4741103.25,8540.0,-564076.4900000021,0.0254443973848438,-0.0105281245876064,748541.799999997,-1675868.0,7053811.0,-2.806999999999988,255262.3599999994,2075286.0
2025-07-18,2075286.25,2116570.0,151.6227606,30.375,151.0310138,1.9,29.8375,41.15549912416702,3268644.696054385,151.6227606,151.0310138,68.53,68.13000000000002,0.0,-0.0646533565856657,0.0469756703869773,2197785.978394181,-0.0335978999999895,1.196451716753988,2492556.8179451064,154.3315128,1.0320833818123418,-1657.320565752685,13449.878362164833,0.1296513495023171,0.0110294820108145,33950.40982473742,-1.75,23090.0,0.0780362566514609,-0.5249999999999986,0.0493478348115743,1.755809604833389,154.3315128,0.1181664615418093,0.1049999999999999,34427.68761875911,40.666054572251056,1517675.4288059687,0.013883514313919,9152.0,670957.1957429252,2109.25,17.579999999999927,-0.0024972258186433,-0.2707995414299589,41240.0,0.0015063426532364,0.1043307698754369,-891379.0,837012.8999999985,33820.0,-903319.3599999994,0.0040138789228747,-0.0168178669258891,-58892.5,-1912297.0,4223330.0,-3.0660000000000025,637009.8599999994,2042465.0
2025-07-21,2042465.0,2095370.0,151.6227606,30.875,151.0310138,1.9,30.35,39.5420371383931,3261814.4149001287,151.6227606,151.0310138,68.736,69.00666666666669,0.0,-0.0584958940536921,0.0451327642366465,2006771.0916506716,-0.0287981999999829,1.1268761767649578,2262492.987099779,154.3315128,0.9915936390152577,273671.1861547902,-7012.014815184288,0.1277878826758035,0.0020419874707091,34427.678331182266,-0.1875,4270.0,0.0706042322084645,0.2406250000000014,0.0302691294550763,1.7549457181600647,154.3315128,0.0936258277067965,0.0899999999999998,34333.71835741611,38.81502821750768,1480066.7388831694,0.0016902549402959,-32821.25,587977.9504513999,214.25,2.1700000000000728,-0.0112069756096571,0.3770147006109887,-21200.0,-0.0013833145486941,0.1081374484902486,-233546.0,1089150.700000003,20300.0,-210820.80999999493,-0.0096076246397676,-0.0039921909447221,163835.75,-245758.0,5276641.0,-0.0035000000000025,329804.8900000006,2010482.0
2025-07-22,2010482.0,2064390.0,151.6227606,32.020833333333336,151.0310138,1.9,31.25,36.87639710111781,3257185.499349734,151.6227606,151.0310138,68.31800000000001,68.35333333333335,0.0,-0.0529248565247542,0.0426464536249622,1967547.98775408,-0.0239984999999762,1.221126226016651,2076942.6694243904,154.3315128,0.936967918024458,510231.596997194,-34373.72768992884,0.1310257334386416,-0.0074141387915241,34333.70862988102,1.625,-15420.0,0.0638800196171822,2.0031250000000007,-0.0032359431409701,1.772172247183801,154.3315128,0.1306803485898136,0.0749999999999999,31286.14001470813,35.94123746148351,1388643.1167667618,-0.0154199066874027,-31983.0,543813.012823156,15190.875,-19.829999999999927,-0.0132768219217434,2.037537110076609,-30980.0,-0.0174301497524651,0.0889560862491092,-188004.0,954579.1499999984,-10940.0,-775732.3299999982,-0.0088969766991775,-0.0146325984166852,380242.3500000015,-666434.0,3631957.0,-4.189499999999995,70778.8900000006,2083677.0
2025-07-23,2083677.0,2088310.0,151.6227606,32.625,151.0310138,1.9,31.775,34.01175342903144,3223373.7261975333,151.6227606,151.0310138,68.19800000000001,68.29333333333335,0.0,-0.0478843939985722,0.039395106367949,1905362.5295404363,-0.019198799999998,1.246091752080283,1915043.5101101564,154.3315128,0.865533887509842,278993.8258546069,-9458.134576602371,0.1314557594528189,-0.0215251259224551,31286.130041248667,0.3125,-45940.0,0.0577962082250695,1.1656249999999986,0.0005012570587177,1.7852138306256171,154.3315128,0.0984077320263376,0.06,31987.40985513378,32.62746774292123,1333435.9063688193,-0.005133591855754,73195.0,504807.9840542826,-55652.25,-6.5,-0.0089498731293448,1.1649145281645517,23920.0,-0.0192455574639501,0.0971247940634126,392535.0,953026.299999997,-28260.0,-474714.4600000009,-0.0010409186203229,-0.0089893455823524,126032.64999999852,159018.0,5029724.0,-2.540999999999997,45059.67000000179,2135086.0
2025-07-24,2135086.0,2137480.0,151.6227606,33.291666666666664,151.0310138,1.9,32.4875,30.375855041054123,3178826.3524066173,151.6227606,151.0310138,68.23400000000001,67.4666666666667,0.0,-0.0433239755225258,0.0351671665692374,1882123.256173166,-0.0143991000000198,1.3218650848815183,1752072.841722402,154.3315128,0.7726435387667182,354359.7948208302,35929.783002121374,0.1352873509140836,0.0036106846214885,31987.40049290421,2.25,7690.0,0.0522918074417295,1.96875,0.0044558402776693,1.823606605777676,154.3315128,0.1065572115929689,0.0450000000000001,36166.762315412496,29.78568187904323,1318068.2695876174,0.0018496907920326,51409.0,459817.8602844192,8391.0,2.3299999999999272,0.0166448889374132,1.845636954053642,49170.0,-0.0216493632809501,0.0867329722994065,201066.0,767182.0,42110.0,276732.1799999997,0.0095376854341483,0.0052613203821592,181589.45000000295,684323.0,-4864367.0,-1.6740000000000066,321497.4399999976,2197098.0
2025-07-25,2197098.0,2210360.0,151.6227606,33.270833333333336,151.0310138,1.9,32.9875,28.422390525065836,3126821.3471293547,151.6227606,151.0310138,68.672,68.72000000000003,0.0,-0.0391978826156105,0.0295463297735184,1897355.195692343,-0.0095993999999848,1.378643498056726,1791012.828267854,154.3315128,0.6491504156335888,421133.00483789295,98446.9465257288,0.133647079090488,0.068462293291053,36166.75604864075,2.6875,141630.0,0.0473116353044218,1.7124999999999986,0.0150603115118868,1.8062627890653984,154.3315128,0.0941624733053052,0.03,47333.15814144431,27.425630823231447,1395017.6249653725,0.0124801901743265,62012.0,461233.0196825527,92621.0,15.75,-0.0114203353381834,1.5002191489056749,72880.0,0.0320727246009158,0.1238305493317514,21900.0,212596.8500000015,145970.0,-95244.9200000018,0.0368023954578208,-0.0018232792636505,267123.049999997,1358233.0,-5297444.0,0.0019999999999953,817688.0,2213570.0
2025-07-28,2213570.0,2230020.0,151.6227606,33.229166666666664,151.0310138,1.9,33.1875,25.51522340220879,3097143.461666528,151.6227606,151.0310138,69.114,70.53333333333336,0.0,-0.0354647509379333,0.0214649109355979,1896685.4866141467,-0.0047997000000066,1.3915680938659325,1828441.4486962704,154.3315128,0.4715968434858417,623718.432948567,106858.6659042309,0.1329650467298681,0.0789775448884502,47333.15555122883,3.5625,163230.0,0.0428057652754292,0.8718749999999993,0.0107494404559991,1.892694820676308,154.3315128,0.0924796248942241,0.0149999999999996,57237.79997041682,23.463419210596037,1507516.1778965837,0.0074975542946584,16472.0,435006.8185870518,186616.0,9.579999999999927,-0.018740541080795,0.6222220871051363,19660.0,0.0944815644809,0.1432441582897553,492010.0,-765890.3500000015,141710.0,275154.7899999991,0.0182771996288441,0.0052576826614452,468478.299999997,1777201.0,-5231521.0,3.0090000000000146,592631.099999994,2304342.0
2025-07-29,2304342.0,2308980.0,151.6227606,33.791666666666664,151.0310138,1.9,33.55,22.480985761103717,3100065.826908376,151.6227606,151.0310138,69.704,70.80333333333336,0.0,-0.0320871556104975,0.0,1667111.7738074502,0.0,1.6035527989263745,1634991.6771706648,154.3315128,0.0,381362.0583820343,168121.65010382794,0.1365698320231683,0.1086208138278717,57237.79981105874,6.3125,226230.0,0.0387290257253882,3.3874999999999997,0.0131038605153046,1.808874031866883,154.3315128,0.09749752462686,0.0,73941.19143971158,19.826023196521145,1694885.8762038092,0.0072553269169521,90772.0,393714.701108757,129893.0,9.340000000000146,-0.024590323615007,2.9945104597617918,78960.0,0.0724530952871209,0.1861542679411115,177130.0,703973.950000003,171500.0,-55399.39999999851,-0.0025851471965788,-0.0010477584519769,294923.6000000015,1915890.0,129368.0,-0.7039999999999935,572541.8000000119,2306756.25
2025-07-30,2313420.0,2321000.0,151.6227606,34.25,151.0310138,1.9,33.9625,18.981382124858644,3063347.848613651,151.6227606,151.0310138,69.64200000000001,69.91000000000003,0.0,-0.029031236028544,0.0,1579832.159813604,0.0,1.7148580336736725,1504611.0034762009,154.3315128,0.0,631040.719488509,162985.30247489177,0.1410700343905457,0.11851648378127,73941.1940702977,4.6875,245930.0,0.0350405470848751,2.796875,0.0367662010605185,1.869768561530741,154.3315128,0.090731749982375,0.0,87749.9045912072,19.445688055372983,1855450.9103595363,-0.0019280156092144,9078.0,416192.07822199335,169256.0,-2.5,-0.0118237294864565,2.2569380350225714,12020.0,0.1104878662629376,0.1463343934738585,382131.0,-434780.25,110640.0,1958305.3900000008,0.0320330668844745,0.0375564343804775,586734.049999997,3205896.0,-1267018.0,-2.3814999999999884,407133.1999999881,2319510.5
2025-07-31,2319510.5,2349560.0,151.6227606,35.479166666666664,151.0310138,1.9,34.5,25.43121577492837,3002552.051737271,151.6227606,151.0310138,69.79599999999999,68.60333333333335,0.0,-0.0262663564067793,0.0,1734797.3272882923,0.0,1.9651674798045704,1545315.397839185,154.3315128,0.0,611965.3176324666,173302.8927153782,0.1703166545487514,0.1321380214230989,86922.37678445678,6.25,274230.0,0.0317033521244107,4.106250000000003,0.0740941720026666,1.8218429073199296,154.3315128,0.0965767313703295,0.0,99388.29407320626,28.05896368644749,2087003.1214839783,0.0445536521477083,6090.5,429425.6712165304,109658.25,57.659999999999854,-0.0606858183285981,3.3991344126394694,28560.0,0.1378610428424425,0.2383558507093542,159233.0,2097076.3500000013,119540.0,3920686.399999999,0.0487052010566928,0.0745250022061336,581984.6499999985,3979919.0,-1346583.0,-0.4320000000000021,1167281.800000012,2278848.75
2025-08-01,2278848.75,2321490.0,151.59857978,36.10416666666666,151.0310138,1.9,35.25,30.20117520807548,2887877.340513748,151.6227606,151.0310138,69.86800000000001,68.99333333333335,0.418155200000001,0.3545660965843353,0.0935023452327903,1793050.1304916723,0.397247440000001,2.2588368134943324,1567948.1079089867,154.3315128,0.7826184926460699,-73443.76023729146,131401.18864724692,0.2071356236679515,0.0968170199898892,98704.01543661812,6.25,204920.0,0.0286839852554192,4.756250000000001,0.05236627324394,1.8055979473218824,154.3315128,0.0978785153244675,0.0,105219.47073663624,31.61071943435261,2248670.3134590173,0.007027510855655,-40661.75,423465.18434593285,105940.5,9.5,-0.0088424576885493,3.867073992388093,-28070.0,0.1226330041235219,0.1693207006628418,-331694.0,2991363.200000003,12510.0,4021892.579999998,-0.0730000644841348,0.0761450809810175,-121924.35000000148,2389823.0,3765373.0,0.8045000000000044,310534.5,2287329.0
2025-08-04,2287329.0,2311240.0,151.57439896,36.85416666666666,151.449169,1.9,36.1375,34.01116743460408,2719498.369497915,151.6227606,151.0310138,69.67,70.58000000000003,0.418155200000001,0.320797896909653,0.1287054549023412,1781619.7566563953,0.3763396800000009,2.477605287474891,1444177.7571389787,154.3315128,1.0772699749849275,138364.55026150495,109612.98020465206,0.2162373512807851,0.1030223779093906,104607.00528246078,5.4375,215870.0,0.0259521771358555,4.368749999999999,0.0571193136749044,1.8572954304025064,150.8315365,0.0901326590066411,0.0,110389.06618371936,34.32515910185804,2338376.2674553907,0.000367287872889,8480.25,342133.6286721505,-25493.25,0.5,-0.0248441190109044,3.385685993113036,-10250.0,0.0980890103821834,0.1340072339240008,-421425.0,3882240.899999999,-9760.0,1199713.880000003,-0.038923579588522,0.022175319695304,46168.29999999702,-258287.0,4775105.0,2.4809999999999945,-237726.1000000089,2415040.75
2025-08-05,2346867.25,2351290.0,151.55021814000003,37.583333333333336,151.449169,1.9,36.775,36.43349624209262,2626369.2469324456,151.5018565,151.449169,69.634,70.53333333333336,0.418155200000001,0.2902457162516043,0.1531901324251381,1808604.5127212056,0.3554319200000009,2.786052550794168,1431946.314678827,150.8315365,1.2822077374282472,-35340.40690626204,135409.3630423043,0.2385137124746392,0.1389756780453306,109838.75435320986,5.0,286900.0,0.0234805412181549,5.475000000000001,0.060438700794793,1.739148233748918,150.8315365,0.088400587404373,0.0,117720.04802176885,35.753567724066855,2368498.13589757,-0.0078277024298185,59538.25,294152.6867690724,-19427.25,-10.659999999999854,0.0084166881442797,4.363834946149893,40050.0,0.1198865096831525,0.105548595411736,-644192.0,3417103.799999997,1730.0,-1207046.1599999964,-0.0186007611612806,-0.0213524269587456,-162691.5,-2328729.0,4749885.0,-0.4194999999999993,-199129.09999999404,2415040.75
2025-08-06,2415040.75,2423520.0,151.52603732000003,37.79166666666666,151.449169,1.9,37.375,36.91686641704797,2286904.3779828986,151.5018565,151.449169,70.44800000000001,70.87666666666668,0.418155200000001,0.2626032670847849,0.1716072732038775,1842233.2705349135,0.3345241600000008,2.978962696979807,1447983.4333096277,150.8315365,1.4363599666455904,-453291.5110104233,187864.18560970388,0.1041877539867199,0.1605173561396535,124008.42609937012,5.0625,335210.0,0.0212442991973782,4.518749999999997,0.054085155350978,1.7449128314842248,150.8315365,0.0859987160241478,0.0,131338.62937978728,35.96503691085863,2284196.0869150497,-0.0129517381232561,68173.5,322097.8233413773,95530.25,-17.5,-0.0044934331860917,3.32620780842133,72230.0,0.2012247560535234,0.0952163478885854,-416718.0,2882324.8999999985,102030.0,-1243284.8900000006,-0.0059750293559688,-0.0218731442292698,-609218.049999997,-1292748.0,4528334.0,1.955500000000001,-644065.0,2349020.5
2025-08-07,2349020.5,2437280.0,151.5018565,37.958333333333336,151.449169,1.9,37.625,37.0265140989174,2263103.0355617227,151.5018565,151.449169,70.92,70.68666666666668,0.418155200000001,0.2375934321243278,0.1857703225860773,1844514.84217874,0.3136164000000008,3.088489014298831,1467314.380574939,150.8315365,1.554905275117361,-293127.0337713361,182421.8822183036,0.1061732826328974,0.1402586223028987,136665.9018248493,3.9375,299800.0,0.0192210326071518,3.9593750000000014,0.042570743703888,1.7573170339751865,150.8315365,0.0877990803097187,0.0,135243.89191359447,35.661283827281665,2162411.7757424708,-0.0019420096425654,-66020.25,337479.89183836704,136192.0,-2.590000000000145,0.0044085454706314,2.783235636190732,13760.0,0.1590283666806324,0.0854160175573938,-513782.0,2877242.799999997,126040.0,-223260.400000006,-0.0092873380259751,-0.0040371837264006,-449101.3500000015,-1400490.0,4525729.0,2.0649999999999977,-522446.400000006,2300926.0
2025-08-08,2300926.0,2365010.0,151.5018565,38.54166666666666,151.449169,1.9,38.2375,36.73928746123747,2242172.9450071305,151.5018565,151.449169,71.30199999999999,71.77333333333335,0.418155200000001,0.214965486207717,0.1966008298157114,1867706.2504266363,0.2927086400000007,3.3463621130183374,1466868.5888993992,150.8315365,1.6455570680890683,-509327.6019835919,99661.22676894115,0.1060121223556494,0.06996597839266,140099.62802535945,6.8125,154650.0,0.0173904580731372,6.171875,0.0283815589090403,1.859759746793668,150.8315365,0.1218666252949598,0.0,131331.711231862,35.091843148026875,2010958.7629208933,-0.0012471076118639,-48094.5,353957.7716393324,61691.5,-1.6599999999998545,-0.0051547619972648,4.949713194648759,-72270.0,0.1001994767423888,0.0864366816006265,-606171.0,2959281.799999997,13720.0,-1500466.5200000033,-0.0024575761887282,-0.0271221024534427,-710304.6000000015,-2875128.0,5008164.0,2.727000000000004,-508519.9800000042,2303302.25
2025-08-11,2303302.25,2331600.0,151.5018565,39.16666666666666,151.449169,1.9,38.7625,36.42123563254757,2281204.6957933703,151.5018565,151.449169,72.02799999999999,73.21333333333335,0.418155200000001,0.1944925827593522,0.2046286314471743,1902702.6621870475,0.2718008800000007,3.351580231672706,1481752.7805305582,150.8315365,1.7127500994110028,-33615.16369944066,59941.58612428,0.1072198146737488,0.0455511609761347,135977.93939439952,7.0625,101580.0,0.0157342239709337,5.078125,0.0260897548865615,2.3162608252376926,150.8315365,0.1167151066537614,0.0,129633.81876427354,34.86359790593573,1864333.3999545684,0.0008123843480614,2376.25,353804.8348741235,-114114.75,1.0799999999999272,-0.0131433633424741,3.969383366586975,-33410.0,0.0472568815774261,0.0766926949671978,331669.0,2886330.049999997,-91920.0,-2746221.25,-0.0010669630238155,-0.0493947624588145,-215237.6000000015,-3303978.0,5882336.0,5.873000000000005,6918.680000007153,2311836.25
2025-08-12,2311836.25,2353550.0,151.5018565,41.645833333333336,151.449169,1.9,40.0625,36.082568830705625,2333080.3343378515,151.5018565,151.449169,72.684,73.47333333333336,0.418155200000001,0.1759694796394058,0.2101751277503758,1919071.0833021312,0.2508931200000006,3.819125767539819,1526499.265330639,150.8315365,1.7591745026208505,-9024.243347115817,74092.38744577719,0.1123934411177555,0.0193028956508933,134050.1636054232,9.6875,44570.0,0.0142357264498924,9.590625000000005,0.0197003946208957,2.349672989566665,150.8315365,0.1571277406359672,0.0,127725.82095441972,34.13866581966494,1754994.3551648918,-0.0067643742953776,8534.0,342468.29860983853,-111738.5,-9.0,-0.0041672582368912,8.397894474531071,21950.0,0.0405373446514001,0.082543790585545,226001.0,2621166.600000001,-83730.0,-2946565.4799999967,0.0042916176867099,-0.0534982760706627,-161489.1499999985,-1750248.0,4310641.0,2.2549999999999955,531929.5,2287631.25
2025-08-13,2287631.25,2324490.0,151.5018565,42.72916666666666,151.449169,1.9,41.2,34.51543838786965,2375329.58182456,151.5018565,151.449169,73.362,74.31000000000002,0.418155200000001,0.1592104815785262,0.2134338511929543,1895662.04315748,0.2299853599999721,4.011285221507762,1566939.1153275128,150.8315365,1.7864501524684766,-580852.8392188177,40743.58864141721,0.077481990917056,0.0015036622145627,131915.71538381846,8.6875,3490.0,0.012879942978474,7.421875,0.00196133159328,2.534085270447511,150.8315365,0.1275543425365059,0.0,120194.25072741628,32.612928272783144,1613533.6829471798,-0.0026485054861898,-24205.0,384787.38099680224,-37184.25,-3.5,0.0119266754391124,6.240952143623346,-29060.0,0.0032522299207322,0.0773967638764037,-137156.0,2401478.350000001,-40520.0,-1919183.3299999984,-0.0059157491330496,-0.0356578512148229,-750389.0,152975.0,5347823.0,4.417500000000004,-77182.0,2188545.5
2025-08-14,2188542.5,2287680.0,151.5018565,45.10416666666666,151.449169,1.9,43.05,33.055542552235025,2420136.4138767445,151.5018565,151.449169,74.154,74.23000000000002,0.418155200000001,0.1440475785710475,0.2145090915053524,1878672.0315900897,0.2090775999999721,4.41724319205545,1611796.6327222304,150.8315365,1.7954499583063788,-339045.80691225827,3558.961151758209,0.0866047913513089,-0.0263368460477706,124299.00251551672,10.5,-61880.0,0.0116532817424288,9.896875,-0.0535162677906405,2.7220124134455266,150.8315365,0.1467270221838197,0.0,114269.18622389065,31.77175483034229,1457771.8396236396,-0.0073368740515933,-99088.75,392420.08178549074,-13294.75,-9.670000000000073,-0.0083194419706376,8.643599558516357,-36810.0,-0.0082908629812967,0.0717217902300766,-403212.0,2315296.299999997,-43920.0,-987137.9600000008,-0.0045200464169289,-0.0186776841917878,-498269.3999999985,380417.0,2502204.0,4.744,-273107.200000003,2198382.0
2025-08-18,2198382.0,2225540.0,151.5018565,46.0625,151.449169,1.9,44.575,32.58267538935201,2959400.785156566,151.5018565,151.449169,75.16799999999999,75.91333333333336,0.0,0.1303287615642716,0.2134338511929943,1845550.3169298249,0.188169839999972,4.816390259476069,1671282.2562258248,150.8315365,1.7864501524684422,833845.031841293,-53001.89229126647,0.1464557512819002,-0.0413312140047986,118411.93623960717,10.6875,-95950.0,0.0105434453860069,10.112499999999995,-0.0447379323879371,3.004195093181989,150.8315365,0.123680550558319,0.0,108184.77965200358,31.603876427782325,1340631.9870150418,-0.0072611649965986,9839.5,417637.1843367675,-114756.75,-9.5,-0.0056045258904133,8.781709124371943,-62140.0,-0.0564623441023439,0.0701004817661633,833811.0,7709140.8999999985,-128010.0,-641877.7400000021,0.0010626708845597,-0.0123127368120142,706242.549999997,-51257.0,7147995.0,6.137499999999989,395945.0,2092205.5
2025-08-19,2092205.5,2202050.0,151.5018565,49.645833333333336,151.449169,1.9,47.4875,32.35328030227166,2996434.591578946,151.5018565,151.449169,74.564,75.2166666666667,0.0,0.1179164985581451,0.210175127750457,1814309.70437496,0.167262079999972,5.845956345381156,1730470.0860669306,150.8315365,1.7591745026207808,410699.5049992651,-69206.95016828878,0.1128574428041555,-0.047243038369014,112374.5055274978,17.1875,-109190.0,0.0095393077301966,15.356250000000005,-0.0435134190051578,3.0210357234083203,150.8315365,0.1438196969672857,0.0,103781.09527423728,31.113930726646117,1243095.855826434,-0.0050045040536482,-106176.5,422907.0681214863,-113454.25,-6.5,0.0070456374362981,13.7132130172889,-23490.0,-0.0353102635705857,0.0719089044005909,1086868.0,3454913.299999997,-122440.0,-562387.6099999994,0.0052489626024749,-0.0108353588976091,304379.0,-228696.0,1830587.0,1.3959999999999866,564150.299999997,2081951.125
2025-08-20,2081951.125,2137980.0,151.5018565,51.645833333333336,151.449169,1.9,49.05,30.726566334131537,2920716.2586915684,151.5018565,151.449169,75.004,74.89000000000003,0.0,0.1066863558383204,0.2046286314472995,1831855.3740904157,0.1463543200000003,6.469846398312716,1816610.9554390376,150.8315365,1.7127500994108955,-392066.35261971503,-120583.90729511857,0.1070526596810107,-0.0907204130498577,108067.08623903197,14.3125,-213310.0,0.0086308022320826,12.953125,-0.0278404815650865,2.853205538006173,150.8315365,0.1128986231142377,0.0,96164.70930229938,29.09539972680434,1127707.4886752137,0.0047743223480072,-10254.375,437756.5338203297,-195425.75,6.170000000000073,-0.0010373306786628,11.106597491832815,-64070.0,-0.0853062677035092,0.0787036881017854,36714.0,1404281.25,-149700.0,-1126617.5600000024,0.0078241137241172,-0.0217225105144818,-504891.299999997,-1357495.0,66836.0,2.783500000000004,210037.400000006,2103162.75
2025-08-21,2103162.75,2129290.0,151.5018565,52.60416666666666,151.449169,1.9,50.5,28.05640811972428,2854036.63359966,151.5018565,151.449169,74.98599999999999,74.0066666666667,0.0,0.0965257505203851,0.1966008298158851,1821410.0213522655,0.1254465600000003,6.677463416666379,1909144.6127814543,150.8315365,1.6455570680889196,-516996.6523702219,-116962.10660034513,0.1132499841765279,-0.1214060540040932,100660.28255380943,12.9375,-294230.0,0.0078088210671223,9.990625,-0.0124320470546297,2.757440603932249,150.8315365,0.1057989529328089,0.0,94470.12789955828,26.520588521480345,1003211.9157326611,0.0082787832113977,21211.625,463760.86759723286,-106594.375,10.75,-0.0009808610679166,8.18275487356302,-8690.0,-0.137922983287135,0.0961193927089712,-1403301.0,1896753.1499999985,-96250.0,-898831.8999999985,0.0173265151783057,-0.0174566661213295,-650602.549999997,-380124.0,886948.0,2.630499999999998,560851.0,2106200.0
2025-08-22,2106200.0,2153550.0,151.5018565,51.333333333333336,151.449169,1.9,51.225,25.04795070410506,2775994.3484267374,151.5018565,151.449169,74.744,74.53000000000003,0.0,0.0873328218993947,0.1857703225863071,1850387.320063416,0.1045388000000002,6.789371046755585,2026632.9495708316,150.8315365,1.5549052751171624,-961068.5426206812,-83873.33454316948,0.1266754418863066,-0.1164125582616687,99010.79585971557,12.875,-283730.0,0.0070651238226344,8.837499999999999,-0.0017840880249622,2.656083929793803,150.8315365,0.0924289195712051,0.0,96540.1685306076,24.22757246130472,907949.3329016796,0.0094176054993315,3037.25,533593.3732049359,-95219.25,12.329999999999927,9.016886219642696e-05,7.12070679036654,24260.0,-0.1291398499176462,0.1034254125989111,-1568624.0,2141538.350000001,-48500.0,-1094599.5200000033,0.0031284947936664,-0.021320344928319,-1129304.6000000015,-594524.0,1452667.0,1.9065000000000083,526241.200000003,2021852.0
2025-08-25,2021852.0,2106240.0,151.5018565,50.270833333333336,151.449169,1.9,51.575,23.691801263451197,2659259.9484646195,151.5018565,151.449169,75.202,76.24333333333335,0.0,0.0790154102899407,0.171607273204176,1846232.108470284,0.0836310400000002,6.7296988512329525,2127539.822853263,150.8315365,1.4363599666453268,-623154.3480853811,-118689.68363429606,0.1537195969782772,-0.1094160278392057,101034.09648154114,9.375,-258770.0,0.0063922548871453,7.215625000000003,0.0231406689403459,3.050560776748279,150.8315365,0.0998987722519345,0.0,108768.98514983384,24.057197981813683,973575.5150794788,0.0170931763495212,-84348.0,560925.0367343166,13994.5,22.590000000000146,0.0001968976262962,5.707425191284017,-47310.0,-0.1033709582355709,0.1363401354038546,-452269.0,2573852.799999997,-31740.0,-606923.5599999949,0.0413329914242143,-0.0119620451209698,-798511.450000003,1772876.0,2176647.0,6.795000000000002,972054.8999999912,2033345.25
2025-08-26,2033345.25,2054390.0,151.5018565,52.125,151.449169,1.9,51.9875,23.12630365603394,2346437.352849187,151.5018565,151.449169,75.558,76.17000000000003,0.0,0.0714901331194823,0.1531901324255282,1859642.5806189447,0.0627232800000001,6.996224898396558,2258680.00384988,150.8315365,1.282207737427894,-719169.3149343953,-154297.80900245812,0.1536479450933425,-0.118892605935838,113027.9291393714,16.625,-277210.0,0.0057834687074171,12.71875,0.0283461274231606,3.0722227509707705,150.8315365,0.1084966572757754,0.0,118232.19974222772,24.43341850286543,1052599.8805927176,0.006070660705119,11493.25,579534.2060532058,-60099.125,8.159999999999854,0.0113260664620579,11.21445612544744,-51850.0,-0.121287690260356,0.131249071303628,-444635.0,1505721.3500000015,-74900.0,-926869.009999998,-0.0021574866890535,-0.0183210127295163,-889756.450000003,597588.0,1518993.0,1.5649999999999835,71618.5,1974150.625
2025-08-27,1974150.625,2034490.0,151.5018565,53.3125,151.449169,1.9,52.225,23.29020250305276,2127927.467526438,151.5018565,151.449169,75.604,76.32333333333337,0.0,0.0646815490128744,0.1287054549028718,1866228.8461548032,0.0418155200000001,7.079421246183725,2296838.039453818,150.8315365,1.0772699749844334,-760377.5706549287,-157607.54147841455,0.1866998661529109,-0.1355654224469418,122400.25200483145,9.0,-319060.0,0.0052326621638536,9.471874999999995,0.0300805554720611,2.967334928677709,150.8315365,0.1032015275741776,0.0,130085.50079250144,23.826592281233893,1169849.5195419749,0.0052428031619502,-59194.625,607794.9992109135,-69817.5,7.0900000000001455,0.0006829881602331,8.054150780166736,-19900.0,-0.1172043313030237,0.1439648820094224,-20646.0,1193311.3999999985,-119060.0,809677.8000000045,-0.0249822476274754,0.0161142703222236,-934580.700000003,845496.0,1542398.0,1.5384999999999849,370414.200000003,1997378.75
