,xgb_importance,boruta_score,shap_mean_abs,avg_norm_rank,xgb_importance_norm,boruta_score_norm,shap_mean_abs_norm
merval_maximo_diff10,0.03886037687466213,1.0,1399.828289604187,0.6976055266301621,0.504554396535244,1.0,0.5882621833552424
merval_maximo_hp_ema20,0.03169931872171219,1.0,1593.279345703125,0.6937115512119226,0.4115768274661365,1.0,0.6695578261696312
base_monetaria_std20,0.07701920177787543,0.0,2379.5993167877195,0.6666666666666666,1.0,0.0,1.0
merval_maximo_pct10,0.052634519919465106,1.0,419.94488525390625,0.619957304837574,0.6833947730497634,1.0,0.1764771414629587
merval_apertura_pct10,0.03736557280644774,1.0,570.2379638671875,0.5749274411637911,0.48514619658368613,1.0,0.23963612690768712
merval_apertura_std20,0.03474387861788273,1.0,166.20684967041015,0.506984426139596,0.4511067086631801,1.0,0.06984656975560781
emae_desestacionalizado_hp_rm20,0.010632933489978314,1.0,375.4138125896454,0.43193969135989563,0.13805561787882273,1.0,0.15776345620086404
merval_cierre_std20,0.005303742270916701,1.0,361.0453674316406,0.40686262501512366,0.0688625972288414,1.0,0.15172527781652953
base_monetaria_diff10,0.04677675028797239,0.0,1407.3201782226563,0.39958312496344545,0.6073388091307056,0.0,0.5914105657596309
tasa_prestamos_personales_ma_3,0.003945710804691771,1.0,255.01370849609376,0.3861322936578612,0.051230221991540016,1.0,0.10716665898204372
m2_transaccional_std20,0.004423941439017654,1.0,9.855508422851562,0.3538603760740587,0.05743946102916477,1.0,0.004141667193011199
impacto_sector_bancario_mean_lag2,7.885165957759455e-05,1.0,17.15475811958313,0.3360776291550187,0.0010237922200882314,1.0,0.007209095244967865
act_luis_caputo_prop_no_cero_lag1,0.05533624757829778,0.0,150.16666567325592,0.26052641979170393,0.7184733975546563,0.0,0.06310586182045541
bonos_soberanos_mean_lag3,0.00951401825548146,0.0,1087.4875652074813,0.193510787035898,0.1235278740348418,0.0,0.45700448707285224
badlar_ma_5,0.022407963336445392,0.0,643.6737518310547,0.18714555119625106,0.290939958077861,0.0,0.2704966955108921
badlar_ma_3,0.032610218576155606,0.0,293.3563858032227,0.18222782889584632,0.4234037463826746,0.0,0.12327974030486434
act_luis_caputo_mean_lag1,0.018616097988024195,0.0,407.90018062591554,0.13770757331678127,0.2417072309021497,0.0,0.17141548904819412
inflacion_hp_rm20,0.0246255062520504,0.0,16.920406609773636,0.10894754945922895,0.31973203673378414,0.0,0.007110611643902687
impacto_mercosur_std,0.02262961782689672,0.0,0.11531494855880738,0.09795544332192206,0.29381787014828964,0.0,4.8459817476529575e-05
act_luis_caputo_std_lag1,0.01622513011097908,0.0,186.55776876211166,0.096354085813748,0.21066344153724947,0.0,0.07839881590399456
act_luis_caputo_std,0.014773890439352755,0.0,196.203125,0.09142434696938984,0.19182087191660185,0.0,0.08245216899156767
act_luis_caputo_prop_no_cero,0.015906011781361685,0.0,71.01198120117188,0.07878735726997242,0.20652008089144924,0.0,0.02984199091846804
act_fondo_monetario_internacional_directorio_mean_lag3,0.007740140465466538,0.0,283.00990257263186,0.07314266335405827,0.1004962436223271,0.0,0.11893174643984769
act_anses_administracion_nacional_de_seguridad_social_mean,0.0006965558393858373,0.0,463.93267822265625,0.0680021479746559,0.009043924415040228,0.0,0.19496251950892746
act_luis_caputo_mean,0.010058985836312217,0.0,162.80674468278886,0.06634044141408378,0.13060361058171555,0.0,0.06841771366053581
volumen_mercado_mean_lag3,0.009513355302624404,0.0,155.94561080932618,0.06301788842917265,0.12351926640399453,0.0,0.0655343988835234
tipo_evento_electoral_prop_true,0.007319446501787752,0.0,215.8890640258789,0.06191967082831479,0.09503404778067098,0.0,0.09072496470427338
merval_cierre,0.0031881348229944708,0.0,338.37991485595705,0.061198133541437605,0.04139402576761443,0.0,0.14220037485669837
act_fondo_monetario_internacional_directorio_prop_no_cero_lag3,0.012572949468449224,0.0,37.22157068252564,0.05962876599338857,0.16324434917814137,0.0,0.015641948802024352
act_gobierno_mean_lag2,0.0011178348067915067,0.0,357.3764664649963,0.054899059676995564,0.014513715813562436,0.0,0.15018346321742423
act_indec_mean_lag1,0.005394387620981433,0.0,206.01043338775634,0.0522043655778599,0.07003951607469175,0.0,0.08657358065888797
cant_tickers_std,0.007078258972615004,0.0,144.88619384765624,0.05092977523943789,0.09190252312700944,0.0,0.06088680259130421
tipo_actor_principal_municipio_prop_true,0.006953646102920175,0.0,142.68030591607095,0.05008146016707873,0.09028457764304801,0.0,0.05995980285818818
menciona_sector_agroexportador_prop_true,0.010732121731377437,0.0,24.77067985534668,0.0499176856282802,0.13934345570509862,0.0,0.01040960117974199
impacto_sector_energia_std_lag1,0.009642085481619217,0.0,44.49931335449219,0.047963669624527895,0.12519067010623067,0.0,0.018700338767353036
m1_std20,0.010662189568392932,0.0,10.811101341247559,0.04765957221776155,0.13843547222344438,0.0,0.004543244429840287
sector_Industria / Manufactura_prop_true_lag2,0.0038350914204784204,0.0,221.025883102417,0.04755920674972905,0.04979396477697709,0.0,0.09288365547221006
act_administracion_de_donald_trump_mean_lag3,0.00014133625954855235,0.0,330.9288726806641,0.046968078643738226,0.0018350782179769704,0.0,0.13906915771323772
act_luis_caputo_mean_lag2,0.004411716006956112,0.0,145.11357268691063,0.03942102825780548,0.057280728767867134,0.0,0.06098235600554931
act_luis_caputo_mean_lag3,0.006122490890399068,0.0,89.03375644683838,0.03896949521425106,0.07949304522859672,0.0,0.037415440414156474
act_administracion_de_donald_trump_mean,6.966046421439387e-05,0.0,246.47458190917968,0.0348275474464626,0.0009044558059079311,0.0,0.10357818653347987
act_administracion_de_donald_trump_mean_lag1,0.0005509159687790089,0.0,231.3868881225586,0.03479690701184048,0.007152969078644298,0.0,0.09723775195687714
actividad_economica_mean_lag2,0.006273907893820474,0.0,53.67549761533737,0.034671845712431024,0.08145900955861009,0.0,0.02255652757868298
caracter_prospectivo_sum_true_lag2,0.0076089062542450845,0.0,9.747885704040527,0.03429625602589625,0.09879232812863067,0.0,0.00409643994905808
sector_Construcción / Inmobiliario_prop_true_lag2,0.007077015191316605,0.0,13.270706176757812,0.032487746668195115,0.09188637415026485,0.0,0.005576865854320496
act_banco_central_de_la_republica_argentina_bcra_mean,0.0008902209403458983,0.0,199.9127639770508,0.03185651060966198,0.011558428545043992,0.0,0.08401110328394194
bonos_soberanos_mean_lag2,0.0038723554123862415,0.0,82.35066649913787,0.028294912891918378,0.05027779207001099,0.0,0.03460694660574415
bonos_soberanos_mean,0.003151001543210441,0.0,96.02008934020996,0.027087754763499197,0.04091189561140842,0.0,0.040351368679089165
act_desconocido_std_lag1,0.005990891705908474,0.0,6.442402458190918,0.026830579528922455,0.07778439100402908,0.0,0.0027073475827382896
tc_mayorista_pct1,0.00604219026863575,0.0,1.822423441708088,0.02640543102635824,0.07845044000925276,0.0,0.0007658530698219493
menciona_sector_industrial_prop_true_lag1,0.006012977659702301,0.0,0.7992213249206543,0.026135671295365273,0.07807115006260155,0.0,0.00033586382349426084
expectativa_macro_largo_prop_no_cero_lag3,0.005513930244880427,0.0,14.25507049560547,0.025860721525859217,0.07159163062716084,0.0,0.005990533950416805
act_desconocido_mean,0.0008201896736864001,0.0,152.76413345336914,0.024948858976377632,0.010649158323554687,0.0,0.0641974186055782
sector_Seguridad_prop_true_lag2,0.0019682973850194685,0.0,112.1106201171875,0.024223055002986094,0.02555593072356253,0.0,0.04711323428539575
act_desconocido_mean_lag1,0.001698129242140567,0.0,118.68613319396972,0.023974882804680565,0.022048128297122556,0.0,0.049876520116919135
merval_maximo_diff1,0.004010792053031764,0.0,45.425859451293945,0.02372164389677313,0.052075222288059414,0.0,0.019089709402259975
sector_Cripto / Fintech_sum_true,0.005271851504221559,0.0,0.0,0.02281617822797688,0.06844853468393064,0.0,0.0
act_desconocido_prop_no_cero_lag1,0.005156776730133039,0.0,3.3780089378356934,0.022791333388726878,0.06695442968891399,0.0,0.0014195704772666316
palabras_titulo_std,0.005099332576628512,0.0,2.022540473937988,0.022352845909759642,0.06620858771472427,0.0,0.000849950014554663
act_anses_administracion_nacional_de_seguridad_social_prop_no_cero,0.0017737906891852617,0.0,103.50688552856445,0.022176036853866442,0.023030499514924883,0.0,0.04349761104667444
impacto_prestamos_internacionales_mean_lag3,0.004593769544641258,0.0,10.029084169864655,0.021286360476782822,0.05964447097088542,0.0,0.0042146104594630515
actividad_economica_std,0.004592765782097485,0.0,7.44628174751997,0.020920218323539033,0.05963143834368854,0.0,0.0031292166269285587
caracter_prospectivo_prop_true,0.0041538405088073676,0.0,20.875343227386473,0.02090172026775831,0.05393253127690297,0.0,0.008772629526371952
sector_Gobierno / Sector Público_prop_true,0.001091004152840469,0.0,113.4946131914854,0.020620064843831463,0.014165352634878533,0.0,0.04769484189661586
ticker_ETH_prop_true,0.0034658489399589597,0.0,39.91379852294922,0.020591043622590757,0.04499980342505395,0.0,0.01677332744271832
tipo_evento_otro_sum_true_lag1,0.001384699356276542,0.0,103.72680969238282,0.020522885614349177,0.017978625126108636,0.0,0.04359003171693889
shock_desconocido_prop_true_lag1,0.0035429375246167185,0.0,33.90522384643555,0.020082998470056384,0.04600070427676731,0.0,0.014248291133401843
prestamos_privados_ars_diff1,0.002817472699098289,0.0,51.879959034919736,0.019461134885468134,0.03658143208526004,0.0,0.021801972571144367
emae_desestacionalizado_std20,0.0013993177097290754,0.0,94.92113456428051,0.01935265725523802,0.018168426540757062,0.0,0.039889545224956996
act_administracion_de_donald_trump_mean_lag2,0.00013430244289338588,0.0,133.2294921875,0.019243985602781972,0.0017437527239079445,0.0,0.05598820408443797
merval_apertura_diff3,0.0019016749360957874,0.0,77.23151397705078,0.019048866611634227,0.024690919825165775,0.0,0.032455680009736906
impacto_sector_industrial_prop_no_cero_lag1,0.0039059923201421043,0.0,9.907683563232421,0.018292706443372924,0.05071452611787703,0.0,0.004163593212241736
impacto_bolsa_extranjera_mean_lag1,0.004061628416366148,0.0,0.0,0.01757842340009334,0.052735270200280016,0.0,0.0
act_indec_mean_lag3,0.0006448636242874616,0.0,105.18888227939605,0.01752573856202933,0.008372764315933296,0.0,0.04420445137015468
sector_Gobierno / Sector Público_prop_true_lag3,0.0033895488208884215,0.0,19.63337860107422,0.017419949205087618,0.044009139833257854,0.0,0.008250707782005
menciona_pbi_prop_true_lag1,0.0009547212984216457,0.0,89.22015533447265,0.01662988638500493,0.012395886692971408,0.0,0.037493772462043384
cant_empresas_prop_no_cero,0.00225261257000966,0.0,44.66969542503357,0.01600645169704801,0.029247415164159057,0.0,0.018771939926984976
diario_Ámbito Financiero_prop_true_lag1,0.0022513726316731207,0.0,44.267379188537596,0.015944729037191706,0.029231316083567244,0.0,0.018602871028007874
act_desconocido_mean_lag3,0.0027216810297204575,0.0,25.342632746696474,0.01532921752407245,0.03533769458647245,0.0,0.010649957985744897
menciona_pbi_sum_true_lag2,0.002938723012198707,0.0,18.285784912109374,0.0152800384985924,0.03815571889038827,0.0,0.007684396605388932
act_anses_administracion_nacional_de_seguridad_social_mean_lag1,0.000721753324069141,0.0,84.34232673645019,0.01493833414578141,0.009371082891130042,0.0,0.03544391954621419
expectativa_fin_largo_mean,0.00140853965293104,0.0,62.53131172955036,0.01485541553226607,0.018288162177962974,0.0,0.02627808441883524
m1_diff3,0.001389614287495533,0.0,62.863938331604004,0.014820102172128133,0.018042439488053928,0.0,0.026417867028330468
caracter_vigente_prop_true,0.0013815690324812113,0.0,62.72624492645264,0.014765994873491043,0.017937981705726812,0.0,0.02636000291474632
sector_Tecnología_prop_true_lag1,0.0014723893566184643,0.0,59.766147232055665,0.01474440911310324,0.01911717237559613,0.0,0.025116054963713587
impacto_sector_bancario_mean_lag1,0.0008912145863239629,0.0,76.891064453125,0.014627979908613606,0.011571329821026185,0.0,0.03231260990481463
menciona_pbi_prop_true_lag2,0.002914301447708567,0.0,14.143354606628417,0.014594073795039427,0.03783863478763981,0.0,0.005943586597478471
score_fuente_mean,0.0032833870536705945,0.0,0.4659282207489014,0.014275520146505518,0.04263075931557865,0.0,0.00019580112393790291
act_gobierno_nacional_mean_lag2,0.000502642124945396,0.0,81.19912817776203,0.013549739282740676,0.006526192343501868,0.0,0.03412302550472016
spread_bonos_mean_lag3,0.0010351459350204095,0.0,64.65487899780274,0.01353686396896589,0.013440102093057085,0.0,0.02717048981384058
sector_Justicia_sum_true_lag3,0.0024266317486763,0.0,21.235452270507814,0.013476934126792975,0.03150684105601021,0.0,0.00892396132436871
expectativa_fin_corto_mean_lag2,0.0008413608797127381,0.0,70.20442581176758,0.01347555510011783,0.010924040502772748,0.0,0.029502624797580746
inflacion_hp_ema20,0.0005494781478773802,0.0,79.11344645023345,0.013460280606605807,0.007134300735316418,0.0,0.03324654108450101
sector_Educación_prop_true_lag3,0.0011065241182222963,0.0,60.9287109375,0.01332382324506619,0.014366860376111519,0.0,0.025604609359087052
sector_Agropecuario_sum_true,0.0014950659122082044,0.0,48.617637634277344,0.013280872720888445,0.01941159967510437,0.0,0.020431018487560966
sector_Seguridad_prop_true_lag3,0.0008422509330557659,0.0,68.08096466064453,0.013181953584128039,0.010935596755271896,0.0,0.02861026399711222
act_gobierno_mean_lag1,0.0011065817652706755,0.0,59.202253045141696,0.013082231196850107,0.014367608852427145,0.0,0.02487908473812318
tc_mayorista_std20,0.0025764482095837595,0.0,9.939839172363282,0.012543043516407849,0.03345202430186535,0.0,0.004177106247358197
expectativa_fin_corto_prop_no_cero_lag3,0.0017123560553386596,0.0,36.08291881084442,0.01246542970950036,0.022232846041135575,0.0,0.015163443087365502
menciona_embi_prop_true,0.0011140262446403427,0.0,53.62637076377869,0.012333382955864133,0.01446426629885378,0.0,0.022535882568738615
gobernanza_prop_no_cero_lag2,0.0025400297851744134,0.0,9.498971486091614,0.012323670733296566,0.03297917566712648,0.0,0.003991836532763218
tipo_actor_principal_municipio_prop_true_lag3,0.002440999188479509,0.0,11.083729934692382,0.012117066070489632,0.031693384664247606,0.0,0.004657813547221296
diario_Pagina 12_sum_true,0.0021982014270491845,0.0,16.383624616265298,0.011808662710449882,0.02854095311697506,0.0,0.006885035014374589
tipo_actor_principal_provincia_sum_true,0.002722231601342795,0.0,0.0,0.01178161436154477,0.035344843084634314,0.0,0.0
impacto_sector_energia_std_lag3,0.0019228952372031926,0.0,24.421942472457886,0.011743162546219522,0.024966439443878583,0.0,0.010263048194779982
expectativa_fin_largo_mean_lag2,0.00010323515011947392,0.0,80.03828430175781,0.011658525275895735,0.0013403819792524687,0.0,0.03363519384843474
emp_ypf_mean_lag1,0.0016032934887334704,0.0,32.98406982421875,0.01155932955130673,0.020816802196384657,0.0,0.013861186457535535
tipo_actor_principal_provincia_sum_true_lag3,0.002215697017814122,0.0,13.969856262207031,0.011546262597537145,0.028768111934011298,0.0,0.005870675858600132
act_gobierno_nacional_prop_no_cero_lag2,0.000954566632208298,0.0,52.36976318359375,0.011467228609466746,0.012393878541630215,0.0,0.022007807286770025
confianza_mean_lag1,0.002239634880208996,0.0,11.844123840332031,0.01135209211316762,0.029078915757503404,0.0,0.004977360581999456
sector_Salud_prop_true,0.0018022993754129857,0.0,22.8395898938179,0.010999577369230332,0.02340064988742476,0.0,0.00959808222026624
impacto_sector_industrial_std_lag3,0.00018008388869930058,0.0,72.15491480827332,0.0108868215693216,0.0023381687234134848,0.0,0.030322295984551315
tipo_actor_principal_organismo_internacional_prop_true,0.0008205095655284822,0.0,52.03493804931641,0.01084013749866936,0.010653311727312424,0.0,0.02186710076869566
act_anses_administracion_nacional_de_seguridad_social_mean_lag3,0.00037276327782365115,0.0,65.71136493682862,0.010818113602260369,0.0048398745925555845,0.0,0.027614466214225523
menciona_fmi_sum_true_lag3,0.0020727797017627836,0.0,12.148621368408204,0.010672609298869548,0.026912505633864037,0.0,0.005105322262744608
cant_empresas_mean_lag2,0.0022984080443822384,0.0,4.412525177001953,0.010565442554803238,0.02984201330742018,0.0,0.0018543143569895333
impacto_mercosur_std_lag2,0.0008746670974808691,0.0,47.3825991243124,0.010422829437438183,0.011356480946185635,0.0,0.019912007366128914
expectativa_macro_corto_prop_no_cero_lag3,0.0010550407986414712,0.0,38.93204863071442,0.010019723519868781,0.013698412529439416,0.0,0.016360758030166928
merval_std,0.002251884527504444,0.0,1.2261019706726075,0.009917739354897499,0.02923796242395389,0.0,0.0005152556407386069
caracter_prospectivo_prop_true_lag3,0.0015562311310844735,0.0,22.180299949645995,0.009842259373354059,0.020205755125490242,0.0,0.009321022994571933
emae_original_std20,0.002035598177462816,0.0,6.524845612049103,0.009723914159277335,0.026429749081709687,0.0,0.0027419933961223162
impacto_commodities_prop_no_cero,0.0013165868036594474,0.0,28.23061919808388,0.00965262301658268,0.01709426705636997,0.0,0.011863601993378069
impacto_sector_energia_mean_lag3,0.001572548970580101,0.0,19.867308449745178,0.0095888788231756,0.02041762228483433,0.0,0.008349014184692468
sector_Política_sum_true,0.00022357499692589046,0.0,61.4765429019928,0.009579225703352184,0.0029028474947154635,0.0,0.02583482961534109
act_anses_administracion_nacional_de_seguridad_social_mean_lag2,0.0002469301936798729,0.0,59.83933658599854,0.009450966029899963,0.003206086118524357,0.0,0.02514681197117553
act_banco_central_de_la_republica_argentina_bcra_std,0.0005144077830408378,0.0,51.29061012268066,0.00941108676163612,0.006678955002992603,0.0,0.021554305281915754
shock_mixto_prop_true_lag3,0.0014660620355193554,0.0,21.08992381095886,0.009299274825929365,0.019035019860988708,0.0,0.008862804616799384
act_fondo_monetario_internacional_directorio_mean,0.001026700066795083,0.0,33.68280210494995,0.00916175457430714,0.013330442838866365,0.0,0.014154820884055053
emp_la nacion_mean,0.0018537099029737546,0.0,7.455152702331543,0.009067032388450469,0.02406815261887396,0.0,0.003132944546477446
palabras_titulo_mean_lag3,0.0010179163610697707,0.0,30.32472848892212,0.008653341727118848,0.013216397178530325,0.0,0.012743628002826218
base_monetaria_hp_rm20,0.0007917281060883852,0.0,37.28221716880798,0.008649018179459308,0.01027961972874948,0.0,0.015667434809628445
act_fondo_monetario_internacional_directorio_mean_lag2,0.0002730349504011631,0.0,53.18247799873352,0.008631455336466101,0.0035450244107774597,0.0,0.022349341598620842
expectativa_macro_largo_mean,4.65477020952676e-05,0.0,59.98704605102539,0.008604416706932533,0.0006043648988925111,0.0,0.02520888522190509
sector_Seguridad_prop_true,0.0012817360446206294,0.0,20.88649101257324,0.00847302896492443,0.016641772636350815,0.0,0.00877731425842248
tipo_evento_otro_prop_true_lag1,0.001373881642575725,0.0,17.913671588897706,0.008455396835484286,0.017838170363515593,0.0,0.007528020142937265
emp_mercado libre_prop_no_cero,0.0018790020409142016,0.0,1.0630538940429688,0.008281092187200153,0.024396540051574055,0.0,0.0004467365100264072
tipo_evento_fiscal_prop_true_lag1,0.0012589838908324325,0.0,19.683270025253297,0.008206012627290834,0.016346363786830218,0.0,0.008271674095042284
act_gobierno_prop_no_cero_lag2,0.0007525620399974287,0.0,32.72497291564942,0.007841133403848293,0.009771096332156613,0.0,0.013752303879388264
sector_Salud_sum_true_lag3,8.06387931561403e-05,0.0,53.02576847076416,0.007776827377591027,0.0010469959606787906,0.0,0.02228348617209429
act_administracion_de_donald_trump_prop_no_cero_lag3,0.00017595057147445914,0.0,49.71436421871185,0.00772546941032613,0.002284502661841437,0.0,0.020891905569136955
confianza_mean,0.000350547089601605,0.0,41.93545227050781,0.007391443139958706,0.004551424599447139,0.0,0.01762290482042898
emp_binance_mean,0.0006446256659955907,0.0,32.307810115814206,0.007315556865726356,0.008369674718970746,0.0,0.013576995878208322
spread_usd_std_lag3,0.001602482008456718,0.0,0.0,0.0069354220396376,0.0208062661189128,0.0,0.0
emp_binance_mean_lag1,0.001575488446133999,0.0,0.78503497838974,0.006928563314859454,0.02045578777455695,0.0,0.00032990217002141283
impacto_mercosur_prop_no_cero_lag2,0.0008227279295340395,0.0,23.25904631614685,0.006818822852487842,0.010682114466815686,0.0,0.009774354090647839
merval_maximo_diff3,0.0006872124627989251,0.0,27.330934906005858,0.006802710615185214,0.008922612114065484,0.0,0.01148551973149016
shock_neutro_prop_true_lag3,0.0006303920727795287,0.0,28.883281707763672,0.006774248352858489,0.008184868944728734,0.0,0.012137876113846735
expectativa_fin_largo_std,0.001222931718647402,0.0,10.218237447738648,0.006724123499224252,0.015878270488629005,0.0,0.0042941000090437505
impacto_fmi_prop_no_cero_lag1,0.00097112300608444,0.0,17.819244861602783,0.0066990603815267336,0.01260884277774228,0.0,0.007488338366837921
emp_mercado libre_prop_no_cero_lag1,0.0014789680950343608,0.0,1.7621105194091797,0.006647698824957027,0.019202589236119685,0.0,0.0007405072387513948
shock_neutro_prop_true_lag2,0.00044947467006295483,0.0,33.563147735595706,0.006646805178743507,0.0058358780627102156,0.0,0.014104537473520305
tipo_actor_principal_congreso_prop_true_lag3,0.00015677323390264064,0.0,42.137601709365846,0.006581121427893836,0.0020355084223642964,0.0,0.01770785586131721
badlar_hp_ema20,0.0010291680801017833,0.0,14.614680629968642,0.006501381018785249,0.013362486968768126,0.0,0.006141656087587622
menciona_sector_energia_prop_true_lag2,0.0007764155072436552,0.0,22.266587829589845,0.006479362966369272,0.010080804388012869,0.0,0.009357284511094946
tipo_actor_principal_poder_judicial_prop_true,7.582818824403148e-07,0.0,45.50525817871094,0.006377640396986903,9.845361480468357e-06,0.0,0.01912307582948024
ticker_AL30_prop_true,0.0007906019280198961,0.0,20.686880946159363,0.006319476015435325,0.010264997685901814,0.0,0.008693430360404162
horizonte_dias_mean,0.00037421336401166627,0.0,32.818385219573976,0.0062167538470052144,0.004858702185604357,0.0,0.013791559355411286
act_banco_central_de_la_republica_argentina_bcra_mean_lag1,0.0002812709321233342,0.0,35.64737167358398,0.0062107892732625935,0.0036519585457990586,0.0,0.014980409273988722
caracter_desconocido_sum_true_lag1,0.0007612852072156784,0.0,20.75946373939514,0.006202762813880045,0.009884355974127554,0.0,0.008723932467512581
confianza_std_lag1,0.00032002019416950135,0.0,34.181846618652344,0.006173203004041464,0.004155070252382575,0.0,0.014364538759741818
gobernanza_mean_lag1,1.0237613274188818e-05,0.0,43.681498527526855,0.006163194700548318,0.00013292286907509447,0.0,0.01835666123256986
expectativa_macro_corto_prop_no_cero_lag2,0.0013514799997210503,0.0,2.195878791809082,0.006156701991072326,0.01754731246915204,0.0,0.0009227935040649421
impacto_commodities_std_lag1,0.001173643809414282,0.0,7.101709377765656,0.006074247099494321,0.015238327356327179,0.0,0.002984413942155787
spread_bonos_std,0.0013951650355011225,0.0,0.0,0.0060381697174028545,0.018114509152208563,0.0,0.0
spread_bonos_prop_no_cero_lag3,4.310164387391069e-05,0.0,41.71307601928711,0.006029691913855197,0.0005596220537083271,0.0,0.01752945368785726
menciona_bolsa_extranjera_sum_true,0.001364125013606099,0.0,0.5818849086761475,0.005985341037240113,0.017711492486513384,0.0,0.0002445306252069565
sector_Transporte / Logística_prop_true_lag1,0.0010676865465939045,0.0,9.202774238586425,0.00590998834328876,0.013862602077766645,0.0,0.003867362952099633
impacto_sector_agroexportador_prop_no_cero,0.0009575868332490245,0.0,11.783993911743163,0.005795061268304552,0.012433092152924667,0.0,0.004952091651988988
menciona_embi_sum_true,0.0009767534444108605,0.0,10.472629952430726,0.005694317579060239,0.012681947123106165,0.0,0.004401005614074554
expectativa_fin_corto_mean,4.779012700737439e-05,0.0,39.064188838005066,0.0056789282463594075,0.0006204962646224491,0.0,0.01641628847445577
act_javier_milei_mean_lag1,0.0003970305444722655,0.0,27.161129236221313,0.005523038708216572,0.005154955326819768,0.0,0.011414160797829948
act_indec_prop_no_cero_lag2,0.0010984022867503995,0.0,5.4431816101074215,0.0055162815128860475,0.01426140834227559,0.0,0.0022874361963825525
menciona_embi_prop_true_lag3,8.308257733599111e-05,0.0,36.78221530914307,0.00551201337501751,0.001078725505044866,0.0,0.015457314620007665
act_administracion_de_donald_trump_prop_no_cero_lag2,7.597336607432226e-05,0.0,36.65778770446777,0.0054638154716892115,0.0009864211043556466,0.0,0.015405025310711987
impacto_prestamos_internacionales_std_lag3,0.0011381757167328033,0.0,3.491197967529297,0.005414984838733309,0.01477781761508409,0.0,0.0014671369011158366
emp_binance_prop_no_cero,0.0006982816848903894,0.0,16.09087255001068,0.005276113879219546,0.009066332405057179,0.0,0.0067620092326014574
sector_Otros_prop_true_lag1,0.0012129235231207846,0.0,0.0,0.0052494421093364696,0.015748326328009408,0.0,0.0
act_banco_central_de_la_republica_argentina_bcra_prop_no_cero_lag2,0.00018243636695842725,0.0,31.81669807434082,0.005246441435831225,0.0023687127722327814,0.0,0.013370611535260892
impacto_sector_industrial_std,0.0009791133925318718,0.0,6.876893329620361,0.005200841890381793,0.012712588158932756,0.0,0.002889937512212624
tipo_actor_principal_organismo_internacional_sum_true,0.00040317387790764767,0.0,24.524873161315917,0.005180340884195468,0.005234718986966489,0.0,0.010306303665619914
impacto_mercosur_std_lag3,0.0011961435543353827,0.0,0.0,0.00517681966195512,0.01553045898586536,0.0,0.0
tasa_bcra_mean_lag3,0.0009663310016662762,0.0,6.984016418457031,0.005160526420666201,0.012546624469741842,0.0,0.0029349547922567607
badlar_diff10,0.000176774914575617,0.0,31.259729290008544,0.0051439191266622825,0.0022952057473334844,0.0,0.013136551632653364
diario_Clarín_prop_true_lag3,0.0004746605954039751,0.0,21.53686366081238,0.005071170848376214,0.006162886454898658,0.0,0.009050626090229984
impacto_brasil_prop_no_cero_lag3,0.0008599297462392741,0.0,8.980391502380371,0.0049796811950943735,0.011165134490997776,0.0,0.0037739090942853462
sector_Cripto / Fintech_prop_true,0.0004247373901307583,0.0,21.466522750258445,0.004845253630296305,0.005514694781642992,0.0,0.00902106610924592
impacto_eeuu_prop_no_cero_lag2,7.187505157713048e-07,0.0,34.327151489257815,0.00481164453388717,9.332095103298947e-06,0.0,0.01442560150655821
act_gobierno_mean_lag3,4.160582848271588e-05,0.0,33.01304397583008,0.0048045210812255506,0.0005402007229665627,0.0,0.013873362520710088
act_anses_administracion_nacional_de_seguridad_social_std,0.00020234839466866107,0.0,27.498052978515624,0.004727665098581034,0.002627246063289996,0.0,0.011555749232453106
sector_Turismo_sum_true_lag1,0.0006611774700722606,0.0,13.17138546705246,0.0047065690195600635,0.008584579621833873,0.0,0.005535127436846318
act_anses_administracion_nacional_de_seguridad_social_prop_no_cero_lag2,0.00036970751170883887,0.0,21.678950238227845,0.004636845199220352,0.004800199212335141,0.0,0.009110336385325914
emp_binance_prop_no_cero_lag3,0.001059514976805076,0.0,0.0,0.004585501417602039,0.013756504252806119,0.0,0.0
gobernanza_mean_lag3,0.0009882061131179399,0.0,1.772490644454956,0.004525171789653138,0.012830645998746412,0.0,0.000744869370213001
sector_Otros_prop_true,0.0010269354588615443,0.0,0.2815450429916382,0.004483938424039577,0.013333499116535148,0.0,0.00011831615558358071
cant_empresas_std_lag3,0.0002667661536847277,0.0,23.74911766052246,0.0044813109519585784,0.003463631763596894,0.0,0.009980301092278841
act_anses_administracion_nacional_de_seguridad_social_std_lag3,8.945183017203818e-05,0.0,28.85867223739624,0.004429652237016243,0.0011614224518973677,0.0,0.01212753425915136
act_luis_caputo_std_lag2,0.00038415571932191026,0.0,19.626427610218524,0.0044118593991644235,0.004987791491657124,0.0,0.008247786705836145
expectativa_fin_largo_prop_no_cero,0.000606437591360856,0.0,12.396095901727676,0.0043610566704143485,0.007873849343568004,0.0,0.005209320667675042
sector_Agropecuario_prop_true_lag2,0.00040226642522611655,0.0,18.507697582244873,0.004333529916187403,0.005222936825368032,0.0,0.007777652923194177
act_javier_milei_mean_lag2,0.0004607684306370957,0.0,16.562357783317566,0.0043142197799325085,0.005982513710878996,0.0,0.00696014562891853
sector_Energía_prop_true_lag2,0.0009775523738664415,0.0,0.30896068811416627,0.004274052505791289,0.01269232024353768,0.0,0.00012983727383618517
shock_desconocido_prop_true,0.000980232844593587,0.0,0.15796641111373902,0.004264502163477315,0.012727122872820648,0.0,6.638361761129677e-05
act_anses_administracion_nacional_de_seguridad_social_prop_no_cero_lag1,0.0002753924841285116,0.0,21.64732141494751,0.004224226274910412,0.00357563409865955,0.0,0.009097044726071686
tipo_evento_externo_sum_true_lag1,0.0,0.0,29.757308197021484,0.0041683919903500975,0.0,0.0,0.012505175971050293
cant_sectores_std_lag3,0.0002007751670134894,0.0,23.1197641402483,0.004107547314347545,0.0026068196291170105,0.0,0.009715822313925626
base_monetaria_spec_centroid,0.0008440211092914033,0.0,3.231450068950653,0.004105520359077416,0.010958580325534576,0.0,0.0013579807516976715
act_administracion_de_donald_trump_prop_no_cero,0.00021654973861586768,0.0,22.510955810546875,0.004090536847471221,0.002811633120275649,0.0,0.009459977422138015
impacto_brasil_mean_lag3,2.630074934377169e-05,0.0,28.332705354690553,0.0040826618584612236,0.00034148301639925404,0.0,0.011906502558984417
menciona_tipo_cambio_prop_true_lag2,0.00014243589248508215,0.0,24.709145927429198,0.004077699279838323,0.0018493556047993003,0.0,0.01038374223471567
bonos_soberanos_prop_no_cero_lag2,0.0001233532191008635,0.0,25.084144496917723,0.0040476405511661,0.001601590463851029,0.0,0.010541331189647271
emp_banco central de la republica argentina bcra_mean_lag2,0.00032558550410612954,0.0,18.731312894821166,0.004032984580939711,0.004227328985375922,0.0,0.007871624757443211
act_administracion_de_donald_trump_std_lag2,0.00035747828769672196,0.0,17.72373422384262,0.004029872935563838,0.004641417717203755,0.0,0.007448201089487759
fx_usdars_std_lag1,1.8375243353013772e-05,0.0,27.5115745306015,0.003933337180655594,0.0002385800284714487,0.0,0.011561431513495332
tipo_evento_externo_sum_true_lag2,0.00014882567047607153,0.0,23.105615234375,0.003880731813373136,0.0019323190456489938,0.0,0.009709876394470414
cant_sectores_mean,0.0008257408635919284,0.0,1.943852949142456,0.00384603872917364,0.010721233725238777,0.0,0.0008168824622821424
diario_Pagina 12_prop_true_lag1,5.604709582369693e-05,0.0,25.663801383972167,0.003837542801680484,0.0007277028913560754,0.0,0.010784925513685376
cant_sectores_std_lag2,0.00010662296190275811,0.0,24.06778311729431,0.003832861750795856,0.0013843685657800038,0.0,0.010114216686607565
menciona_salarios_paritarias_sum_true,0.00035966576874884025,0.0,16.245395374298095,0.0038322550669147005,0.004669819479382842,0.0,0.006826945721361258
impacto_fmi_mean_lag2,8.046665079746163e-05,0.0,24.85834197998047,0.0038304003700741426,0.0010447609029957063,0.0,0.010446440207226721
ticker_AL30_prop_true_lag1,0.0004544039881087203,0.0,13.292866516113282,0.0038286859030261405,0.005899879219979824,0.0,0.005586178489098599
impacto_sector_energia_std_lag2,9.912243292831136e-09,0.0,27.174592590332033,0.003806649106720791,1.2869833838862937e-07,0.0,0.011419818621823985
sector_Política_prop_true_lag2,8.15463292383356e-05,0.0,24.32892780303955,0.0037609130084479575,0.001058779205132721,0.0,0.010223959820211152
impacto_eeuu_prop_no_cero_lag3,0.0008683625475244483,0.0,0.0,0.0037582080289917806,0.011274624086975342,0.0,0.0
act_gobierno_mean,8.424227336547573e-05,0.0,24.150521659851073,0.0037475897904503375,0.0010937827375624037,0.0,0.010148986633788609
tc_mayorista_spec_centroid,0.0005400129483859928,0.0,9.985583782196045,0.0037359122070607692,0.007011406713138868,0.0,0.00419632990804344
volumen_mercado_mean_lag1,0.0005947017984908598,0.0,8.266486358642577,0.0037317909630756774,0.007721474447449988,0.0,0.003473898441777044
emp_binance_mean_lag3,0.0003956441230002383,0.0,14.066042518615722,0.003682683799753768,0.0051369543421299286,0.0,0.005911097057131376
sector_Agropecuario_sum_true_lag2,0.0008505272680861653,0.0,0.0,0.003681018276191692,0.011043054828575075,0.0,0.0
act_banco_central_de_la_republica_argentina_bcra_mean_lag3,0.00017831295621135724,0.0,20.61328613758087,0.0036592260997689997,0.002315175334140888,0.0,0.008662502965166111
fx_usdars_prop_no_cero_lag3,0.0008187809460965936,0.0,0.17015034556388856,0.003567457167016099,0.010630867721246587,0.0,7.150377980170996e-05
act_luis_caputo_prop_no_cero_lag2,2.66949936373051e-06,0.0,25.334004485607146,0.0035603307450285276,3.466017956703041e-05,0.0,0.010646332055518553
act_gobierno_nacional_mean_lag3,0.00021905765859995264,0.0,18.41929759979248,0.0035282330695725794,0.002844195389504533,0.0,0.007740503819213206
tipo_evento_otro_prop_true_lag3,0.0005361521672966774,0.0,8.058061981201172,0.0034491965425346664,0.006961279199477405,0.0,0.0033863104281265937
impacto_sector_bancario_std_lag2,0.00013007195417209517,0.0,20.478382205963136,0.0034315453687034296,0.001688825009472634,0.0,0.008605811096637654
palabras_titulo_std_lag2,2.7601791245501772e-05,0.0,23.599756240844727,0.003425303026008728,0.00035837545194386414,0.0,0.00991753362608232
actividad_economica_std_lag3,1.151121820086587e-08,0.0,24.138065147399903,0.00338130046093694,1.4945906910414887e-07,0.0,0.010143751923741716
menciona_sector_agroexportador_sum_true,0.00025787819122342627,0.0,15.842173156142234,0.003335242850321407,0.003348232457240351,0.0,0.00665749609372387
act_indec_mean,2.497925270573964e-05,0.0,22.71302062869072,0.0032897393010915773,0.0003243250011572464,0.0,0.009544892902117486
sector_Comercio / Consumo_sum_true_lag2,7.149168582714083e-05,0.0,21.246302795410156,0.0032855843705772124,0.0009282319756224424,0.0,0.008928521136109195
fx_usdars_mean_lag2,0.0002749733919301889,0.0,14.85526180267334,0.003270983444864194,0.0035701926997791593,0.0,0.006242757634813422
impacto_sector_agroexportador_mean_lag1,0.0007541295351959076,0.0,0.0,0.0032638161124669014,0.009791448337400704,0.0,0.0
act_fondo_monetario_internacional_directorio_prop_no_cero,0.00024992477843142067,0.0,15.450222778320313,0.003245916821534838,0.0032449671336793077,0.0,0.006492783330925206
tasa_prestamos_personales_ma_5,0.0007413134713715408,0.0,0.08359511494636536,0.0032200591194105725,0.009625047446083645,0.0,3.512991214807226e-05
tipo_evento_corporativo_sum_true_lag2,0.0007334681155043654,0.0,0.0,0.0031743950364468802,0.00952318510934064,0.0,0.0
emp_banco nacion_mean_lag2,0.00047130665550767505,0.0,7.194523811340332,0.003047585941062391,0.00611933965333646,0.0,0.003023418169850712
emp_mercado libre_mean,0.0003147750665448257,0.0,11.68705973625183,0.002999441614456757,0.004086968694542458,0.0,0.004911356148827813
menciona_tipo_cambio_prop_true_lag3,0.00041147838510369183,0.0,8.581611251831054,0.0029829563317304215,0.005342542841334579,0.0,0.003606326153856686
impacto_fmi_mean,0.00035944921328336934,0.0,10.103932762145996,0.0029710241717288573,0.004667007771906368,0.0,0.004246064743280204
caracter_vigente_sum_true,0.0006494612251572107,0.0,0.949822998046875,0.0029438703414332683,0.008432458531968001,0.0,0.0003991524923318035
emp_banco central de la republica argentina bcra_std_lag2,0.0006765194266336039,0.0,0.0,0.0029279253788542085,0.008783776136562626,0.0,0.0
tipo_actor_principal_empresa_extranjera_sum_true,0.0,0.0,20.817298030853273,0.002916078893897575,0.0,0.0,0.008748236681692724
bonos_soberanos_prop_no_cero,0.00014040779746554155,0.0,16.434459018707276,0.0029098069595046533,0.001823023275033151,0.0,0.006906397603480809
cant_tickers_std_lag3,0.000670195458951639,0.0,0.05750730633735657,0.00290861132143651,0.008701667161969467,0.0,2.416680234006249e-05
diario_Ámbito Financiero_prop_true,0.000524240406230092,0.0,4.505470657348633,0.0028999977424939392,0.006806619571857022,0.0,0.0018933736556247967
merval_std_lag3,0.0006024724338203668,0.0,1.8091243743896483,0.0028608769716820044,0.007822366629530992,0.0,0.0007602642855150213
act_banco_central_de_la_republica_argentina_bcra_prop_no_cero_lag3,0.00041759132148787016,0.0,7.389428548514843,0.002842412179627328,0.005421911833002503,0.0,0.0031053247058794825
diario_Pagina 12_prop_true,1.2702293116095831e-05,0.0,19.031594848632814,0.00272091286942304,0.000164923718019429,0.0,0.00799781489024969
menciona_commodities_sum_true,0.00031133398715610383,0.0,9.632929968833924,0.0026968071934590984,0.004042290493401839,0.0,0.004048131086975456
act_fondo_monetario_internacional_directorio_mean_lag1,0.0002404914730316676,0.0,11.582450103759765,0.0026632941126398407,0.0031224872172169317,0.0,0.004867395120702591
tipo_evento_sindical_social_prop_true_lag1,0.0003001636356756876,0.0,9.339259791374207,0.0026073255467989284,0.003897257161160462,0.0,0.003924719479236323
volatilidad_merval_prop_no_cero_lag2,0.0005045166618174335,0.0,3.0183016777038576,0.0026063128109607993,0.00655053090880463,0.0,0.0012684075240777671
actividad_economica_prop_no_cero_lag3,3.213219360986841e-05,0.0,17.488804960250853,0.0025888906238498892,0.0004171971776926247,0.0,0.007349474693857043
cant_sectores_mean_lag2,2.035966565756553e-05,0.0,17.698217582702636,0.0025672744426485762,0.00026434532152492466,0.0,0.007437478006420804
prestamos_privados_ars_std20,0.00021654892673979021,0.0,11.496879383921623,0.002547685853917547,0.0028116225790591897,0.0,0.004831434982693451
emp_mercado libre_mean_lag3,4.489884341865036e-05,0.0,16.77342414855957,0.002543933465645224,0.0005829564885408618,0.0,0.007048843908394811
tipo_actor_principal_organismo_internacional_prop_true_lag1,0.0005180673310078099,0.0,1.9870616316795349,0.0025205033929728317,0.006726469751035906,0.0,0.0008350404278825895
sector_Otros_sum_true,0.0005745040368167864,0.0,0.0,0.002486410416948858,0.007459231250846574,0.0,0.0
impacto_sector_energia_prop_no_cero_lag2,1.096283777153595e-06,0.0,17.666207695007323,0.002479420037065961,1.4233902089965751e-05,0.0,0.007424026209107917
emp_la nacion_mean_lag2,0.0004883596106807885,0.0,2.54409373998642,0.0024699594436821634,0.006340751389364243,0.0,0.0010691269416822473
cant_sectores_std_lag1,9.491727469139733e-05,0.0,14.69611759185791,0.002469421204938305,0.00123238455476519,0.0,0.006175879060049725
impacto_sector_energia_mean,4.038451925225672e-06,0.0,17.37881121635437,0.0024518951349929105,5.243435184997931e-05,0.0,0.007303251053128752
emp_banco nacion_mean,0.0003159194801417214,0.0,7.486697006225586,0.0024160093969319905,0.004101827503391143,0.0,0.0031462006874048293
impacto_sector_energia_mean_lag2,0.0002451204917722105,0.0,9.497118377685547,0.0023912157135009275,0.0031825893558224843,0.0,0.003991057784680298
caracter_retroactivo_prop_true_lag1,6.000721357857231e-06,0.0,16.834451888501643,0.002384134050193509,7.79120169949749e-05,0.0,0.0070744901335855525
impacto_brasil_prop_no_cero_lag2,0.00013374114589002062,0.0,12.841063404083252,0.0023775927513126857,0.0017364649698101541,0.0,0.005396313284127902
act_anses_administracion_nacional_de_seguridad_social_prop_no_cero_lag3,6.43748039228953e-05,0.0,14.676063561439515,0.002334426519693509,0.0008358279810345637,0.0,0.006167451578045963
menciona_inflacion_prop_true_lag3,0.0005209163762629032,0.0,0.529866361618042,0.0023287105088862976,0.006763461114089888,0.0,0.0002226704125690042
expectativa_macro_corto_mean_lag1,4.246596857768736e-05,0.0,15.019709873199464,0.0022877445619605414,0.0005513685885782078,0.0,0.006311865097303417
impacto_eeuu_std_lag2,8.968644647495694e-05,0.0,13.417021942138671,0.002267607358529121,0.001164468657226727,0.0,0.005638353418360636
sector_Comercio / Consumo_prop_true_lag3,0.0001442085535757087,0.0,11.621333035826684,0.002252035558635544,0.0018723714378605016,0.0,0.004883735238046131
act_gobierno_nacional_std_lag2,0.0003593799967347877,0.0,4.6793571472167965,0.0022108521960291496,0.0046661090798012315,0.0,0.0019664475082862174
impacto_sector_industrial_mean_lag1,1.4523501596919174e-07,0.0,15.435440361499786,0.0021628189614580867,1.8856987948025193e-06,0.0,0.006486571185579458
tasa_bcra_prop_no_cero_lag1,0.00011515744845382869,0.0,11.632699859142303,0.002127896812936387,0.0014951784203885228,0.0,0.004888512018420637
caracter_desconocido_prop_true_lag3,0.00047640348776977203,0.0,0.17926501035690307,0.002086949964424715,0.006185515777529441,0.0,7.533411574470334e-05
valencia_general_prop_no_cero_lag3,3.4158709258491625e-06,0.0,14.72479705810547,0.0020774273950406774,4.4350900126186546e-05,0.0,0.006187931284995845
emp_banco nacion_mean_lag1,1.3437015513773077e-05,0.0,14.386780929565429,0.0020734489919054726,0.00017446318844650764,0.0,0.00604588378726991
impacto_sector_energia_prop_no_cero_lag1,0.00016865226498339326,0.0,9.585756301879883,0.0020726833240748,0.0021897430912071643,0.0,0.0040283068810172355
tipo_actor_principal_empresa_extranjera_prop_true_lag2,9.904007424665905e-06,0.0,14.416166687011719,0.002062274742973769,0.00012859140572800556,0.0,0.006058232823193302
diario_La Nación_prop_true,0.000400717425509356,0.0,2.2916483104228975,0.0020552881781663013,0.005202824961300316,0.0,0.0009630395731985882
sector_Justicia_prop_true_lag3,0.0004165549646131694,0.0,1.6852385520935058,0.0020388862208486343,0.005408456008340886,0.0,0.000708202654205016
act_indec_prop_no_cero_lag3,7.119653928420178e-05,0.0,12.31158435344696,0.0020327351646442626,0.0009243998592654038,0.0,0.005173805634667384
menciona_sector_energia_prop_true_lag1,3.739630827226392e-09,0.0,14.439546155929566,0.0020227021126871443,4.855452589617256e-08,0.0,0.006068057783535537
tipo_actor_principal_provincia_prop_true_lag1,0.00012217245795227428,0.0,10.65676289498806,0.0020215483834825636,0.0015862597265630142,0.0,0.004478385423884677
act_administracion_de_donald_trump_std_lag1,0.0004246096241651287,0.0,1.2049254298210144,0.0020064641111164987,0.005513035897070311,0.0,0.0005063564362791855
emp_la nacion_mean_lag1,1.943581171559572e-08,0.0,14.29003448486328,0.0020018265086943344,2.523502096483537e-07,0.0,0.006005227175873354
diario_Ámbito Financiero_prop_true_lag3,2.5382585788769064e-08,0.0,14.246372902393341,0.0019957361486428256,3.2956178722772064e-07,0.0,0.005986878884141249
tipo_evento_externo_prop_true,0.0,0.0,14.166970825195312,0.0019845036830709885,0.0,0.0,0.005953511049212965
menciona_salarios_paritarias_prop_true_lag2,0.0003121879746029066,0.0,4.501551818847656,0.0019817017606616884,0.004053378474412933,0.0,0.001891726807572131
cant_sectores_prop_no_cero_lag3,4.219189527248091e-05,0.0,12.788554427027702,0.001974019018723488,0.000547810082402087,0.0,0.005374246973768378
tipo_evento_sindical_social_prop_true_lag3,7.509038280062441e-09,0.0,14.088162899017334,0.001973496798423606,9.749566480471485e-08,0.0,0.005920392899606013
volatilidad_merval_prop_no_cero_lag3,0.0004558969289064407,0.0,0.0,0.0019730877425487327,0.005919263227646198,0.0,0.0
shock_neutro_prop_true,0.00015480387919524218,0.0,9.205000972747802,0.0019594124919441193,0.0020099387636046784,0.0,0.00386829871222768
act_indec_std_lag3,0.00017865262925624846,0.0,8.343256378173828,0.0019419152521652527,0.002319585572588579,0.0,0.003506160183907179
expectativa_macro_largo_std_lag3,8.471258386322233e-07,0.0,13.821364593505859,0.0019397575956525649,1.099889143327332e-05,0.0,0.005808273895524421
menciona_inflacion_prop_true,0.0003427733026910573,0.0,3.181636905670166,0.0019291796082914093,0.004450491497946458,0.0,0.0013370473269277692
m1_hp_ema20,0.00044212533715608514,0.0,0.09965230822563172,0.001927444581536331,0.005740455976565188,0.0,4.187776804380447e-05
spread_usd_mean_lag1,4.785030000675761e-07,0.0,13.73991355895996,0.0019267525948529777,6.212775373180135e-06,0.0,0.005774045009185753
menciona_fmi_prop_true_lag1,0.0,0.0,13.74055519104004,0.0019247715492971813,0.0,0.0,0.005774314647891544
cant_empresas_mean,2.876862849916506e-05,0.0,12.72903914451599,0.0019075872488027949,0.00037352540451060805,0.0,0.005349236341897777
act_administracion_de_donald_trump_prop_no_cero_lag1,7.481339271180332e-05,0.0,11.300443935394288,0.0019067484844487049,0.0009713602710083429,0.0,0.004748885182337772
tipo_evento_otro_prop_true_lag2,0.00010479031979202525,0.0,10.356963539123536,0.0019043240167024075,0.0013605739526390075,0.0,0.004352398097468215
horizonte_dias_std,8.093583519439563e-05,0.0,11.06291880607605,0.001899973530295973,0.00105085268772086,0.0,0.004649067903167059
act_banco_central_de_la_republica_argentina_bcra_prop_no_cero_lag1,0.0002625878809340065,0.0,5.156570243835449,0.001858790994894985,0.003409382009583974,0.0,0.002166990975100981
act_javier_milei_prop_no_cero,6.60855023397744e-05,0.0,11.148977816104889,0.0018477575147795124,0.0008580393046706198,0.0,0.004685233239667917
act_desconocido_prop_no_cero_lag3,0.00039666907782702764,0.0,0.9304742813110352,0.0018470945118933355,0.005150262125164935,0.0,0.0003910214105150718
act_javier_milei_mean,4.388262363042017e-05,0.0,11.650968599319459,0.0018219837904831443,0.0005697621192826477,0.0,0.004896189252166785
act_gobierno_nacional_mean_lag1,6.0933086577641406e-05,0.0,11.115805339813232,0.0018208114581030985,0.0007911414968097615,0.0,0.0046712928774995345
sector_Política_prop_true,0.0003053089836612344,0.0,3.5038084983825684,0.0018121665127576164,0.003964063202599142,0.0,0.0014724363356737077
badlar_hp_rm20,5.292689908609205e-05,0.0,11.296573710441589,0.0018114832406666767,0.0006871909584149424,0.0,0.004747258763585087
emp_bitso_mean_lag2,0.00037333582040446347,0.0,1.3933429956436156,0.0018109483892669905,0.004847308356702654,0.0,0.0005855368110983172
impacto_eeuu_mean,6.271363148471209e-05,0.0,10.976565074920654,0.001809012801660016,0.00081425969157119,0.0,0.004612778713408858
diario_Ámbito Financiero_sum_true,7.6636990706902e-05,0.0,10.469903469085693,0.0017982990991088153,0.000995037457385293,0.0,0.004399859839941153
impacto_sector_bancario_prop_no_cero_lag2,0.0003071048518876296,0.0,3.341939353942871,0.0017972643299743456,0.003987380351893607,0.0,0.0014044126380294301
sector_Salud_prop_true_lag3,2.178311552465395e-05,0.0,12.1466495513916,0.0017957735677556765,0.0002828270745713101,0.0,0.0051044936286957195
act_desconocido_mean_lag2,3.581402683088264e-05,0.0,11.690124205499888,0.0017925484100737073,0.00046500127246411685,0.0,0.004912643957757005
sector_Industria / Manufactura_sum_true_lag2,5.697204115606702e-06,0.0,12.60291485786438,0.0017900684127789565,7.397121736002311e-05,0.0,0.0052962340209768465
menciona_sector_bancario_prop_true_lag2,7.573248876724392e-06,0.0,12.539512228965759,0.0017893063786726356,9.832936075559131e-05,0.0,0.005269589775262315
bonos_soberanos_std,3.3735152065395014e-06,0.0,12.666279983520507,0.0017888878231208211,4.380096298931754e-05,0.0,0.005322862506373146
tipo_evento_regulatorio_prop_true_lag3,2.5808939253124662e-05,0.0,11.771270179748536,0.0017606140368904134,0.0003350974647537642,0.0,0.004946744645917476
tipo_actor_principal_empresa_local_sum_true_lag3,0.000397964334115386,0.0,0.0,0.0017223598138687603,0.005167079441606281,0.0,0.0
act_administracion_de_donald_trump_std,7.303141719603446e-05,0.0,9.841665253043175,0.0016946910857544,0.0009482235015452146,0.0,0.004135849755717985
sector_Servicios_prop_true_lag3,4.5070492205923074e-05,0.0,10.575297816097736,0.0016764452577903708,0.0005851851378037788,0.0,0.004444150635567333
impacto_bolsa_extranjera_mean,0.00034361026207871956,0.0,1.2800586700439454,0.0016664295768921231,0.004461358390466015,0.0,0.0005379303402103546
spread_usd_std,3.231859181398733e-05,0.0,10.851899147033691,0.001660002193838885,0.0004196173300678271,0.0,0.0045603892514488285
sector_Seguridad_sum_true,0.00035567032239214313,0.0,0.648356294631958,0.0016301359946401328,0.004617943502165886,0.0,0.00027246448175451246
act_administracion_de_donald_trump_std_lag3,2.3129292763712785e-06,0.0,11.550263500213623,0.0016279665380828543,3.0030553718821996e-05,0.0,0.004853869060529741
tipo_evento_corporativo_prop_true_lag3,5.633109978475659e-09,0.0,11.519899642467498,0.001613727375975894,7.31390334935129e-08,0.0,0.004841108988894188
impacto_commodities_std_lag3,0.0002784998656125026,0.0,2.6722732543945313,0.0015796575301038733,0.0036159796412289567,0.0,0.0011229929490826631
impacto_sector_agroexportador_mean,4.441043742495765e-05,0.0,9.827065670490265,0.0015687765264511093,0.0005766151349248989,0.0,0.0041297144444284286
gobernanza_mean,1.1855091361212545e-05,0.0,10.783769941329956,0.0015618941851998313,0.0001539238409066198,0.0,0.004531758714692874
diario_Clarín_sum_true_lag3,6.0260791386967937e-05,0.0,9.286791348457337,0.001561694256699481,0.0007824125672031891,0.0,0.003902670202895254
spread_usd_std_lag1,0.00010035795567091555,0.0,7.914481353759766,0.0015429991362051873,0.0013030251333991938,0.0,0.003325972275216368
act_banco_central_de_la_republica_argentina_bcra_std_lag2,0.0002554037323079683,0.0,3.0814993262290953,0.001537023422695484,0.003316104639003617,0.0,0.0012949656290828357
expectativa_macro_largo_std,0.0003485845345494454,0.0,0.13345663547515868,0.0015273422947977213,0.004525943225882405,0.0,5.6083658510759334e-05
impacto_prestamos_internacionales_mean,6.690510723217358e-09,0.0,10.850347900390625,0.001519941408494297,8.68680870325415e-08,0.0,0.004559737357395858
impacto_sector_agroexportador_prop_no_cero_lag2,1.0468708040889396e-06,0.0,10.77848014831543,0.0015143760244984382,1.3592335156992814e-05,0.0,0.004529535738338321
cant_empresas_mean_lag1,0.00026425293192707254,0.0,2.5002979755401613,0.0014939076396024008,0.0034310006573319484,0.0,0.0010507222614752538
caracter_retroactivo_prop_true,1.77660376909472e-05,0.0,10.060128498077393,0.0014861089101073826,0.0002306702391201707,0.0,0.004227656491201977
emp_binance_mean_lag2,6.10088206443038e-06,0.0,10.37844747006893,0.0014802129867557377,7.921248109043532e-05,0.0,0.004361426479176778
impacto_brasil_mean,2.537302015909182e-07,0.0,10.210639190673827,0.0014314004341272693,3.294375892425892e-06,0.0,0.004290906926489382
sector_Turismo_prop_true,0.0002286519074914395,0.0,3.1323904514312746,0.0014283723384580097,0.002968764960079373,0.0,0.0013163520552946562
expectativa_macro_corto_mean,1.638698883805745e-05,0.0,9.623301696777343,0.0014189499640612235,0.00021276497885965864,0.0,0.004044084913324012
impacto_mercosur_prop_no_cero_lag3,5.8033229742626705e-06,0.0,9.685864979028702,0.001381908491253223,7.534904076258208e-05,0.0,0.004070376432997087
cant_tickers_std_lag2,5.123988522370837e-08,0.0,9.863388574123382,0.00138188134186771,6.65287149709562e-07,0.0,0.0041449787384534205
ticker_BNB_prop_true_lag3,1.3764379218628165e-07,0.0,9.851084136962891,0.001380531690799522,1.787136051906231e-06,0.0,0.00413980793634666
horizonte_dias_mean_lag1,0.00012835027882829309,0.0,5.877419471740723,0.0013787969884016544,0.0016664711638853034,0.0,0.00246991980131966
tipo_actor_principal_organismo_internacional_prop_true_lag2,0.0002710391973060666,0.0,1.3974566459655762,0.001368792509309008,0.0035191120012870018,0.0,0.0005872655266400217
diario_La Nación_sum_true_lag1,0.0003161997971147912,0.0,0.0,0.0013684890253156882,0.004105467075947064,0.0,0.0
menciona_fmi_prop_true_lag2,0.0003153574652969837,0.0,0.0,0.0013648434763341205,0.004094530429002361,0.0,0.0
menciona_confianza_consumidor_prop_true,0.00025086350657375076,0.0,1.9855644226074218,0.001363855537114575,0.0032571553688292565,0.0,0.0008344112425144686
cant_sectores_mean_lag3,0.0002895709063569285,0.0,0.7862930595874786,0.001363384803258834,0.0037597235452018246,0.0,0.00033043086457467774
menciona_reservas_prop_true_lag1,0.0,0.0,9.72137908935547,0.0013617669468934798,0.0,0.0,0.004085300840680439
emp_la nacion_mean_lag3,0.0001531189290199464,0.0,4.97108142375946,0.0013590343740919788,0.0019880617493484775,0.0,0.0020890413729274587
bonos_soberanos_std_lag3,0.00010752382821692663,0.0,6.264889715611934,0.0013429383497985715,0.0013960652114654087,0.0,0.0026327498379303056
cant_sectores_std,0.00022981740381737835,0.0,2.3495424032211303,0.0013237554735217073,0.0029838975023420175,0.0,0.000987368918223105
volatilidad_merval_std,5.359017723094439e-06,0.0,9.216535067558288,0.0013142420226165874,6.958028127258355e-05,0.0,0.0038731457865771785
tipo_actor_principal_empresa_extranjera_prop_true,0.0001229094500239114,0.0,5.539786183834076,0.001307953951338272,0.0015958286659265072,0.0,0.002328033188088309
impacto_bolsa_extranjera_std_lag2,1.5393671048968827e-08,0.0,9.307239985466003,0.0013038211272897997,1.9986796400934423e-07,0.0,0.00391126351390539
menciona_prestamos_internacionales_prop_true,0.00019274066435173153,0.0,3.3258693695068358,0.0013000536199037655,0.0025025014529181776,0.0,0.0013976594067931193
caracter_prospectivo_sum_true_lag1,0.0002484001785092005,0.0,1.5771285057067872,0.0012959808957821936,0.003225172071058208,0.0,0.0006627706162883726
expectativa_macro_corto_std_lag3,0.0002783605144941248,0.0,0.6468837261199951,0.0012953386629812834,0.00361417033763763,0.0,0.0002718456513062206
sector_Gobierno / Sector Público_sum_true,3.604589390207025e-05,0.0,8.03078896999359,0.0012809536775227792,0.0004680117823867763,0.0,0.0033748492501815613
impacto_brasil_mean_lag2,2.2071720979255362e-05,0.0,8.444437438249588,0.0012784182185755916,0.0002865742629079765,0.0,0.003548680392818798
horizonte_dias_mean_lag2,0.00018172050147313712,0.0,3.3728112101554872,0.0012589347753519376,0.0023594181357166214,0.0,0.0014173861903391909
tipo_evento_desconocido_sum_true,0.00023799482733011246,0.0,1.5536139965057374,0.001247653412505016,0.0030900713307376675,0.0,0.0006528889067773812
shock_negativo_sum_true,0.0,0.0,8.887059783935547,0.001244895827802978,0.0,0.0,0.003734687483408934
menciona_deuda_prop_true,0.00012440009813872167,0.0,4.896839758753776,0.0012243416831412,0.0016151829059134302,0.0,0.0020578421435101697
menciona_deuda_prop_true_lag3,2.2127709598862565e-06,0.0,8.649672508239746,0.0012212194187790186,2.8730120655728455e-05,0.0,0.0036349281356813277
emp_lemon_mean,3.29544737965648e-05,0.0,7.638215255737305,0.001212582671994901,0.00042787347876710035,0.0,0.0032098745372176026
caracter_desconocido_prop_true_lag1,9.266550150641706e-05,0.0,5.751534801721573,0.0012067220715320807,0.0012031480379875374,0.0,0.0024170181766087046
cant_empresas_prop_no_cero_lag2,7.921705450719685e-06,0.0,8.333532667160034,0.0012016425152239134,0.00010285364257040739,0.0,0.003502073903101333
menciona_fmi_sum_true_lag2,1.8179041217081248e-05,0.0,7.9419928908348085,0.0011911887583464455,0.00023603258404975274,0.0,0.0033375336909895834
act_indec_mean_lag2,4.249273578125212e-05,0.0,7.157244753837586,0.0011864893969289168,0.0005517161279313415,0.0,0.003007752062855409
emp_bitso_mean_lag1,2.6965910163490036e-06,0.0,8.360680079460144,0.0011828314103346342,3.501193149373339e-05,0.0,0.003513482299510169
bonos_soberanos_std_lag1,0.0002696305338758975,0.0,0.08725189566612243,0.0011791629551207272,0.0035008222320132083,0.0,3.66666333489732e-05
sector_Cripto / Fintech_prop_true_lag2,0.0002721974738821409,0.0,0.0,0.0011780502679801963,0.0035341508039405892,0.0,0.0
menciona_fmi_prop_true,0.0001723429188132286,0.0,3.0459775030612946,0.001172566563648263,0.0022376617107804915,0.0,0.0012800379801642973
cant_empresas_std_lag1,2.1295872793469783e-05,0.0,7.57666092813015,0.0011535026146480235,0.0002765008244942269,0.0,0.003184007019449843
impacto_sector_agroexportador_mean_lag3,4.3772185782664507e-07,0.0,8.215368270874023,0.0011526999730919888,5.683282190966373e-06,0.0,0.0034524166370850005
caracter_vigente_sum_true_lag1,0.0002597421640530229,0.0,0.19758136421442032,0.001151821739999551,0.0033724338613911283,0.0,8.303135860752403e-05
emae_desestacionalizado_hp_ema20,0.0002444919664412737,0.0,0.5313699603080749,0.0011325770024455822,0.0031744287242341505,0.0,0.00022330228310259582
caracter_desconocido_sum_true_lag3,0.00025971540132862516,0.0,0.027477017045021056,0.0011278777631037185,0.0033720863801944925,0.0,1.1546909116662955e-05
merval_prop_no_cero_lag1,0.00021830746384807754,0.0,1.2465348422527314,0.001119432452004282,0.00283445502950913,0.0,0.0005238423265037157
emp_jp morgan_mean_lag1,6.523884221678599e-05,0.0,5.91733580827713,0.001111246885106237,0.000847046459984561,0.0,0.0024866941953341497
tipo_actor_principal_desconocido_prop_true,6.337267404887825e-06,0.0,7.675475335121154,0.0011026047746920526,8.228165520547205e-05,0.0,0.003225532668870686
emp_binance_std,0.0002528503173380159,0.0,0.0,0.001094317224368888,0.0032829516731066643,0.0,0.0
sector_Finanzas_prop_true_lag1,5.2904774202033876e-05,0.0,6.175641512870788,0.0010940493242512846,0.0006869036938945702,0.0,0.0025952442788592833
menciona_sector_industrial_sum_true_lag2,0.00018771901632135267,0.0,1.9717586994171143,0.0010886370152100656,0.0024373015038864883,0.0,0.0008286095417437086
act_anses_administracion_nacional_de_seguridad_social_std_lag1,0.0002513821976791064,0.0,0.0,0.001087963312508728,0.003263889937526184,0.0,0.0
menciona_brasil_prop_true_lag3,0.00018450184143148363,0.0,2.0285476207733155,0.001082668293083071,0.0023955304284195233,0.0,0.0008524744508296895
sector_Energía_sum_true,1.052578263625037e-05,0.0,7.304719835519791,0.0010687970706299789,0.00013666439528426806,0.0,0.0030697268166056686
act_javier_milei_prop_no_cero_lag1,1.6121839996330323e-07,0.0,7.6017549023032185,0.0010655485683033563,2.093223459109062e-06,0.0,0.00319455248145096
impacto_commodities_mean_lag3,1.3258917306302465e-06,0.0,7.50773057937622,0.0010574182971410046,1.721508013617356e-05,0.0,0.0031550398112868403
caracter_desconocido_sum_true_lag2,0.00022765840689764616,0.0,0.4127137251198292,0.001043101299674027,0.0029558655717338714,0.0,0.0001734383272882099
act_anses_administracion_nacional_de_seguridad_social_std_lag2,4.588627781458854e-05,0.0,6.008562135696411,0.001040269384638508,0.0005957771147372479,0.0,0.002525031039178276
actividad_economica_prop_no_cero_lag2,1.0983285292365252e-07,0.0,7.317388820648193,0.0010254922869960183,1.426045069129802e-06,0.0,0.003075050815918925
confianza_std,2.4485922835992824e-06,0.0,7.24047372341156,0.0010248400260699263,3.1791971704161004e-05,0.0,0.003042728106505618
caracter_vigente_prop_true_lag3,0.00023355999728664757,0.0,0.03407332897186279,0.0010156031433162368,0.0030324904945163962,0.0,1.431893543231439e-05
act_gobierno_prop_no_cero_lag1,3.226740563633257e-08,0.0,7.240139770507812,0.0010143355730909713,4.1895274024511796e-07,0.0,0.0030425877665326687
act_desconocido_std_lag2,0.0001257858464661421,0.0,3.2870001673698424,0.0010048334033147047,0.0016331751506450359,0.0,0.001381325059299078
palabras_noticia_mean_lag3,0.00022461877670139075,0.0,0.19542577266693115,0.0009995083973398417,0.0029163996966522034,0.0,8.212549536732145e-05
tipo_evento_regulatorio_prop_true_lag1,0.00021210457198321818,0.0,0.5584189891815186,0.0009961958036936688,0.002753918076104334,0.0,0.00023466933497667258
sector_Comercio / Consumo_prop_true_lag1,0.00011119854020762432,0.0,3.5740196228027346,0.0009819062070900192,0.0014437768457835052,0.0,0.0015019417754865525
caracter_vigente_sum_true_lag3,8.638430263090413e-05,0.0,4.336341094970703,0.0009812977375008726,0.0011215943639618312,0.0,0.0018222988485407864
menciona_deuda_sum_true,0.0002082115846366861,0.0,0.5078707218170166,0.0009722664648588844,0.002703372403639959,0.0,0.00021342699093669434
diario_Pagina 12_prop_true_lag3,2.0638170727949047e-09,0.0,6.924323010444641,0.0009699653670911626,2.679613687437303e-08,0.0,0.0029098693051366133
sector_Otros_prop_true_lag2,6.462869919232617e-05,0.0,4.878753280639648,0.0009631220011627814,0.000839124500130712,0.0,0.002050241503357632
sector_Comercio / Consumo_prop_true,0.00021883941371925175,0.0,0.08604906797409058,0.000959174301834692,0.0028413617470405368,0.0,3.61611584635393e-05
sector_Energía_prop_true,0.00016299171165883307,0.0,1.8089433908462524,0.0009588119895610139,0.002116247739478055,0.0,0.0007601882292049866
diario_La Nación_prop_true_lag1,3.6216096475527594e-06,0.0,6.690097427368164,0.0009528202629353718,4.702216543346603e-05,0.0,0.0028114386233726494
expectativa_macro_largo_prop_no_cero,0.0,0.0,6.760092926025391,0.0009469511496233756,0.0,0.0,0.002840853448870127
menciona_eeuu_prop_true_lag1,1.716235738058458e-06,0.0,6.702772521972657,0.0009463494696980744,2.2283218969317657e-05,0.0,0.0028167651901249056
tipo_evento_desconocido_prop_true,2.3795329980202952e-06,0.0,6.679954528808594,0.0009460238350517603,3.089532146649488e-05,0.0,0.002807176183688786
categoria_fuente_periodistica_sum_true_lag3,0.0002168434439226985,0.0,0.052316604554653166,0.0009458106639715186,0.0028154465239470846,0.0,2.198546796747137e-05
horizonte_dias_std_lag3,2.2104745875139996e-05,0.0,6.058410549163819,0.0009443274427254349,0.0002870030507313024,0.0,0.002545979277445002
impacto_fmi_std_lag3,5.368105519210076e-07,0.0,6.719353139400482,0.0009435676122275452,6.969827517418026e-06,0.0,0.0028237330091652173
cant_sectores_prop_no_cero_lag1,0.00010438630331179865,0.0,3.456257390975952,0.0009359272693598228,0.0013553282934929704,0.0,0.0014524535145864978
menciona_embi_prop_true_lag1,6.457766543732646e-11,0.0,6.647607374191284,0.0009311944973952446,8.384618893294877e-10,0.0,0.0027935826537238443
sector_Turismo_prop_true_lag1,4.225167439528832e-05,0.0,5.2686872482299805,0.0009208977111334251,0.0005485862410927447,0.0,0.0022141068923075304
ticker_ADA_prop_true_lag1,2.396599120402243e-06,0.0,6.409230804443359,0.0009081748234658223,3.111690416260184e-05,0.0,0.002693407566234865
tipo_actor_principal_provincia_prop_true_lag3,1.870904316309263e-05,0.0,5.886557388305664,0.000905557972906184,0.00024291401015878874,0.0,0.0024737599085597633
act_desconocido_prop_no_cero_lag2,3.290864106995084e-05,0.0,5.4160820007324215,0.0009011087618558299,0.00042727839694911237,0.0,0.002276047888618377
menciona_tipo_cambio_prop_true_lag1,6.839248089818284e-06,0.0,6.160105180740357,0.0008925048561988962,8.879925956052858e-05,0.0,0.00258871530903616
sector_Construcción / Inmobiliario_sum_true_lag2,0.0,0.0,6.356693291664124,0.0008904430880188663,0.0,0.0,0.0026713292640565987
tipo_actor_principal_desconocido_prop_true_lag2,6.879166236650746e-10,0.0,6.311018371582032,0.0008840479404881538,8.931754780438219e-09,0.0,0.0026521348897096814
cant_tickers_prop_no_cero_lag1,1.0400973273760883e-06,0.0,6.23480122089386,0.0008778699581286328,1.3504389858203739e-05,0.0,0.002620105484527695
sector_Educación_prop_true_lag1,0.00019928025412809802,0.0,0.03309023082256317,0.0008671052719125004,0.0025874100163076914,0.0,1.3905799429810098e-05
actividad_economica_std_lag1,0.00015667027478798444,0.0,1.312674593925476,0.0008619361472733911,0.0020341716243674397,0.0,0.0005516368174527333
sector_Salud_sum_true_lag2,0.0,0.0,6.10135709643364,0.0008546756945436812,0.0,0.0,0.0025640270836310435
diario_Pagina 12_sum_true_lag1,3.511846897708004e-05,0.0,5.011054992675781,0.0008539367079596834,0.0004559703056695167,0.0,0.0021058398182095335
tc_minorista_std20,3.9272615686059e-05,0.0,4.8766426086425785,0.0008530871098789099,0.000509906812580606,0.0,0.0020493545170561234
spread_usd_prop_no_cero_lag2,9.5146592684614e-06,0.0,5.645943260192871,0.0008320602363318442,0.00012353619680325728,0.0,0.0023726445121922753
tipo_evento_sindical_social_prop_true_lag2,0.00014803963427283405,0.0,1.360924732685089,0.000831342242318471,0.0019221133283071753,0.0,0.0005719133986482376
shock_desconocido_sum_true,0.0001897993730381131,0.0,0.0,0.0008214374625931919,0.0024643123877795756,0.0,0.0
ticker_AL30_prop_true_lag2,6.068546190363122e-05,0.0,3.98748779296875,0.0008212078478608836,0.0007879263937147652,0.0,0.0016756971498678858
horizonte_dias_std_lag2,1.3289970922869543e-05,0.0,5.387427520751953,0.0008121867194697193,0.00017255399453759628,0.0,0.0022640061638715616
actividad_economica_prop_no_cero,1.550843905420152e-05,0.0,5.30236736536026,0.0008098728902825048,0.0002013580859865063,0.0,0.0022282605848610083
shock_mixto_sum_true_lag3,0.0,0.0,5.7781294822692875,0.0008093980978934062,0.0,0.0,0.0024281942936802184
diario_Ámbito Financiero_sum_true_lag3,2.340412455907881e-05,0.0,5.046318435668946,0.0008081775923931295,0.0003038738914300445,0.0,0.002120658885749344
act_gobierno_prop_no_cero,0.00014423566809677047,0.0,1.2922400116920472,0.0008052576331702118,0.0018727234867059305,0.0,0.0005430494128047046
act_javier_milei_std,0.00017251805402338505,0.0,0.38454265594482423,0.0008005117925001104,0.002239935626974294,0.0,0.00016159975052603727
act_gobierno_prop_no_cero_lag3,2.2211209860746942e-05,0.0,4.990027141571045,0.000795129484712639,0.0002883853551845995,0.0,0.0020970030989533174
sector_Salud_sum_true_lag1,9.627235613152152e-08,0.0,5.670612716674805,0.0007947538513363087,1.2499786275268405e-06,0.0,0.002383011575381399
tasa_prestamos_personales_std20,2.4050145293585955e-05,0.0,4.864200162887573,0.0007854624659286323,0.0003122616794049223,0.0,0.0020441257183809744
menciona_prestamos_internacionales_sum_true_lag1,0.00018112328774009257,0.0,0.0,0.0007838880156252245,0.0023516640468756733,0.0,0.0
sector_Otros_prop_true_lag3,0.00015295887410360365,0.0,0.8666740536689759,0.0007833979035581263,0.001985983632299117,0.0,0.0003642100783752623
menciona_prestamos_internacionales_prop_true_lag2,5.0841839192516947e-05,0.0,3.9915202140808104,0.0007791702464246889,0.000660119009531488,0.0,0.0016773917297425783
impacto_sector_agroexportador_std_lag1,0.00017569282790645956,0.0,0.11920852363109588,0.0007770840753858993,0.0022811561773018684,0.0,5.0096048855829406e-05
fx_usdars_std_lag3,1.0480974015081302e-05,0.0,5.218083238601684,0.0007763079111419109,0.00013608261022113154,0.0,0.002192841123204601
score_fuente_mean_lag2,4.8980696381306646e-05,0.0,4.017090606689453,0.0007746972503220906,0.0006359543497031784,0.0,0.0016881374012630932
ticker_BNB_prop_true_lag1,0.00017860025400295854,0.0,0.0,0.0007729685146917191,0.0023189055440751573,0.0,0.0
caracter_desconocido_sum_true,2.1471209633716627e-05,0.0,4.847596073150635,0.000771975131324353,0.0002787773586077915,0.0,0.0020371480353652675
emp_mercado libre_prop_no_cero_lag3,2.5779829593375324e-05,0.0,4.645899963378906,0.0007623690041439355,0.00033471951147617384,0.0,0.0019523875009556325
caracter_retroactivo_sum_true_lag1,1.8099603948940057e-06,0.0,5.385318899154663,0.0007622067193565344,2.3500118841973455e-05,0.0,0.0022631200392276294
emp_banco central de la republica argentina bcra_prop_no_cero_lag2,2.0440069420146756e-05,0.0,4.8063853025436405,0.00076173964527024,0.00026538926590145964,0.0,0.0020198296699092603
tipo_actor_principal_empresa_local_sum_true,1.6573514116657862e-09,0.0,5.4347797393798825,0.0007613089742839891,2.151867811413592e-08,0.0,0.0022839054041738534
act_gobierno_nacional_prop_no_cero_lag1,1.8667979793107747e-07,0.0,5.421134686470031,0.0007601983439391688,2.4238085259499948e-06,0.0,0.0022781712232915565
emp_bitso_mean,6.370676076983273e-06,0.0,5.200779059529305,0.0007560948871227153,8.271542589283646e-05,0.0,0.0021855692354753094
menciona_brasil_prop_true_lag1,0.0001478833293533044,0.0,0.8096607565879822,0.0007534449260912145,0.0019200839003733407,0.0,0.00034025087790030275
impacto_sector_industrial_prop_no_cero_lag3,3.266588793309211e-05,0.0,4.3419938623905185,0.0007496003018756616,0.0004241265447972447,0.0,0.00182467436082974
impacto_sector_industrial_mean_lag3,8.184271678146615e-07,0.0,5.279561233520508,0.0007431009457857829,1.0626274343572375e-05,0.0,0.0022186765630137764
tipo_evento_fiscal_sum_true_lag1,1.5539249034191016e-06,0.0,5.24237174987793,0.000741074636671806,2.0175811583981943e-05,0.0,0.002203048098431436
menciona_tipo_cambio_sum_true,0.00016940228815656155,0.0,0.0,0.0007331604078210711,0.0021994812234632133,0.0,0.0
menciona_brasil_sum_true_lag2,3.0474743492603373e-09,0.0,5.194380187988282,0.0007276399163318241,3.956772180071797e-08,0.0,0.0021828801812736713
m2_diff3,2.6904945116257294e-08,0.0,5.137960433959961,0.000719839912795674,3.493277584705639e-07,0.0,0.0021591704106285513
act_gobierno_std_lag2,6.055522445649331e-05,0.0,3.254157567024231,0.000717919581263199,0.0007862354199818315,0.0,0.0013675233238077658
menciona_deuda_sum_true_lag1,1.0491167316217798e-06,0.0,5.087507629394532,0.0007171965598457957,1.3621495775137332e-05,0.0,0.00213796818376225
valencia_general_std_lag3,0.00013836212747264653,0.0,0.823899507522583,0.0007142324365006641,0.001796462755764271,0.0,0.0003462345537377215
sector_Infraestructura_prop_true_lag2,6.535095599247142e-06,0.0,4.883373641967774,0.0007123444568456475,8.485021200420201e-05,0.0,0.0020521831585327407
emp_ypf_mean,6.409185661482297e-06,0.0,4.783162689208984,0.0006977620173505531,8.321542568003351e-05,0.0,0.0020100706263716257
menciona_confianza_consumidor_prop_true_lag1,4.233940842368611e-08,0.0,4.945793533325196,0.0006929880483820934,5.497253599926109e-07,0.0,0.002078414419786288
tipo_actor_principal_poder_judicial_prop_true_lag2,0.00015167986202868633,0.0,0.2482921600341797,0.0006912397434953734,0.001969377227072976,0.0,0.00010434200341314414
sector_Construcción / Inmobiliario_prop_true_lag3,0.00015771119251848376,0.0,0.0355443149805069,0.0006875412556688775,0.002047686666155348,0.0,1.4937100851284935e-05
expectativa_fin_corto_std,7.57725956646027e-07,0.0,4.863571143150329,0.000684566507778716,9.838143464941646e-06,0.0,0.0020438613798712067
merval_cierre_diff1,5.0765058558610575e-06,0.0,4.721617698669434,0.0006833730810354709,6.591221070430955e-05,0.0,0.001984207032402103
emp_la nacion_prop_no_cero_lag3,0.0,0.0,4.869917678833008,0.0006821761468378957,0.0,0.0,0.0020465284405136873
score_fuente_std_lag3,0.000156789327802187,0.0,0.0,0.0006785724606458957,0.002035717381937687,0.0,0.0
tasa_bcra_prop_no_cero_lag3,8.949884431785903e-07,0.0,4.8042547583580015,0.0006768515537575728,1.1620328729967247e-05,0.0,0.002018934332542751
tipo_evento_desconocido_sum_true_lag1,1.3238856505282114e-06,0.0,4.720708943903446,0.0006670047240060479,1.7189033643146785e-05,0.0,0.001983825138374997
cant_empresas_mean_lag3,1.975290210991798e-05,0.0,4.128824758529663,0.0006638532230012118,0.0002564672400382135,0.0,0.001735092428965422
impacto_prestamos_internacionales_mean_lag2,3.487288400272348e-08,0.0,4.704407501220703,0.000659142473694886,4.5278168557624655e-07,0.0,0.0019769746393990817
shock_negativo_prop_true_lag2,1.2593004612426738e-07,0.0,4.691454415023327,0.0006577220990651652,1.6350474065863677e-06,0.0,0.001971531249788909
menciona_brasil_sum_true_lag3,0.00011561880819499493,0.0,1.0130538940429688,0.0006422977269190127,0.0015011686115423706,0.0,0.0004257245692146674
sector_Educación_prop_true_lag2,4.4702703760890473e-10,0.0,4.583780670166016,0.0006420961222696861,5.804098553217127e-09,0.0,0.0019262825627105052
menciona_sector_bancario_prop_true,0.00014519458054564893,0.0,0.09412649273872375,0.0006415764654130033,0.0018851737903541556,0.0,3.955560588485437e-05
impacto_sector_industrial_std_lag1,0.0,0.0,4.57504044175148,0.000640869859822653,0.0,0.0,0.0019226095794679591
tipo_evento_externo_prop_true_lag1,1.0304443552655584e-06,0.0,4.530290603637695,0.0006390610061036262,1.3379057838555324e-05,0.0,0.0019038039604723233
emp_mercado libre_std_lag1,4.2262404136944595e-05,0.0,3.2487865447998048,0.0006379972551440973,0.0005487255536460898,0.0,0.0013652662117862023
horizonte_dias_mean_lag3,5.3566994377191036e-05,0.0,2.8854990720748903,0.0006360335086867177,0.0006955018117647996,0.0,0.0012125987142953534
tipo_actor_principal_sindicato_prop_true_lag1,7.706553442403674e-05,0.0,2.083448600769043,0.0006253825154447401,0.0010006015726609961,0.0,0.0008755459736732242
menciona_bolsa_extranjera_prop_true_lag2,0.0001444296625777497,0.0,0.0,0.0006250807558106833,0.00187524226743205,0.0,0.0
tipo_evento_sindical_social_sum_true_lag2,0.00014118162216618656,0.0,0.013896925747394562,0.0006129701561987181,0.0018330704409707666,0.0,5.840027625387945e-06
expectativa_fin_corto_mean_lag3,0.00014123048167675735,0.0,0.0,0.0006112349406237173,0.0018337048218711517,0.0,0.0
spread_usd_prop_no_cero_lag3,0.00013826242339867178,0.0,0.0,0.0005983894068279351,0.0017951682204838055,0.0,0.0
actividad_economica_prop_no_cero_lag1,4.305211533051079e-06,0.0,4.117742317914963,0.0005954443519547061,5.589789862361046e-05,0.0,0.001730435157240508
act_javier_milei_mean_lag3,9.778134073950214e-05,0.0,1.2290558338165283,0.0005953559710360345,0.0012695709444185757,0.0,0.0005164969686895276
menciona_sector_agroexportador_sum_true_lag1,0.00012487564235925676,0.0,0.35067365169525144,0.0005895746484771719,0.0016213572651583698,0.0,0.00014736668027314555
caracter_vigente_prop_true_lag1,3.836829411461018e-05,0.0,3.018126279115677,0.0005888330397980681,0.0004981653046115037,0.0,0.001268333814782701
spread_bonos_mean_lag2,0.0,0.0,4.193620681762695,0.0005874407303472374,0.0,0.0,0.0017623221910417122
emp_banco central de la republica argentina bcra_mean,9.064422365305802e-05,0.0,1.3608317375183105,0.0005829261797479506,0.0011769042207744164,0.0,0.0005718743184694352
emp_banco nacion_std_lag2,0.00013413429355726424,0.0,0.0,0.0005805231702440024,0.0017415695107320071,0.0,0.0
volatilidad_merval_std_lag2,5.594652179752301e-07,0.0,4.104176837205887,0.0005773327954312627,7.263970608118434e-06,0.0,0.0017247344156856698
menciona_prestamos_internacionales_prop_true_lag3,8.145840167717022e-06,0.0,3.8389718741178513,0.0005730162510942174,0.00010576375734469115,0.0,0.0016132849959379612
sector_Energía_prop_true_lag3,0.00012990393952350132,0.0,0.0,0.0005622145150164253,0.0016866435450492762,0.0,0.0
tipo_actor_principal_congreso_sum_true_lag3,6.4730685153335795e-06,0.0,3.789052963256836,0.000558783999407313,8.404486629194119e-05,0.0,0.0015923071319299978
diario_Clarín_prop_true_lag2,1.2612863642402771e-09,0.0,3.93614222407341,0.0005513787083449966,1.6376258583902837e-08,0.0,0.001654119748776406
actividad_economica_mean_lag1,0.00010952424773664759,0.0,0.5266166239976883,0.0005477809851474706,0.0014220382087640588,0.0,0.00022130474667835307
ticker_ADA_prop_true,3.6245821775082734e-07,0.0,3.845889663696289,0.0005402993985502586,4.7060760094107765e-06,0.0,0.0016161921196413652
sector_Industria / Manufactura_prop_true_lag1,1.8788230241928438e-06,0.0,3.7827835083007812,0.0005380222264465131,2.439421573871148e-05,0.0,0.001589672463600828
shock_neutro_prop_true_lag1,1.0579046373104805e-05,0.0,3.512120819091797,0.0005377618183857517,0.00013735595966853746,0.0,0.001475929495488718
tipo_evento_sindical_social_sum_true_lag1,2.7102501917397604e-06,0.0,3.755222511291504,0.000537759847333158,3.5189279156075444e-05,0.0,0.0015780902628433986
spread_usd_mean_lag2,0.00012416759568623092,0.0,0.0,0.000537388048780927,0.001612164146342781,0.0,0.0
tipo_actor_principal_empresa_extranjera_sum_true_lag3,0.00012284429976716638,0.0,0.021099235117435455,0.0005346164957431941,0.0015949827696403716,0.0,8.866717589210707e-06
diario_La Nación_prop_true_lag3,9.43109827939992e-06,0.0,3.5099395751953124,0.0005324880372812226,0.0001224512597079278,0.0,0.00147501285213574
gobernanza_std,3.880030926666223e-05,0.0,2.5737578690052034,0.000528455817454481,0.000503774492217706,0.0,0.0010815929601457371
sector_Finanzas_prop_true,1.3192412734497338e-05,0.0,3.351741087436676,0.0005266063426210868,0.00017128732095334436,0.0,0.0014085317069099158
cant_tickers_std_lag1,2.56489109233371e-05,0.0,2.9632486388087274,0.0005260972643602027,0.0003330196928982587,0.0,0.0012452721001823494
impacto_bolsa_extranjera_prop_no_cero_lag1,8.76887464538456e-06,0.0,3.481216812133789,0.000525598509705478,0.00011385309692866114,0.0,0.0014629424321877728
impacto_fmi_prop_no_cero_lag2,2.1333215016738905e-07,0.0,3.7403308868408205,0.0005248673602958956,2.769856675256675e-06,0.0,0.00157183222421243
sector_Educación_sum_true_lag3,0.00012077092251274734,0.0,0.0,0.0005226875018390546,0.0015680625055171638,0.0,0.0
shock_desconocido_sum_true_lag2,6.061515289701446e-10,0.0,3.7068782806396485,0.0005192606702392182,7.870135173801139e-09,0.0,0.0015577741405824808
caracter_desconocido_prop_true,7.30567793165271e-05,0.0,1.4486661314964295,0.0005191128459450463,0.0009485527976156385,0.0,0.0006087857402195005
act_desconocido_prop_no_cero,7.48382341953402e-05,0.0,1.3912259101867677,0.0005187766456192164,0.0009716828072455857,0.0,0.0005846471296120635
ticker_ETH_sum_true_lag3,0.00011933358618989586,0.0,0.0,0.0005164668179503937,0.0015494004538511809,0.0,0.0
sector_Seguridad_sum_true_lag3,0.0001060430658981204,0.0,0.3837064027786255,0.0005126958836388745,0.0013768393264312223,0.0,0.00016124832448540132
actividad_economica_mean,2.211696613971803e-05,0.0,2.9544537723064423,0.0005095792905978807,0.00028716171589915595,0.0,0.0012415761558944862
impacto_sector_industrial_prop_no_cero,4.213908827566115e-05,0.0,2.321860504150391,0.0005076201193180758,0.0005471244482277411,0.0,0.0009757359097264863
badlar_spec_centroid,0.00010942073983042367,0.0,0.23244667649269105,0.0005061258005159566,0.0014206942853808688,0.0,9.7683116167001e-05
horizonte_dias_std_lag1,4.202824516452708e-05,0.0,2.3000062227249147,0.0005040790595212404,0.000545685286193139,0.0,0.0009665518923705821
tipo_actor_principal_congreso_prop_true_lag2,3.0693306882767504e-07,0.0,3.561392307281494,0.0005002068124396491,3.985149959264377e-06,0.0,0.001496635287359683
palabras_titulo_mean_lag1,1.9640873016868456e-08,0.0,3.5678688049316407,0.0004998706585816697,2.550126794810603e-07,0.0,0.001499356963065528
impacto_sector_bancario_prop_no_cero_lag1,8.157391079066656e-07,0.0,3.5280291378498077,0.0004977353872366472,1.0591373178071487e-05,0.0,0.0014826147885318702
impacto_sector_industrial_mean_lag2,0.00011465380120610213,0.0,0.0,0.0004962130592522692,0.0014886391777568077,0.0,0.0
caracter_retroactivo_prop_true_lag2,4.536109315989023e-05,0.0,2.1385895773768424,0.0004958921958881624,0.0005889582352555708,0.0,0.0008987183524089163
emp_banco nacion_mean_lag3,9.395890114092254e-05,0.0,0.6276428699493408,0.0004945670482461336,0.00121994124805268,0.0,0.00026375989668572087
act_javier_milei_std_lag2,0.00011387008672159027,0.0,0.0,0.0004928212016963137,0.001478463605088941,0.0,0.0
actividad_economica_mean_lag3,4.955050318744547e-06,0.0,3.351655626296997,0.0004909436840461463,6.433525931669596e-05,0.0,0.001408495792821743
tipo_evento_judicial_prop_true,9.41938392315933e-06,0.0,3.196058654785156,0.0004884690229480247,0.00012229916314018653,0.0,0.0013431079057038878
gobernanza_prop_no_cero,1.6684708743497366e-07,0.0,3.4674647092819213,0.00048644318994544444,2.1663050717685085e-06,0.0,0.001457163264764565
act_desconocido_std,5.819834176774563e-05,0.0,1.6277135848999023,0.00047988753837539827,0.0007556341850385642,0.0,0.0006840284300876306
sector_Seguridad_sum_true_lag2,0.00011050893253923277,0.0,0.0,0.00047827437828617614,0.0014348231348585284,0.0,0.0
shock_negativo_prop_true,8.724940403901372e-05,0.0,0.7026613712310791,0.00047603740966929947,0.0011328266461478314,0.0,0.000295285582860067
tipo_actor_principal_poder_judicial_sum_true,2.1717833078582772e-07,0.0,3.315717315673828,0.00046540430477589033,2.8197946196868333e-06,0.0,0.0013933931197079841
volumen_mercado_prop_no_cero_lag2,9.950853474549603e-11,0.0,3.3027114868164062,0.00046264295252707727,1.2919964430750683e-09,0.0,0.0013879275655847888
menciona_pbi_prop_true_lag3,9.704386366138351e-05,0.0,0.24558308124542236,0.0004543997503966128,0.0012599957078399686,0.0,0.00010320354334986996
tipo_evento_regulatorio_prop_true_lag2,1.1609952820854086e-05,0.0,2.8630916595458986,0.00045130775566376547,0.00015074101721201122,0.0,0.0012031822497792853
sector_Política_prop_true_lag3,0.00010233293580368397,0.0,0.0,0.0004428892771390254,0.0013286678314170762,0.0,0.0
cant_empresas_std,7.026399271126138e-06,0.0,2.9388608753681185,0.0004420842012552391,9.122918842226362e-05,0.0,0.0012350234153434537
act_javier_milei_prop_no_cero_lag2,0.00010204945436047552,0.0,0.0,0.0004416623906974425,0.0013249871720923275,0.0,0.0
diario_Ámbito Financiero_prop_true_lag2,8.530378090654267e-05,0.0,0.5086500167846679,0.0004404398645843348,0.0011075651128216065,0.0,0.00021375448093139784
sector_Construcción / Inmobiliario_prop_true_lag1,6.159149887707827e-06,0.0,2.946138882637024,0.00043935031130348714,7.996901740777464e-05,0.0,0.0012380819165026867
tipo_actor_principal_empresa_local_prop_true_lag3,7.008527754805982e-05,0.0,0.960749500989914,0.0004379052399058443,0.0009099714867233608,0.0,0.0004037442329941722
expectativa_macro_corto_std_lag1,3.003392465283916e-11,0.0,3.1117023468017577,0.0004358861668829106,3.8995372529901657e-10,0.0,0.0013076581106950065
caracter_prospectivo_sum_true_lag3,4.496749927120902e-05,0.0,1.699020004272461,0.0004326140186831969,0.0005838479006948941,0.0,0.0007139941553546967
menciona_bolsa_extranjera_prop_true,2.3956086780785312e-05,0.0,2.3459431648254396,0.0004322989411206094,0.000311040444821475,0.0,0.0009858563785403532
categoria_fuente_analisis_prop_true_lag2,1.143119425250916e-06,0.0,3.0245540618896483,0.0004286256747405534,1.4842005615011307e-05,0.0,0.001271035018606649
sector_Infraestructura_prop_true_lag3,1.958055883051202e-05,0.0,2.445108985900879,0.0004272530931485417,0.00025422957364557806,0.0,0.0010275297058000472
ticker_ETH_prop_true_lag1,2.6789890578138297e-08,0.0,3.0280889511108398,0.00042428945006156614,3.4783391621482595e-07,0.0,0.0012725205162684836
tipo_evento_corporativo_prop_true_lag2,3.055071147173294e-07,0.0,3.0115704417228697,0.00042318181104300214,3.966635691686557e-06,0.0,0.0012655787974373198
ticker_AL30_sum_true_lag2,0.0,0.0,2.9953842163085938,0.0004195922390766383,0.0,0.0,0.0012587767172299149
menciona_commodities_prop_true,6.097241021052469e-06,0.0,2.7652802228927613,0.0004137477646759208,7.916520660181609e-05,0.0,0.0011620780874259462
expectativa_fin_largo_mean_lag3,7.546985255242333e-05,0.0,0.5897361755371093,0.0004092378767628542,0.0009798835979900123,0.0,0.00024783003229855054
expectativa_macro_largo_std_lag2,2.487469544121268e-07,0.0,2.906991386413574,0.0004082867645208686,3.229674531417722e-06,0.0,0.001221630619031188
tipo_actor_principal_municipio_sum_true_lag1,1.0256943738795598e-09,0.0,2.9116156578063963,0.00040786241158413477,1.3317385148156668e-08,0.0,0.001223573917367256
emp_mercado libre_mean_lag2,1.673365047629716e-05,0.0,2.349619096517563,0.00040155570111846087,0.00021726595563217166,0.0,0.000987401147723211
expectativa_macro_corto_std,2.014085719315162e-08,0.0,2.8638619422912597,0.00040125581894999294,2.615043616167065e-07,0.0,0.001203505952488362
diario_Ámbito Financiero_sum_true_lag1,6.23762711256859e-05,0.0,0.9295767784118653,0.0004001745751586591,0.00080987948051682,0.0,0.0003906442449591573
sector_Industria / Manufactura_sum_true_lag1,1.3932417897422055e-05,0.0,2.422413444519043,0.0003996291799908775,0.0001808953816166956,0.0,0.0010179921583559368
fx_usdars_std_lag2,8.996082631540503e-05,0.0,0.05372723340988159,0.0003968698041184158,0.0011680311433875082,0.0,2.257826896773921e-05
expectativa_fin_largo_mean_lag1,8.732846322345721e-06,0.0,2.5584901094436647,0.0003961873894078169,0.00011338531328241216,0.0,0.0010751768549410387
act_fondo_monetario_internacional_directorio_prop_no_cero_lag2,5.4332107861065905e-05,0.0,1.1449938774108888,0.0003955355816205388,0.0007054358732223757,0.0,0.0004811708716392407
sector_Justicia_prop_true,7.97934080765117e-07,0.0,2.70998592376709,0.0003830671577751774,1.0360196708690532e-05,0.0,0.0011388412766168414
menciona_bolsa_extranjera_sum_true_lag2,8.800057112239301e-05,0.0,0.0,0.0003808598768922934,0.0011425796306768802,0.0,0.0
caracter_prospectivo_prop_true_lag1,1.855341975809388e-06,0.0,2.6516255855560305,0.0003794684467525345,2.4089343085640165e-05,0.0,0.0011143159971719633
m2_transaccional_diff3,1.4731545888935217e-06,0.0,2.6425045490264893,0.00037653669718578877,1.912710797941171e-05,0.0,0.0011104829835779546
emp_jp morgan_mean,2.2061624505909093e-06,0.0,2.60058856010437,0.0003738375250896039,2.8644317256799366e-05,0.0,0.0010928682580120125
shock_positivo_prop_true_lag1,2.9348675631979406e-07,0.0,2.599133551120758,0.00036535579093995496,3.8105660607365736e-06,0.0,0.0010922568067591283
sector_Servicios_prop_true_lag1,1.5433852831085726e-05,0.0,2.1020658373832704,0.00036125311146133644,0.00020038967523445904,0.0,0.0008833696591495502
tipo_evento_fiscal_prop_true_lag2,3.6939165147487075e-05,0.0,1.4228720664978027,0.000359185296095223,0.00047960981540707474,0.0,0.0005979460728785942
tipo_evento_monetario_prop_true_lag2,0.0,0.0,2.563824272155762,0.00035913949238825806,0.0,0.0,0.0010774184771647742
caracter_retroactivo_sum_true_lag3,4.458790192529704e-06,0.0,2.424780559539795,0.00035895961379334146,5.789192940987527e-05,0.0,0.001018986911970149
sector_Transporte / Logística_sum_true_lag1,8.283272618427872e-05,0.0,0.0,0.0003584938312879845,0.0010754814938639535,0.0,0.0
menciona_pbi_prop_true,7.726436829216254e-05,0.0,0.0905239760875702,0.0003470749584845721,0.0010031831869018089,0.0,3.804168855190746e-05
sector_Seguridad_prop_true_lag1,2.3590319818911354e-05,0.0,1.7080486476421357,0.0003413599168596115,0.0003062914088222597,0.0,0.0007177883417565749
sector_Cripto / Fintech_prop_true_lag3,1.3595400410082448e-05,0.0,2.013078308105469,0.0003408310891724686,0.00017651962233121806,0.0,0.0008459736451861877
emp_mercado libre_mean_lag1,7.628945632234262e-05,0.0,0.07514503002166747,0.0003407013358443383,0.000990525149070781,0.0,3.157885846223373e-05
impacto_sector_bancario_mean,9.10641695384129e-10,0.0,2.4233211517333983,0.0003394618119094075,1.182356703735302e-08,0.0,0.0010183736121611852
act_indec_prop_no_cero,7.6333440460985e-05,0.0,0.0,0.000330365409746052,0.000991096229238156,0.0,0.0
emp_la nacion_prop_no_cero,1.6659834727761335e-06,0.0,2.2765377044677733,0.000326106754964767,2.1630754854884835e-05,0.0,0.0009566895100394163
tipo_evento_judicial_prop_true_lag2,0.0,0.0,2.3239537596702577,0.0003255385256494107,0.0,0.0,0.0009766155769482321
ticker_SOL_prop_true_lag3,8.715947842574678e-07,0.0,2.292278861999512,0.0003248737153895823,1.1316590722027485e-05,0.0,0.0009633045554467195
menciona_bolsa_extranjera_sum_true_lag1,7.490517889783277e-05,0.0,0.0,0.00032418400073729004,0.0009725520022118701,0.0,0.0
cant_empresas_std_lag2,8.196446538022429e-06,0.0,2.051156234741211,0.00032279876235979975,0.00010642081907913182,0.0,0.0008619754680002674
sector_Empleo / Laboral_prop_true_lag1,7.361909611063311e-05,0.0,0.0,0.00031861793081571063,0.0009558537924471319,0.0,0.0
act_luis_caputo_std_lag3,1.0813354265337693e-07,0.0,2.261452388763428,0.0003172513521439743,1.4039816066288995e-06,0.0,0.000950350074825294
cant_tickers_mean_lag2,7.388826702481311e-07,0.0,2.2218892574310303,0.00031443919927280964,9.593486470803478e-06,0.0,0.0009337241113476255
tipo_actor_principal_organismo_internacional_sum_true_lag1,7.167893626946753e-05,0.0,0.0,0.0003102210644223099,0.0009306631932669297,0.0,0.0
impacto_brasil_std_lag2,8.389261779839785e-06,0.0,1.95414457321167,0.00031004389700907306,0.00010892428882909675,0.0,0.0008212074021981224
expectativa_fin_corto_std_lag3,5.318483260907669e-06,0.0,2.0301109075546266,0.00030739513184827873,6.905399092873304e-05,0.0,0.0008531314046161031
sector_Gobierno / Sector Público_prop_true_lag2,0.0,0.0,2.189622685313225,0.0003067214817589614,0.0,0.0,0.0009201644452768843
palabras_noticia_mean_lag2,7.3441938752694115e-09,0.0,2.1809465408325197,0.0003055379159843149,9.535536211411514e-08,0.0,0.0009165183925908307
sector_Minería_prop_true_lag2,7.033266010694205e-05,0.0,0.0,0.0003043944820833231,0.0009131834462499694,0.0,0.0
expectativa_macro_largo_mean_lag3,4.820591282310716e-05,0.0,0.6779787540435791,0.00030360257440208887,0.0006258947341746512,0.0,0.0002849129890316154
sector_Medio Ambiente_prop_true_lag3,4.454064490113652e-05,0.0,0.783384096622467,0.00030250470831447634,0.0005783057195216387,0.0,0.0003292084054217904
m1_hp_rm20,1.160917165924924e-05,0.0,1.7988597363233567,0.0003022271869834411,0.000150730874785359,0.0,0.0007559506861649643
shock_positivo_prop_true_lag2,4.322117201809306e-05,0.0,0.8061961174011231,0.00029998962742971584,0.0005611739802594111,0.0,0.0003387949020297364
impacto_sector_agroexportador_prop_no_cero_lag1,0.0,0.0,2.130257987976074,0.00029840569838059436,0.0,0.0,0.0008952170951417831
tipo_actor_principal_desconocido_prop_true_lag3,6.84148037987109e-05,0.0,0.0,0.00029609414370899463,0.0008882824311269838,0.0,0.0
menciona_prestamos_internacionales_sum_true_lag2,5.218879437496327e-08,0.0,2.0871912002563477,0.00029259878894140014,6.776075727904394e-07,0.0,0.0008771187592514101
shock_desconocido_sum_true_lag1,5.644056673190789e-05,0.0,0.33659532070159914,0.00029142068276259567,0.0007328116291659756,0.0,0.00014145041912181147
sector_Infraestructura_sum_true_lag2,1.2611337751877726e-09,0.0,2.056929016113281,0.00028813926302928344,1.6374277401951035e-08,0.0,0.0008644014148104484
impacto_fmi_mean_lag1,5.055198890447643e-05,0.0,0.49102583825588225,0.0002875679251888896,0.0006563556585573187,0.0,0.00020634811700935023
merval_std_lag2,1.3139276416040956e-05,0.0,1.6364427566528321,0.00028609805927756683,0.0001705974109409084,0.0,0.000687696766891792
menciona_mercosur_prop_true_lag3,2.784366722607956e-05,0.0,1.1793133735656738,0.0002857030571242965,0.00036151591529578727,0.0,0.0004955932560771022
sector_Política_prop_true_lag1,6.1092922387651075e-12,0.0,2.0364303946495057,0.0002852623925712477,7.93216769031754e-11,0.0,0.0008557870983920662
sector_Turismo_sum_true,4.0773835479179786e-06,0.0,1.8813205718994142,0.0002811812537931239,5.293983128619297e-05,0.0,0.0007906039300931788
gobernanza_std_lag3,4.767707404198518e-05,0.0,0.5227750837802887,0.0002795729309006349,0.00061902841033703,0.0,0.00021969038236487469
fx_usdars_prop_no_cero_lag2,6.446156041020056e-05,0.0,0.0,0.00027898480258688695,0.0008369544077606608,0.0,0.0
act_fondo_monetario_internacional_directorio_prop_no_cero_lag1,1.579417938160077e-05,0.0,1.4807270050048829,0.00027577567930196003,0.00020506807415573367,0.0,0.0006222589637501464
tipo_evento_monetario_prop_true_lag1,3.6687236359966847e-09,0.0,1.9670121252536774,0.0002755541603063207,4.763388286699388e-08,0.0,0.0008266148470360952
fx_usdars_mean_lag1,9.222271136266614e-06,0.0,1.6670475006103516,0.0002734326544316101,0.00011973989503116102,0.0,0.0007005580682636691
expectativa_fin_corto_prop_no_cero_lag1,6.0987183091798515e-05,0.0,0.05684934258460998,0.00027191139140626065,0.0007918438737872991,0.0,2.3890300431482863e-05
bonos_soberanos_prop_no_cero_lag3,1.598275564536067e-05,0.0,1.435939073562622,0.0002703179474756256,0.0002075165059676311,0.0,0.0006034373364592456
menciona_mercosur_sum_true_lag2,2.0184028937109134e-08,0.0,1.9289022922515868,0.00027028722694074167,2.6206489383414007e-07,0.0,0.0008105996159283909
tipo_evento_externo_prop_true_lag3,4.31621351992817e-09,0.0,1.9180361732840538,0.000268696430567452,5.604074594769492e-08,0.0,0.0008060332509564084
sector_Gobierno / Sector Público_sum_true_lag3,0.0,0.0,1.8993354797363282,0.00026605816454571414,0.0,0.0,0.0007981744936371425
impacto_brasil_prop_no_cero,8.485061972929308e-07,0.0,1.8446274280548096,0.00026206695348659104,1.101681369978406e-05,0.0,0.000775184046759989
volumen_mercado_std_lag3,6.031307857483626e-05,0.0,0.0,0.00026103048409832527,0.0007830914522949759,0.0,0.0
shock_positivo_sum_true_lag1,5.9827044606208804e-05,0.0,0.0,0.00025892696550638945,0.0007767808965191684,0.0,0.0
emp_ypf_mean_lag2,8.629482863398152e-06,0.0,1.5802005529403687,0.00025870162505047103,0.00011204326537018282,0.0,0.0006640616097812303
act_javier_milei_std_lag1,1.1652560516495215e-08,0.0,1.8398284912109375,0.00025777288048249586,1.512942259529173e-07,0.0,0.0007731673472215347
impacto_mercosur_mean_lag2,3.407520860037039e-05,0.0,0.7696223258972168,0.00025528334089093893,0.00044242484748990027,0.0,0.0003234251751829166
act_gobierno_nacional_mean,1.992656521281333e-05,0.0,1.1937634527683259,0.00025346259432600966,0.00025872204272230515,0.0,0.0005016657402557238
cant_tickers_mean_lag1,3.4264699347905538e-06,0.0,1.6881920218467712,0.000251310777371089,4.448851527535362e-05,0.0,0.0007094438168379135
tipo_actor_principal_empresa_extranjera_prop_true_lag1,1.5211943491522106e-07,0.0,1.774942946434021,0.0002492916690787793,1.9750845426045295e-06,0.0,0.0007458999226937334
emae_desestacionalizado_lag2,5.7574844686314466e-05,0.0,0.0,0.0002491796130371108,0.0007475388391113325,0.0,0.0
tipo_evento_judicial_sum_true_lag3,0.0,0.0,1.7727652549743653,0.00024832825740420106,0.0,0.0,0.0007449847722126032
ticker_BTC_prop_true,6.461421671133394e-06,0.0,1.5580145359039306,0.00024621061017674216,8.389364628535407e-05,0.0,0.0006547381842448725
impacto_prestamos_internacionales_std_lag2,4.072022928257313e-06,0.0,1.629732209444046,0.0002459156548940691,5.2870230205723116e-05,0.0,0.0006848767344764841
actividad_economica_std_lag2,2.3410976040156435e-06,0.0,1.6830081522464753,0.0002458872128551888,3.0396284951996845e-05,0.0,0.0007072653536135696
sector_Seguridad_sum_true_lag1,5.350489936972736e-06,0.0,1.5873477697372436,0.00024551156870738865,6.946955841484351e-05,0.0,0.0006670651477073224
palabras_noticia_mean,7.430821256093623e-07,0.0,1.6459103882312776,0.000233774481477978,9.648011255068868e-06,0.0,0.0006916754331788652
emp_banco nacion_prop_no_cero_lag2,4.298107114664163e-09,0.0,1.668658410012722,0.00023376361352681174,5.580565645252947e-08,0.0,0.0007012350349239827
tipo_evento_desconocido_prop_true_lag3,3.1446739257035e-08,0.0,1.6678178787231446,0.00023376336948077516,4.0829739248308347e-07,0.0,0.0007008818110498424
emp_lemon_std,3.4621575105120427e-05,0.0,0.5910343647003173,0.000232631443042058,0.0004495187473504281,0.0,0.0002483755817757459
valencia_general_mean,1.1150794776426665e-08,0.0,1.653390884399414,0.00023165460248193517,1.447794123936227e-07,0.0,0.0006948190280334118
act_gobierno_nacional_prop_no_cero,5.2854906971333546e-05,0.0,0.0,0.0002287520763275281,0.0006862562289825843,0.0,0.0
emp_banco nacion_prop_no_cero,5.509923356683544e-07,0.0,1.5906512260437011,0.0002252024496280659,7.153960609166332e-06,0.0,0.0006684533882750314
volatilidad_merval_prop_no_cero_lag1,8.782193683165574e-07,0.0,1.5722795009613038,0.00022404515970209625,1.140260283207499e-05,0.0,0.0006607328762742137
tipo_actor_principal_sindicato_sum_true_lag2,5.1378156058490276e-05,0.0,0.0,0.00022236080904718486,0.0006670824271415546,0.0,0.0
emp_la nacion_std,5.10874786414206e-05,0.0,0.0,0.0002211027789700101,0.0006633083369100303,0.0,0.0
caracter_prospectivo_sum_true,1.435129415767733e-05,0.0,1.12962526679039,0.00022034878723689198,0.00018633397680576703,0.0,0.00047471238490490885
diario_La Nación_sum_true,4.254849272911088e-09,0.0,1.5546486675739288,0.00021779298657621034,5.524400636067535e-08,0.0,0.0006533237157222703
valencia_general_prop_no_cero_lag1,3.997461675453451e-07,0.0,1.5160906314849854,0.00021410344888205782,5.190214366259199e-06,0.0,0.0006371201322799143
emp_binance_std_lag2,0.0,0.0,1.5281598091125488,0.00021406402306634964,0.0,0.0,0.0006421920691990489
impacto_sector_industrial_prop_no_cero_lag2,1.9844373875255172e-07,0.0,1.5159431457519532,0.00021321156731293162,2.5765488887416224e-06,0.0,0.0006370581530500532
sector_Agropecuario_prop_true,1.0650353985397487e-07,0.0,1.4963054656982422,0.00021006281854914395,1.382818016747729e-06,0.0,0.0006288056376306841
menciona_mercosur_prop_true,5.390834516560972e-07,0.0,1.4813032150268555,0.0002098334826347518,6.999338336572511e-06,0.0,0.0006225011095676829
tipo_evento_regulatorio_prop_true,1.4102571003604681e-05,0.0,1.0614070773124695,0.00020971635500187757,0.00018310461129260615,0.0,0.00044604445371302655
sector_Agropecuario_prop_true_lag3,3.6145156465750004e-05,0.0,0.34915017485618594,0.00020534234712218997,0.0004693005851968344,0.0,0.00014672645616973552
confianza_std_lag3,2.0560697521432304e-06,0.0,1.3854079246520996,0.0002029659112209769,2.6695547404827272e-05,0.0,0.0005822021862581034
confianza_std_lag2,0.0,0.0,1.4457360982894898,0.00020251814217769586,0.0,0.0,0.0006075544265330876
expectativa_fin_largo_std_lag2,6.209032636661504e-06,0.0,1.2531909883022307,0.00020241872708183875,8.061668380527301e-05,0.0,0.0005266394974402433
act_fondo_monetario_internacional_directorio_std_lag1,1.0063330955745187e-05,0.0,1.1310967445373534,0.00020199692786898265,0.0001306600266355394,0.0,0.00047533075697140856
menciona_inflacion_prop_true_lag1,2.4828349069139223e-06,0.0,1.3611770868301392,0.00020141867262736242,3.223657022666188e-05,0.0,0.0005720194476554254
sector_Finanzas_prop_true_lag3,2.728218305492192e-07,0.0,1.4121460437774658,0.00019899361303274228,3.5422573105346064e-06,0.0,0.0005934385817876923
impacto_mercosur_mean_lag3,4.740364245581219e-08,0.0,1.413979321718216,0.0001982748248584797,6.154782360965649e-07,0.0,0.0005942089963393425
expectativa_macro_corto_std_lag2,2.3310838932388835e-05,0.0,0.6943189620971679,0.00019814749018239316,0.00030266269182609363,0.0,0.00029177977872108586
shock_neutro_sum_true,0.0,0.0,1.4080544471740724,0.00019723971135819065,0.0,0.0,0.000591719134074572
impacto_eeuu_mean_lag3,6.791643466286246e-07,0.0,1.366174790263176,0.0001943125979377166,8.818117183132397e-06,0.0,0.0005741196766300174
ticker_AL30D_prop_true_lag3,1.4247580111259595e-06,0.0,1.340127182006836,0.00019389073275503,1.8498737694464605e-05,0.0,0.0005631734605706254
impacto_bolsa_extranjera_prop_no_cero,1.55283820841845e-06,0.0,1.3280355095863343,0.00019275125754891504,2.0161702180410275e-05,0.0,0.0005580920704663349
menciona_sector_energia_sum_true,8.665464873436336e-12,0.0,1.3634682655334474,0.0001909941341306446,1.125104476988436e-10,0.0,0.0005729822898814861
menciona_tipo_cambio_prop_true,1.9512381231834298e-05,0.0,0.7529959440231323,0.00018992749839276532,0.0002533443710324123,0.0,0.00031643812414588367
emp_ypf_prop_no_cero,2.785465140320298e-07,0.0,1.3456543922424316,0.00018970426472364444,3.616585313820341e-06,0.0,0.000565496208857113
tasa_prestamos_personales_hp_rm20,2.072726869764563e-06,0.0,1.2839112997055053,0.00018882039480459895,2.6911819675077125e-05,0.0,0.0005395493647387196
emp_la nacion_prop_no_cero_lag2,1.2166585747763747e-07,0.0,1.3418849587440491,0.00018849727624192466,1.579682139897057e-06,0.0,0.000563912146585877
expectativa_macro_largo_prop_no_cero_lag1,0.0,0.0,1.3397061347961425,0.00018766550672974155,0.0,0.0,0.0005629965201892247
volumen_mercado_std_lag2,4.484351326716762e-06,0.0,1.2003642201423645,0.0001875544827841984,5.822380942936414e-05,0.0,0.000504439638923231
tipo_evento_judicial_sum_true,5.219849953164158e-07,0.0,1.3111590266227722,0.0001859257510223829,6.777335823627835e-06,0.0,0.0005509999172435209
tasa_bcra_std,0.0,0.0,1.3205190509557725,0.00018497778759638328,0.0,0.0,0.0005549333627891498
impacto_brasil_prop_no_cero_lag1,4.736447988307191e-06,0.0,1.1559374809265137,0.0001824222581438917,6.149697580568519e-05,0.0,0.00048576979862598993
valencia_general_std_lag2,4.210214024227277e-05,0.0,0.0,0.0001822149077563627,0.0005466447232690881,0.0,0.0
sector_Empleo / Laboral_prop_true_lag2,3.968460042977767e-05,0.0,0.06208520531654358,0.00018044884768542453,0.0005152559298683551,0.0,2.609061318791852e-05
bonos_soberanos_mean_lag1,3.633789110324415e-06,0.0,1.1696592092514038,0.00017957216744459204,4.7180300839838866e-05,0.0,0.0004915362014939372
sector_Tecnología_prop_true,2.0632561272826422e-05,0.0,0.6444411814212799,0.00017956924535099966,0.000267888536839567,0.0,0.00027081919921343193
sector_Educación_prop_true,6.332977591227973e-07,0.0,1.26186203956604,0.000179502001827265,8.222595722937221e-06,0.0,0.0005302834097588577
impacto_mercosur_std_lag1,3.8108912810785876e-05,0.0,0.09062788486480713,0.00017762763704388054,0.0004947975560781917,0.0,3.808535505344991e-05
tipo_evento_otro_prop_true,3.011142171160941e-08,0.0,1.261561393737793,0.00017684934221385868,3.9095992968677104e-07,0.0,0.0005301570667118892
bonos_soberanos_std_lag2,4.0941523725024355e-06,0.0,1.1342668056488037,0.00017660683121160461,5.3157553934537447e-05,0.0,0.0004766629397002764
caracter_retroactivo_prop_true_lag3,3.126870271916715e-05,0.0,0.2906042456626892,0.00017603633009755432,0.00040598580610256874,0.0,0.0001221231841900943
menciona_inflacion_sum_true_lag3,7.588373591715936e-07,0.0,1.2323259353637694,0.00017590792198605661,9.852573665461923e-06,0.0,0.000517871192292708
merval_apertura_spec_centroid_diff1,1.3329660305316793e-05,0.0,0.8381947755813599,0.0001751037642735351,0.00017306931255610438,0.0,0.00035224198026450096
sector_Construcción / Inmobiliario_sum_true_lag1,2.435630506170128e-08,0.0,1.2477781295776367,0.0001748936802954584,3.162367890015952e-07,0.0,0.0005243648040973736
menciona_commodities_prop_true_lag3,0.0,0.0,1.2356379508972168,0.00017308767659327838,0.0,0.0,0.0005192630297798351
impacto_sector_bancario_std_lag1,3.91833164030686e-05,0.0,0.0,0.00016958245692233953,0.0005087473707670186,0.0,0.0
emp_mercado libre_prop_no_cero_lag2,1.1681275282171555e-06,0.0,1.1481355667114257,0.00016588594554444683,1.516670520146461e-05,0.0,0.0004824911314318759
impacto_eeuu_std_lag3,1.2909391264137593e-06,0.0,1.1436465203762054,0.0001657886410984016,1.6761263381264946e-05,0.0,0.00048060465991393977
sector_Política_sum_true_lag2,2.8007861692458393e-05,0.0,0.3173667430877686,0.00016567253458654542,0.0003636477793321398,0.0,0.00013336982442749642
cant_empresas_prop_no_cero_lag3,1.7830300542281963e-05,0.0,0.6314464569091797,0.00016562097503371347,0.00023150461353397075,0.0,0.0002653583115671696
volatilidad_merval_mean,8.656751742819323e-06,0.0,0.9124902725219727,0.00016528705010674887,0.00011239731836984665,0.0,0.00038346383195039997
emp_lemon_prop_no_cero_lag3,3.800086851697415e-05,0.0,0.0,0.00016446491108615242,0.0004933947332584573,0.0,0.0
tipo_actor_principal_empresa_local_sum_true_lag2,7.970741400242786e-10,0.0,1.1685423851013184,0.00016369240588886476,1.0349031431448132e-08,0.0,0.0004910668686351629
sector_Empleo / Laboral_prop_true,2.9856185733478923e-06,0.0,1.0667192935943604,0.0001623471511693136,3.8764600313029243e-05,0.0,0.00044827685319491153
sector_Tecnología_prop_true_lag3,3.698561849887483e-05,0.0,0.0,0.00016007098509253112,0.00048021295527759335,0.0,0.0
sector_Salud_prop_true_lag2,3.229929425287992e-05,0.0,0.14406431913375856,0.0001599693979358119,0.00041936677487299315,0.0,6.054141893444253e-05
caracter_retroactivo_sum_true_lag2,1.0618217332059032e-07,0.0,1.1326098442077637,0.0001591150885505589,1.3786454659296698e-06,0.0,0.000475966620185747
impacto_bolsa_extranjera_prop_no_cero_lag2,1.65079009299407e-06,0.0,1.0723200798034669,0.00015735466946302168,2.1433487427654394e-05,0.0,0.00045063052096141066
impacto_eeuu_std,4.943654818845289e-10,0.0,1.1195973992347716,0.00015683490148141576,6.418730270800348e-09,0.0,0.0004704982857139765
shock_mixto_sum_true,0.0,0.0,1.116129493713379,0.00015634697906761745,0.0,0.0,0.0004690409372028523
impacto_sector_agroexportador_std_lag3,3.6028136171817327e-05,0.0,0.0,0.00015592707333652125,0.00046778122000956375,0.0,0.0
fx_usdars_mean_lag3,1.1201419666795332e-05,0.0,0.7646880686283112,0.00015559610777921156,0.00014543671458840097,0.0,0.00032135160874923374
menciona_mercosur_prop_true_lag1,1.98415408547703e-09,0.0,1.1094813346862793,0.00015542429484457351,2.5761810557312205e-08,0.0,0.00046624712272316327
sector_Otros_sum_true_lag2,1.1027108257621875e-07,0.0,1.1030029296875,0.00015498546013993338,1.431734944413502e-06,0.0,0.0004635246454753866
impacto_sector_agroexportador_mean_lag2,1.9011120890866096e-07,0.0,1.0939842224121095,0.00015406766526687417,2.4683611946140993e-06,0.0,0.0004597346346060084
shock_negativo_sum_true_lag3,5.525867408096019e-09,0.0,1.0911949157714844,0.00015287806876843562,7.174662007057286e-08,0.0,0.00045856245968523625
act_desconocido_std_lag3,3.6658673138845186e-06,0.0,0.9733810424804688,0.00015221643135341576,4.7596797022863686e-05,0.0,0.0004090524970373836
tipo_evento_corporativo_prop_true,3.433840274347233e-07,0.0,1.0660961151123047,0.0001508244634726737,4.458421010711694e-06,0.0,0.00044801496940730947
emp_bitso_mean_lag3,3.1654025264726828e-06,0.0,0.9782870292663575,0.0001507376859523752,4.109887474037647e-05,0.0,0.00041111418311674905
palabras_titulo_std_lag3,3.8130006601022616e-07,0.0,1.0487581253051759,0.00014855986247531758,4.950714331082026e-06,0.0,0.0004407288730948707
emp_jp morgan_mean_lag2,0.0,0.0,1.0565268039703368,0.00014799785780694215,0.0,0.0,0.00044399357342082645
ticker_ETH_prop_true_lag3,3.5609181736617755e-08,0.0,1.0411693453788757,0.0001460007049372635,4.623416098145913e-07,0.0,0.00043753977320197594
expectativa_fin_corto_std_lag1,2.1746293589042232e-05,0.0,0.3642237663269043,0.00014513665041454547,0.00028234898683783923,0.0,0.0001530609644057971
score_fuente_std_lag1,7.966278436910557e-09,0.0,1.0236142158508301,0.0001434219529061545,1.0343236820196382e-07,0.0,0.00043016242635026157
diario_La Nación_sum_true_lag3,3.300471871625632e-05,0.0,0.0,0.00014284194916934455,0.00042852584750803366,0.0,0.0
cant_tickers_prop_no_cero_lag2,2.66016782789702e-05,0.0,0.1975531816482544,0.00014280324174554667,0.00034539021003735995,0.0,8.301951519928e-05
cant_empresas_prop_no_cero_lag1,9.463324408767736e-06,0.0,0.7268544286489487,0.00014277404039894517,0.00012286967652638247,0.0,0.000305452444670453
sector_Minería_prop_true_lag1,1.1056247266205687e-05,0.0,0.6523145079612732,0.00013922656847201254,0.00014355182877760894,0.0,0.0002741278766384287
diario_La Nación_prop_true_lag2,3.211460035252855e-05,0.0,0.0,0.00013898958359824588,0.0004169687507947376,0.0,0.0
impacto_commodities_prop_no_cero_lag3,3.1929905526340006e-05,0.0,0.0,0.00013819023823187344,0.0004145707146956203,0.0,0.0
tipo_actor_principal_desconocido_sum_true_lag3,0.0,0.0,0.9741556167602539,0.00013645933440526882,0.0,0.0,0.00040937800321580643
bonos_soberanos_prop_no_cero_lag1,2.6294463499709763e-05,0.0,0.13044314384460448,0.00013207289158945803,0.0003414014024131723,0.0,5.4817272355201773e-05
tipo_evento_regulatorio_sum_true,3.122108319075778e-06,0.0,0.8439401507377624,0.00013173105413474373,4.053675248517879e-05,0.0,0.0003546564099190524
score_fuente_std,1.4889258754458013e-05,0.0,0.4664729118347168,0.00012978293748573463,0.0001933187881821843,0.0,0.00019603002427501964
impacto_bolsa_extranjera_prop_no_cero_lag3,9.485007783638366e-08,0.0,0.9162287771701813,0.00012875546960138622,1.231512085907262e-06,0.0,0.00038503489671825144
caracter_vigente_prop_true_lag2,2.97446153126657e-05,0.0,0.0,0.00012873246595677802,0.0003861973978703341,0.0,0.0
tipo_actor_principal_poder_judicial_sum_true_lag3,2.9643811285495757e-05,0.0,0.0,0.0001282961936816266,0.0003848885810448798,0.0,0.0
tipo_evento_monetario_sum_true_lag1,2.95537541377594e-05,0.0,0.0,0.00012790643309527273,0.0003837192992858182,0.0,0.0
tipo_actor_principal_congreso_prop_true_lag1,2.7167627195012757e-06,0.0,0.8135116577148438,0.00012571433746121356,3.527383635234836e-05,0.0,0.0003418691760312923
score_fuente_mean_lag3,1.9295488937132176e-05,0.0,0.2986960768699646,0.0001253506586662465,0.00025052829024092805,0.0,0.00012552368575781148
impacto_sector_energia_prop_no_cero,1.6243351979028376e-07,0.0,0.8834017753601074,0.0001244495722129337,2.1090003017526012e-06,0.0,0.00037123971633704853
sector_Servicios_prop_true_lag2,7.867140760264846e-06,0.0,0.6330348968505859,0.00012272367419496143,0.00010214518689707798,0.0,0.00026602583568780626
ticker_BTC_prop_true_lag1,2.6014847263411413e-05,0.0,0.06948726177215576,0.00012232405756549167,0.00033777092806594694,0.0,2.9201244630528115e-05
tipo_actor_principal_municipio_prop_true_lag1,2.8210352343194246e-05,0.0,0.0,0.0001220922908054078,0.0003662768724162234,0.0,0.0
sector_Industria / Manufactura_sum_true_lag3,1.3296265177409339e-05,0.0,0.45619654655456543,0.00012144907147264143,0.0001726357177234318,0.0,0.00019171149669449246
sector_Minería_prop_true_lag3,7.722089460315828e-07,0.0,0.8389455795288085,0.00012086122818985963,1.0026187342977735e-05,0.0,0.0003525574972266012
sector_Transporte / Logística_sum_true,1.903938426588425e-05,0.0,0.2701745957136154,0.0001202469790159071,0.000247203084768317,0.0,0.00011353785227940426
impacto_sector_energia_mean_lag1,2.7646490846455762e-05,0.0,0.0,0.00011965194050434623,0.0003589558215130387,0.0,0.0
menciona_commodities_prop_true_lag2,2.4286377413318406e-05,0.0,0.08174552321434021,0.00011656050201486731,0.00031532886413651357,0.0,3.435264190808835e-05
fx_usdars_mean,1.014510871755192e-07,0.0,0.8118428617715836,0.00011416170043555009,1.3172181070910825e-06,0.0,0.0003411678831995592
menciona_commodities_sum_true_lag1,5.663993718485472e-11,0.0,0.8106694221496582,0.00011355849790737619,7.354002103034666e-10,0.0,0.0003406747583219183
impacto_brasil_mean_lag1,2.355163233005442e-05,0.0,0.07903789281845093,0.00011300129656019849,0.000305789099164877,0.0,3.321479051571848e-05
cant_sectores_prop_no_cero,9.509479619396189e-06,0.0,0.499556964635849,0.00011113405762157628,0.00012346894540431197,0.0,0.00020993322746041689
expectativa_fin_largo_std_lag1,4.6781212243440786e-07,0.0,0.7670064449310303,0.0001094666159612829,6.0739674215734575e-06,0.0,0.00032232588046227523
menciona_inflacion_sum_true,2.5018348264893574e-05,0.0,0.0,0.00010827753636920691,0.00032483260910762073,0.0,0.0
impacto_bolsa_extranjera_std,5.064371885410424e-06,0.0,0.5990866899490357,0.00010583804912206998,6.575466596000502e-05,0.0,0.0002517594814062049
sector_Construcción / Inmobiliario_prop_true,1.3214607611078399e-05,0.0,0.3383992716670036,0.00010459466786031876,0.00017157549424089765,0.0,0.00014220850934005866
volumen_mercado_prop_no_cero_lag1,1.6415582138051832e-07,0.0,0.7401471778750419,0.00010438997871603841,2.131362278382815e-06,0.0,0.0003110385738697324
emp_bitso_prop_no_cero,2.4112312530633062e-05,0.0,0.0,0.00010435628161131967,0.00031306884483395903,0.0,0.0
tipo_evento_electoral_prop_true_lag1,1.575935493747238e-06,0.0,0.6949271142482758,0.00010416564666713919,2.046159214025952e-05,0.0,0.00029203534786115807
badlar_std20,2.362197311764902e-05,0.0,0.010177664458751678,0.00010365981260026006,0.0003067023881365994,0.0,4.277049664180759e-06
tipo_actor_principal_gobierno_nacional_prop_true_lag2,1.2637078883326325e-11,0.0,0.7342849731445312,0.00010285840399008255,1.6407699108297507e-10,0.0,0.0003085750478932566
tipo_evento_sindical_social_sum_true,0.0,0.0,0.733793306350708,0.00010278947680727946,0.0,0.0,0.00030836843042183836
sector_Transporte / Logística_prop_true_lag3,5.837736203773147e-07,0.0,0.7071002721786499,0.00010157685559313835,7.579585439757307e-06,0.0,0.00029715098133965774
impacto_eeuu_prop_no_cero_lag1,1.2260599202562618e-10,0.0,0.7221192717552185,0.0001011547132771271,1.5918886355018813e-09,0.0,0.0003034625479427458
menciona_salarios_paritarias_prop_true,9.360028531091303e-06,0.0,0.42950336933135985,0.00010067416452361684,0.00012152850607418356,0.0,0.00018049398749666695
sector_Educación_sum_true,1.795638381736353e-05,0.0,0.1638513445854187,0.00010066611517264829,0.00023314165043088891,0.0,6.885669508705597e-05
shock_positivo_prop_true_lag3,1.3137656420525446e-07,0.0,0.714348191022873,0.00010063420064925113,1.7057637728335138e-06,0.0,0.0003001968381749199
diario_Clarín_sum_true,2.2153825557325036e-05,0.0,0.02530316114425659,9.942455359222912e-05,0.0002876402902904267,0.0,1.063337048626067e-05
emp_banco nacion_prop_no_cero_lag1,4.52484020030397e-06,0.0,0.568730640411377,9.92507329813406e-05,5.8749507861087416e-05,0.0,0.00023900269108293435
expectativa_macro_corto_mean_lag3,0.0,0.0,0.7067527294158935,9.900164346014866e-05,0.0,0.0,0.000297004930380446
fx_usdars_prop_no_cero_lag1,1.813996366237802e-05,0.0,0.1378243923187256,9.781478978047329e-05,0.00023552520986511855,0.0,5.791915947630132e-05
caracter_desconocido_prop_true_lag2,9.723054245114326e-06,0.0,0.39253451824188235,9.706673053495646e-05,0.00012624195032760486,0.0,0.00016495824127726449
impacto_sector_bancario_std,1.6276941129600432e-06,0.0,0.637348985671997,9.632413256090225e-05,2.1133614415458865e-05,0.0,0.00026783878326724783
valencia_general_std,8.576631898904452e-06,0.0,0.4214975833892822,9.616223527292752e-05,0.00011135706032944345,0.0,0.00017712964548933908
tipo_evento_fiscal_sum_true,2.143655638064956e-06,0.0,0.592150354385376,9.222576893867192e-05,2.7832742856090515e-05,0.0,0.0002488445639599252
menciona_salarios_paritarias_sum_true_lag1,1.932279847096652e-05,0.0,0.05642319321632385,9.153136233792247e-05,0.00025088287108835234,0.0,2.3711215925415095e-05
expectativa_fin_largo_prop_no_cero_lag3,0.0,0.0,0.6495662689208984,9.099098663912379e-05,0.0,0.0,0.00027297295991737135
expectativa_fin_corto_mean_lag1,1.4585348793616503e-06,0.0,0.5919327735900879,8.923013900727064e-05,1.893728895773404e-05,0.0,0.0002487531280640779
tipo_actor_principal_congreso_sum_true,0.0,0.0,0.6339988708496094,8.881031166001233e-05,0.0,0.0,0.000266430934980037
impacto_fmi_std_lag1,1.2244829658669687e-06,0.0,0.5924829959869384,8.829425480218803e-05,1.589841153376786e-05,0.0,0.00024898435287279625
impacto_fmi_std_lag2,3.067048046645482e-08,0.0,0.6277305126190186,8.806498205344894e-05,3.982186228689952e-07,0.0,0.00026379672753747786
expectativa_macro_corto_prop_no_cero,0.0,0.0,0.6214232444763184,8.704872287983803e-05,0.0,0.0,0.0002611461686395141
sector_Justicia_prop_true_lag1,1.7027551075443624e-05,0.0,0.089660906791687,8.625362942260139e-05,0.00022108189493512729,0.0,3.76789933326769e-05
ticker_SOL_prop_true_lag1,2.165359546779655e-06,0.0,0.5390359401702881,8.487945564414038e-05,2.811454152724908e-05,0.0,0.00022652382540517207
menciona_confianza_consumidor_prop_true_lag2,2.7911209530717686e-06,0.0,0.5190266132354736,8.478480549327598e-05,3.623928693939733e-05,0.0,0.0002181151295404306
tipo_actor_principal_sindicato_prop_true,1.6835918464630505e-07,0.0,0.5935261249542236,8.386955131906358e-05,2.185937802002357e-06,0.0,0.0002494227161551884
impacto_sector_industrial_mean,3.6845528850193434e-10,0.0,0.5960393905639648,8.349455728684582e-05,4.783940627748455e-09,0.0,0.0002504788879199097
menciona_deuda_sum_true_lag2,1.3488005379258539e-07,0.0,0.5918803691864014,8.349411933115623e-05,1.7512522939614664e-06,0.0,0.0002487311056995072
ticker_AVAX_prop_true_lag1,1.0536446715114778e-11,0.0,0.5950759410858154,8.335804861818848e-05,1.3680285528668623e-10,0.0,0.00025007400905171015
impacto_prestamos_internacionales_std_lag1,1.3143958645933652e-07,0.0,0.5860830307006836,8.266714035885608e-05,1.7065820396115026e-06,0.0,0.0002462948390369567
expectativa_macro_largo_std_lag1,1.906126572350786e-05,0.0,0.0,8.249572956486378e-05,0.0002474871886945913,0.0,0.0
menciona_inflacion_sum_true_lag1,6.011914956616238e-06,0.0,0.40314288139343263,8.249121313830524e-05,7.805735216465492e-05,0.0,0.0001694162872502608
cant_tickers_mean_lag3,1.8999531148722328e-05,0.0,0.0,8.22285469516951e-05,0.0002466856408550853,0.0,0.0
sector_Industria / Manufactura_prop_true_lag3,1.317833425673598e-06,0.0,0.5341963529586792,8.05334986402099e-05,1.711045291632923e-05,0.0,0.00022449004300430047
fx_usdars_std,3.274156700205921e-08,0.0,0.5721502065658569,8.028827822018123e-05,4.2510914481412566e-07,0.0,0.00024043972551572959
emp_bitso_prop_no_cero_lag1,0.0,0.0,0.5716180771589279,8.007203469455933e-05,0.0,0.0,0.000240216104083678
spread_bonos_prop_no_cero_lag2,1.0656280124976548e-08,0.0,0.5690611839294434,7.975998568167313e-05,1.3835874533871988e-07,0.0,0.00023914159829968067
emp_ypf_mean_lag3,3.1561330615659244e-07,0.0,0.5509797185659409,7.854697230291196e-05,4.097852209203961e-06,0.0,0.0002315430646995319
impacto_sector_agroexportador_std_lag2,3.667082722480508e-07,0.0,0.5450281798839569,7.793441829684042e-05,4.761257761481912e-06,0.0,0.00022904199712903936
diario_Pagina 12_prop_true_lag2,3.9318256983555955e-11,0.0,0.5549769878387452,7.774112763543861e-05,5.104994089259769e-10,0.0,0.0002332228724069069
emp_binance_prop_no_cero_lag2,1.617277739569545e-05,0.0,0.05312672257423401,7.7436538885755e-05,0.0002099837056522345,0.0,2.23259110050305e-05
tipo_actor_principal_bcra_sum_true_lag1,5.37762934982311e-07,0.0,0.5348595157265663,7.725030759527143e-05,6.98219304496595e-06,0.0,0.00022476872974084834
diario_Clarín_prop_true_lag1,9.962340969620066e-06,0.0,0.24244266152381896,7.707753748146744e-05,0.00012934879536081938,0.0,0.00010188381708358295
menciona_mercosur_prop_true_lag2,2.2706345851331022e-07,0.0,0.5414601325988769,7.683023535245295e-05,2.9481408956712478e-06,0.0,0.0002275425651616876
volumen_mercado_std_lag1,1.7663079779595138e-05,0.0,0.0,7.644448558224798e-05,0.00022933345674674394,0.0,0.0
sector_Agropecuario_prop_true_lag1,1.764887641400037e-05,0.0,0.0,7.638301448038029e-05,0.00022914904344114087,0.0,0.0
spread_bonos_prop_no_cero_lag1,3.8086727814745645e-06,0.0,0.4145139217376709,7.45485969638725e-05,4.9450951107735914e-05,0.0,0.0001741948397838816
gobernanza_prop_no_cero_lag1,1.0236146579245542e-07,0.0,0.5248318195343018,7.396124694060865e-05,1.3290382583770146e-06,0.0,0.00022055470256344894
diario_Ámbito Financiero_sum_true_lag2,0.0,0.0,0.5259320139884949,7.367234899283571e-05,0.0,0.0,0.00022101704697850713
tipo_actor_principal_desconocido_sum_true_lag2,1.697689003776759e-05,0.0,0.0,7.347470780394567e-05,0.000220424123411837,0.0,0.0
spread_bonos_std_lag1,7.42089475980201e-09,0.0,0.5188302516937255,7.270965400924231e-05,9.635122915456832e-08,0.0,0.00021803261079857237
cant_tickers_mean,2.407166175544262e-06,0.0,0.4387832164764404,7.188261463552578e-05,3.1254104430821896e-05,0.0,0.00018439373947575546
sector_Cripto / Fintech_sum_true_lag2,1.4150356582831591e-05,0.0,0.07258881330490112,7.140989516166992e-05,0.00018372504850986952,0.0,3.0504636975140237e-05
menciona_fmi_sum_true,6.476848032344051e-07,0.0,0.48859591484069825,7.124545424630648e-05,8.409393869107319e-06,0.0,0.0002053269688698121
tipo_actor_principal_sindicato_sum_true_lag1,0.0,0.0,0.4949870824813843,6.933759519783071e-05,0.0,0.0,0.00020801278559349213
impacto_brasil_std_lag1,2.2266273491666765e-09,0.0,0.48462154269218444,6.7895231150581e-05,2.891002889887517e-08,0.0,0.00020365678342284412
cant_sectores_mean_lag1,1.3755794431968837e-05,0.0,0.0563417911529541,6.742638328979441e-05,0.00017860214225071772,0.0,2.367700761866552e-05
tipo_actor_principal_gobierno_nacional_sum_true_lag1,1.527211134089157e-05,0.0,0.0,6.609655336313221e-05,0.00019828966008939662,0.0,0.0
sector_Construcción / Inmobiliario_sum_true_lag3,7.772962871399613e-06,0.0,0.23103854656219483,6.600458922451713e-05,0.00010092240236164688,0.0,9.70913653119045e-05
menciona_fmi_prop_true_lag3,4.673631615048635e-09,0.0,0.45867577791213987,6.427134910916991e-05,6.068138213802138e-08,0.0,0.00019275336594537173
tipo_evento_corporativo_sum_true_lag1,0.0,0.0,0.4475891590118408,6.269811278088792e-05,0.0,0.0,0.00018809433834266376
expectativa_macro_corto_prop_no_cero_lag1,4.390049157532161e-11,0.0,0.44757776260375975,6.269670637457836e-05,5.699941126620775e-10,0.0,0.00018808954912962242
volatilidad_merval_mean_lag2,0.0,0.0,0.4455549240112305,6.241315794468795e-05,0.0,0.0,0.00018723947383406388
menciona_reservas_sum_true_lag1,1.4187046326696873e-05,0.0,0.0,6.14004732984749e-05,0.0001842014198954247,0.0,0.0
menciona_commodities_prop_true_lag1,1.3674356523551977e-06,0.0,0.39562134742736815,6.13366412652692e-05,1.7754477075715524e-05,0.0,0.00016625544672009204
menciona_sector_industrial_prop_true_lag3,1.4122606080491095e-05,0.0,0.0,6.112158074216744e-05,0.0001833647422265023,0.0,0.0
impacto_eeuu_mean_lag1,4.359575225265644e-08,0.0,0.4348011493682861,6.109545258462231e-05,5.660374458097769e-07,0.0,0.00018272032030805716
sector_Construcción / Inmobiliario_sum_true,2.2609054212807676e-06,0.0,0.36348326206207277,6.0701621150248614e-05,2.935508768061832e-05,0.0,0.0001527497757701275
menciona_sector_bancario_sum_true_lag1,1.4021968369348769e-05,0.0,0.0,6.06860282703195e-05,0.0001820580848109585,0.0,0.0
ticker_BTC_prop_true_lag3,1.3976451773536901e-05,0.0,0.0,6.0489035854743534e-05,0.0001814671075642306,0.0,0.0
menciona_deuda_prop_true_lag1,2.0809114175790453e-06,0.0,0.3672045707702637,6.044390004676895e-05,2.701808600380495e-05,0.0,0.0001543136141365019
shock_neutro_sum_true_lag2,1.3566343113780022e-05,0.0,0.0,5.87141163096166e-05,0.0001761423489288498,0.0,0.0
fx_usdars_prop_no_cero,7.511356647782463e-10,0.0,0.41825332641601565,5.859201178530968e-05,9.752576596996334e-09,0.0,0.00017576628277933204
tipo_evento_fiscal_sum_true_lag3,8.691002584271246e-10,0.0,0.4139890670776367,5.7995186561737666e-05,1.1284202359479435e-08,0.0,0.00017397427548285351
categoria_fuente_periodistica_sum_true_lag2,1.322994939982891e-05,0.0,0.0,5.725822952560276e-05,0.00017177468857680828,0.0,0.0
sector_Tecnología_sum_true,1.2961421452928334e-05,0.0,0.0,5.609606069539765e-05,0.00016828818208619294,0.0,0.0
menciona_pbi_sum_true_lag3,5.398220068286719e-06,0.0,0.23329240083694458,5.604259935772086e-05,7.008927570887153e-05,0.0,9.803852236429106e-05
menciona_brasil_prop_true_lag2,2.3457661878723003e-06,0.0,0.32510135173797605,5.569236933529126e-05,3.045690079517477e-05,0.0,0.00013662020721069901
diario_Clarín_prop_true,9.657461629508646e-06,0.0,0.0960976779460907,5.525809499215133e-05,0.0001253903105534762,0.0,4.0383974422977795e-05
tipo_actor_principal_congreso_sum_true_lag2,0.0,0.0,0.39317556023597716,5.507587733533989e-05,0.0,0.0,0.00016522763200601967
expectativa_macro_largo_mean_lag1,7.543220021943853e-08,0.0,0.385726797580719,5.435892251130792e-05,9.793947285637439e-07,0.0,0.00016209737280536003
menciona_sector_bancario_sum_true,1.0886062955250964e-05,0.0,0.05144015550613403,5.431978133426156e-05,0.0001413421939459531,0.0,2.1617150056831578e-05
sector_Medio Ambiente_prop_true,1.0481437939802163e-09,0.0,0.3819827318191528,5.3512526635061926e-05,1.3608863371540506e-08,0.0,0.00016052397104181424
sector_Infraestructura_sum_true,1.2287296129631643e-05,0.0,0.0,5.317849681636706e-05,0.00015953549044910118,0.0,0.0
tasa_bcra_mean_lag2,0.0,0.0,0.3778956413269043,5.293547232383574e-05,0.0,0.0,0.0001588064169715072
tipo_evento_judicial_prop_true_lag1,1.2079177963641996e-05,0.0,0.0,5.227777699072383e-05,0.00015683333097217148,0.0,0.0
ticker_SOL_prop_true,0.0,0.0,0.37031002044677735,5.187288154414558e-05,0.0,0.0,0.00015561864463243673
score_fuente_std_lag2,9.0668687107609e-06,0.0,0.08414157629013061,5.1027247097707975e-05,0.00011772218487682967,0.0,3.535955641629424e-05
sector_Finanzas_sum_true_lag3,0.0,0.0,0.3642481088638306,5.102373136156639e-05,0.0,0.0,0.00015307119408469917
impacto_commodities_std,5.731985667267736e-06,0.0,0.18709884881973265,5.1016337317968724e-05,7.442281320700872e-05,0.0,7.862619874689747e-05
sector_Medio Ambiente_sum_true,0.0,0.0,0.362533712387085,5.0783579379584834e-05,0.0,0.0,0.0001523507381387545
menciona_sector_agroexportador_prop_true_lag2,4.8689945695734595e-06,0.0,0.21154335141181946,5.0705552798877864e-05,6.321793081698919e-05,0.0,8.889872757964442e-05
menciona_sector_agroexportador_sum_true_lag2,2.634998418216128e-06,0.0,0.2782327115535736,5.037880412941222e-05,3.421222704716551e-05,0.0,0.00011692418534107115
menciona_confianza_consumidor_sum_true_lag1,1.785511183349797e-11,0.0,0.350348973274231,4.9076823208198896e-05,2.3182675776090734e-10,0.0,0.0001472302377978389
impacto_sector_bancario_mean_lag3,1.5849256313343885e-06,0.0,0.2992621898651123,4.8779968826075336e-05,2.057831806547851e-05,0.0,0.00012576158841274749
emp_bbc_prop_no_cero_lag3,0.0,0.0,0.34229531288146975,4.794859236267596e-05,0.0,0.0,0.00014384577708802788
tipo_actor_principal_poder_judicial_prop_true_lag1,9.877596878027361e-06,0.0,0.0337525725364685,4.74775460852736e-05,0.0001282484971282162,0.0,1.4184141127604601e-05
palabras_noticia_mean_lag1,5.863833618924286e-06,0.0,0.15235979557037355,4.6720732500266396e-05,7.61346973685299e-05,0.0,6.402750013226926e-05
sector_Política_sum_true_lag1,2.861691368594155e-09,0.0,0.33266124725341795,4.661144143677185e-05,3.7155557348507934e-08,0.0,0.00013979716875296705
gobernanza_mean_lag2,2.1891694586884113e-06,0.0,0.26475911140441893,4.6561913211455136e-05,2.8423684070395976e-05,0.0,0.00011126205556396942
tipo_evento_judicial_prop_true_lag3,0.0,0.0,0.3312542915344238,4.640197044904073e-05,0.0,0.0,0.0001392059113471222
expectativa_fin_largo_std_lag3,4.860634180658962e-06,0.0,0.17784491181373596,4.594890554031279e-05,6.310938140695235e-05,0.0,7.473733521398604e-05
emp_jp morgan_prop_no_cero_lag2,1.3333592563391505e-11,0.0,0.32661867141723633,4.575267231897641e-05,1.7312036811087438e-10,0.0,0.00013725784383656112
impacto_commodities_mean,1.0564898502707365e-05,0.0,0.0,4.572408896669992e-05,0.00013717226690009975,0.0,0.0
sector_Servicios_prop_true,1.8010016759717474e-06,0.0,0.2687052011489868,4.54347188322062e-05,2.3383800849635708e-05,0.0,0.0001129203556469829
menciona_deuda_prop_true_lag2,6.259559449972585e-06,0.0,0.12634879350662231,4.478979333516781e-05,8.12727125895858e-05,0.0,5.309666741591761e-05
tipo_actor_principal_desconocido_sum_true,7.505737142921021e-10,0.0,0.3163104265928268,4.4311888171483676e-05,9.74528035822506e-09,0.0,0.0001329259192340928
spread_usd_prop_no_cero_lag1,5.998700547245328e-06,0.0,0.12972455024719237,4.413369022559707e-05,7.788577924431979e-05,0.0,5.4515291432471406e-05
tipo_actor_principal_gobierno_nacional_sum_true,1.0026066354384966e-05,0.0,0.0,4.339206380983752e-05,0.00013017619142951256,0.0,0.0
sector_Energía_sum_true_lag3,0.0,0.0,0.3097464799880981,4.3389164694364396e-05,0.0,0.0,0.0001301674940830932
ticker_BTC_sum_true,0.0,0.0,0.30944094657897947,4.3346365694975e-05,0.0,0.0,0.000130039097084925
sector_Transporte / Logística_sum_true_lag2,6.568754429281398e-09,0.0,0.30638917088508605,4.2947303236865035e-05,8.528723068600202e-08,0.0,0.00012875662247990912
sector_Finanzas_sum_true,0.0,0.0,0.30602810382843015,4.2868296029146214e-05,0.0,0.0,0.00012860488808743865
menciona_prestamos_internacionales_sum_true_lag3,9.915447890307404e-07,0.0,0.27503745555877684,4.281846978680974e-05,1.2873994616178586e-05,0.0,0.00011558141474425062
shock_desconocido_prop_true_lag3,9.874527131614741e-06,0.0,0.0,4.2736213410317384e-05,0.00012820864023095215,0.0,0.0
menciona_sector_agroexportador_prop_true_lag1,0.0,0.0,0.2856490135192871,4.0013601099994125e-05,0.0,0.0,0.00012004080329998238
palabras_titulo_std_lag1,2.2149921278469265e-06,0.0,0.21227459907531737,3.932166201109391e-05,2.87589598011545e-05,0.0,8.920602623212724e-05
palabras_noticia_std,5.641846701109898e-06,0.0,0.09665184020996094,3.795644135090202e-05,7.325246913595744e-05,0.0,4.061685491674862e-05
ticker_AVAX_prop_true_lag2,8.759522810919406e-06,0.0,0.0,3.791055827083228e-05,0.00011373167481249684,0.0,0.0
ticker_AL30D_prop_true,5.010999362842216e-07,0.0,0.2538106679916382,3.772242119240579e-05,6.506168912648584e-06,0.0,0.0001066610946645688
tasa_bcra_mean,1.509976215174902e-08,0.0,0.2656691312789917,3.7280177718592035e-05,1.9605191696606993e-07,0.0,0.00011164448123881004
emp_lemon_std_lag3,0.0,0.0,0.2653088092803955,3.716435331621887e-05,0.0,0.0,0.0001114930599486566
tipo_actor_principal_congreso_prop_true,8.550045831512421e-06,0.0,0.0,3.7003957602550794e-05,0.00011101187280765239,0.0,0.0
emp_bbc_mean,5.636052078727971e-06,0.0,0.08858223557472229,3.6800975626360916e-05,7.317723306172963e-05,0.0,3.722569381735311e-05
tipo_actor_principal_organismo_internacional_prop_true_lag3,7.549932025963102e-06,0.0,0.02557620406150818,3.6258244575372715e-05,9.802662000753037e-05,0.0,1.0748113718587772e-05
expectativa_fin_corto_std_lag2,3.177911139573553e-07,0.0,0.24425170421600342,3.559005847304233e-05,4.126128376062242e-06,0.0,0.00010264404704306474
gobernanza_std_lag2,8.180399254342774e-06,0.0,0.0,3.5404154918558154e-05,0.00010621246475567446,0.0,0.0
tipo_actor_principal_gobierno_nacional_prop_true_lag1,5.929836408485878e-07,0.0,0.2327939286828041,3.5176070430405835e-05,7.699166274908456e-06,0.0,9.782904501630905e-05
act_javier_milei_prop_no_cero_lag3,1.592964338215097e-09,0.0,0.25089354515075685,3.5151963035311215e-05,2.0682690828310982e-08,0.0,0.00010543520641510534
act_fondo_monetario_internacional_directorio_std_lag2,8.086446701227601e-06,0.0,0.0,3.4997535309653643e-05,0.00010499260592896092,0.0,0.0
merval_prop_no_cero_lag2,3.6506334044617006e-07,0.0,0.23810646533966065,3.49338264896598e-05,4.739900336788979e-06,0.0,0.00010006157913219042
shock_mixto_prop_true_lag2,1.4734941089500354e-08,0.0,0.24750253856182097,3.4733829660880485e-05,1.9131516231492703e-07,0.0,0.00010401017382032653
tc_minorista_spec_centroid_diff1,8.015319656273778e-06,0.0,0.0,3.4689702789485684e-05,0.00010406910836845705,0.0,0.0
ticker_BTC_sum_true_lag1,8.007767332340876e-06,0.0,0.0,3.4657016897489196e-05,0.0001039710506924676,0.0,0.0
cant_sectores_prop_no_cero_lag2,6.73631229042293e-07,0.0,0.22325420379638672,3.418878625040435e-05,8.746276428377639e-06,0.0,9.38200823228354e-05
impacto_fmi_std,3.647973276788008e-08,0.0,0.2383783221244812,3.354982285143707e-05,4.7364464868239216e-07,0.0,0.0001001758239056288
tipo_evento_fiscal_prop_true_lag3,2.957171595596719e-07,0.0,0.22980303764343263,3.347056054046262e-05,3.839525114951526e-06,0.0,9.657215650643633e-05
tipo_actor_principal_empresa_local_prop_true_lag1,7.522613668697886e-06,0.0,0.0,3.2557308199554446e-05,9.767192459866335e-05,0.0,0.0
impacto_brasil_std_lag3,7.4795199907384815e-06,0.0,0.0,3.237080199086601e-05,9.711240597259802e-05,0.0,0.0
ticker_AL30D_prop_true_lag1,2.86264106064138e-06,0.0,0.13056569099426268,3.067888645361372e-05,3.716788793653408e-05,0.0,5.486877142430708e-05
impacto_bolsa_extranjera_std_lag3,3.7231224283118534e-06,0.0,0.10293033123016357,3.053183503566511e-05,4.834018455617595e-05,0.0,4.3255320550819366e-05
tipo_evento_fiscal_sum_true_lag2,7.013736827210515e-06,0.0,0.0,3.0354927365768e-05,9.1064782097304e-05,0.0,0.0
emp_jp morgan_mean_lag3,6.997092632121671e-06,0.0,0.0,3.0282892536770223e-05,9.084867761031067e-05,0.0,0.0
tipo_actor_principal_empresa_extranjera_prop_true_lag3,0.0,0.0,0.21612026691436767,3.027404171081399e-05,0.0,0.0,9.082212513244197e-05
tipo_evento_desconocido_prop_true_lag1,6.811000610840168e-06,0.0,0.0,2.9477500214743845e-05,8.843250064423154e-05,0.0,0.0
impacto_commodities_mean_lag2,3.2369001131168916e-06,0.0,0.10310686826705932,2.8452230532369034e-05,4.2027183330881064e-05,0.0,4.3329508266226034e-05
tipo_actor_principal_sindicato_prop_true_lag3,4.1446339693607114e-10,0.0,0.20194527506828308,2.829020821282312e-05,5.381299563859283e-09,0.0,8.48652433389055e-05
diario_Clarín_sum_true_lag2,6.533429359478759e-06,0.0,0.0,2.8276192640554196e-05,8.482857792166259e-05,0.0,0.0
categoria_fuente_periodistica_prop_true_lag2,0.0,0.0,0.20160250663757323,2.824039957978044e-05,0.0,0.0,8.472119873934133e-05
volumen_mercado_prop_no_cero,0.0,0.0,0.2012079954147339,2.818513660335466e-05,0.0,0.0,8.455540981006398e-05
impacto_mercosur_prop_no_cero_lag1,1.0860748886898363e-07,0.0,0.19575977325439453,2.7891996865518634e-05,1.4101352177371211e-06,0.0,8.226585537881879e-05
menciona_salarios_paritarias_prop_true_lag1,6.412359220231423e-06,0.0,0.0,2.7752210151111693e-05,8.325663045333508e-05,0.0,0.0
sector_Minería_sum_true_lag3,6.3688581576570865e-06,0.0,0.0,2.7563940812339987e-05,8.269182243701996e-05,0.0,0.0
tipo_actor_principal_municipio_prop_true_lag2,5.26710480208692e-07,0.0,0.1799794316291809,2.7491011250505923e-05,6.838690457059438e-06,0.0,7.563434329445833e-05
sector_Educación_sum_true_lag2,6.2700559528838795e-06,0.0,0.0,2.713633227450136e-05,8.140899682350407e-05,0.0,0.0
menciona_sector_industrial_sum_true_lag3,6.093073170632124e-06,0.0,0.0,2.637036405633252e-05,7.911109216899757e-05,0.0,0.0
act_indec_std_lag2,0.0,0.0,0.1847677044570446,2.588218713314967e-05,0.0,0.0,7.764656139944902e-05
menciona_commodities_sum_true_lag2,5.868486469706724e-06,0.0,0.0,2.5398369645669793e-05,7.619510893700938e-05,0.0,0.0
tipo_actor_principal_gobierno_nacional_prop_true,1.5635035879313364e-07,0.0,0.17591062784194947,2.531816397147871e-05,2.0300179070155844e-06,0.0,7.392447400742055e-05
menciona_fmi_sum_true_lag1,9.708693848864414e-11,0.0,0.1806013822555542,2.529899054814122e-05,1.260554981712799e-09,0.0,7.589571108944195e-05
volatilidad_merval_std_lag3,0.0,0.0,0.1782885432243347,2.4974588784273546e-05,0.0,0.0,7.492376635282064e-05
menciona_embi_sum_true_lag2,5.652621933904811e-06,0.0,0.0,2.4464124112006342e-05,7.339237233601902e-05,0.0,0.0
score_fuente_mean_lag1,6.520858963909859e-10,0.0,0.17439461946487428,2.4431951659436537e-05,8.4665366731742e-09,0.0,7.328738844163643e-05
emp_banco central de la republica argentina bcra_mean_lag1,2.3552860696440804e-06,0.0,0.09899535179138183,2.4060731416448143e-05,3.058050479978697e-05,0.0,4.1601689449557467e-05
act_luis_caputo_prop_no_cero_lag3,1.6594548810644483e-06,0.0,0.11664420366287231,2.3521470385276795e-05,2.1545989087894495e-05,0.0,4.901842206793589e-05
emp_ypf_std_lag2,0.0,0.0,0.16760358810424805,2.3477844487211164e-05,0.0,0.0,7.043353346163349e-05
tipo_actor_principal_municipio_sum_true,0.0,0.0,0.16250009536743165,2.2762949238416965e-05,0.0,0.0,6.82888477152509e-05
diario_La Nación_sum_true_lag2,5.2354935791143475e-06,0.0,0.0,2.265882385284297e-05,6.797647155852891e-05,0.0,0.0
impacto_prestamos_internacionales_std,1.7036440112860872e-06,0.0,0.10784227848052978,2.2479747422856014e-05,2.2119730819847018e-05,0.0,4.5319511448721025e-05
ticker_LINK_prop_true,5.119398571862277e-06,0.0,0.0,2.215637336183039e-05,6.646912008549117e-05,0.0,0.0
impacto_sector_energia_prop_no_cero_lag3,5.0495722007326546e-06,0.0,0.0,2.1854170060498677e-05,6.556251018149603e-05,0.0,0.0
impacto_sector_energia_std,1.7121966351396621e-07,0.0,0.14997968673706055,2.1750121210053062e-05,2.223077616511352e-06,0.0,6.302728601364783e-05
palabras_titulo_mean,3.175041030090142e-09,0.0,0.15503885746002197,2.173152331609974e-05,4.122401890436374e-08,0.0,6.515334592939486e-05
caracter_retroactivo_sum_true,2.1812315935676453e-07,0.0,0.14713714122772217,2.1554933371713405e-05,2.8320620614302795e-06,0.0,6.183273805370993e-05
emp_lemon_prop_no_cero,2.8333012380699074e-08,0.0,0.15261435508728027,2.150078179502717e-05,3.678694627660765e-07,0.0,6.413447592231544e-05
emp_jp morgan_prop_no_cero_lag1,9.664458957558963e-07,0.0,0.12045111656188964,2.1055450288966085e-05,1.2548116228770344e-05,0.0,5.0618234638127906e-05
emp_bbc_mean_lag1,4.814001295017079e-06,0.0,0.0,2.0834636834680673e-05,6.250391050404202e-05,0.0,0.0
ticker_LINK_prop_true_lag3,9.86524018031787e-10,0.0,0.14765849113464355,2.0688212775831004e-05,1.2808806054325745e-08,0.0,6.205182952143869e-05
confianza_mean_lag2,1.0416595728202083e-06,0.0,0.11370089054107665,2.0435400449213882e-05,1.3524673701817511e-05,0.0,4.778152764582414e-05
categoria_fuente_periodistica_sum_true,3.371968823717708e-06,0.0,0.0410047709941864,2.033756050833384e-05,4.3780885102425736e-05,0.0,1.723179642257578e-05
impacto_sector_bancario_std_lag3,4.671891019114582e-06,0.0,0.0,2.0219594210581358e-05,6.0658782631744074e-05,0.0,0.0
volumen_mercado_prop_no_cero_lag3,4.648000322049484e-06,0.0,0.0,2.01161970640966e-05,6.0348591192289803e-05,0.0,0.0
tc_mayorista_diff1,4.521179289440625e-06,0.0,0.0,1.9567325139168004e-05,5.870197541750401e-05,0.0,0.0
act_gobierno_std_lag3,4.4701735646413e-06,0.0,0.0,1.9346576184699803e-05,5.8039728554099405e-05,0.0,0.0
act_gobierno_nacional_prop_no_cero_lag3,7.713269782883003e-07,0.0,0.11354320049285889,1.924333207957231e-05,1.0014736072087833e-05,0.0,4.77152601666291e-05
merval_mean_lag3,0.0,0.0,0.13490469455718995,1.88973963817434e-05,0.0,0.0,5.66921891452302e-05
menciona_sector_bancario_prop_true_lag1,3.5885310012417906e-08,0.0,0.12935854196548463,1.82758024475671e-05,4.659267972668906e-07,0.0,5.436148054543441e-05
tipo_actor_principal_gobierno_nacional_prop_true_lag3,4.203577191219665e-06,0.0,0.0,1.8192767059755856e-05,5.4578301179267566e-05,0.0,0.0
impacto_commodities_prop_no_cero_lag2,1.1132461267063244e-09,0.0,0.129780912399292,1.8184477044657727e-05,1.4454137422988925e-08,0.0,5.453897699655019e-05
shock_positivo_prop_true,4.4845986622021885e-07,0.0,0.11402806043624877,1.791390640434963e-05,5.822702077769957e-06,0.0,4.7919017135278934e-05
ticker_LIBRA_prop_true_lag1,0.0,0.0,0.12723540067672728,1.7823084721182603e-05,0.0,0.0,5.3469254163547806e-05
tasa_bcra_std_lag2,3.8084280173933395e-11,0.0,0.12698850631713868,1.7788664682623567e-05,4.944777314593451e-10,0.0,5.336549957013924e-05
menciona_salarios_paritarias_prop_true_lag3,3.688715555227873e-10,0.0,0.12530184984207154,1.7553830131669144e-05,4.789345345159751e-09,0.0,5.2656701049662276e-05
sector_Comercio / Consumo_prop_true_lag2,3.9032394738569566e-08,0.0,0.12300159335136414,1.739894394092573e-05,5.067878378062084e-07,0.0,5.169004398497099e-05
expectativa_fin_corto_prop_no_cero_lag2,3.1994325127016056e-07,0.0,0.11312944889068603,1.7231818975397666e-05,4.154071243076264e-06,0.0,4.754138568311673e-05
ticker_ETH_prop_true_lag2,8.122553546291433e-08,0.0,0.12019187808036805,1.718796888546868e-05,1.0546140908752863e-06,0.0,5.050929256553076e-05
tipo_evento_monetario_sum_true_lag2,0.0,0.0,0.12143231630325317,1.7010190951976133e-05,0.0,0.0,5.10305728559284e-05
menciona_bolsa_extranjera_sum_true_lag3,3.7892352434454323e-06,0.0,0.0,1.639952616134024e-05,4.919857848402072e-05,0.0,0.0
sector_Minería_prop_true,3.719599400825446e-06,0.0,0.0,1.609814745311967e-05,4.829444235935902e-05,0.0,0.0
impacto_mercosur_mean_lag1,7.221803286550088e-07,0.0,0.0916089117527008,1.595808255139476e-05,9.376627022671413e-06,0.0,3.849762063151286e-05
menciona_sector_energia_prop_true,3.6273683005960677e-06,0.0,0.0,1.5698978163296016e-05,4.7096934489888043e-05,0.0,0.0
tipo_actor_principal_empresa_local_prop_true_lag2,0.0,0.0,0.10966027975082397,1.5361168716820938e-05,0.0,0.0,4.608350615046281e-05
sector_Comercio / Consumo_sum_true_lag3,2.6946504874558743e-06,0.0,0.02201150357723236,1.4745608103236521e-05,3.498673610286546e-05,0.0,9.2500882068441e-06
impacto_bolsa_extranjera_mean_lag3,3.1875250162904934e-06,0.0,0.0,1.3795369391490038e-05,4.1386108174470114e-05,0.0,0.0
cant_tickers_prop_no_cero,3.1414755518710534e-06,0.0,0.0,1.3596070760514664e-05,4.078821228154399e-05,0.0,0.0
confianza_mean_lag3,8.710712791071273e-07,0.0,0.0695000410079956,1.350546953677421e-05,1.1309793648852795e-05,0.0,2.9206614961469833e-05
sector_Agropecuario_sum_true_lag3,4.846755174980899e-09,0.0,0.09498580694198608,1.3326550749308219e-05,6.292917951758337e-08,0.0,3.991672306840707e-05
expectativa_macro_largo_mean_lag2,2.815835585534554e-12,0.0,0.09477898478507996,1.3276614976731297e-05,3.656017617081345e-11,0.0,3.982980837001772e-05
sector_Infraestructura_sum_true_lag3,7.884271013836041e-12,0.0,0.09429765939712524,1.320921304212071e-05,1.023676022581278e-10,0.0,3.9627536758759874e-05
impacto_brasil_std,2.9300447042857058e-06,0.0,0.0,1.2681013897183718e-05,3.804304169155115e-05,0.0,0.0
impacto_commodities_std_lag2,9.141281332249867e-07,0.0,0.06210834309458733,1.265639024760412e-05,1.1868834162438433e-05,0.0,2.610033658037393e-05
menciona_deuda_sum_true_lag3,2.798286653764304e-06,0.0,0.0,1.2110774928718883e-05,3.633232478615665e-05,0.0,0.0
palabras_noticia_std_lag1,2.7259064154350197e-06,0.0,0.0,1.179751868153856e-05,3.539255604461568e-05,0.0,0.0
menciona_sector_energia_prop_true_lag3,1.1408655964384452e-11,0.0,0.08417347073554993,1.1791035942568601e-05,1.4812742408428476e-10,0.0,3.537295970028172e-05
expectativa_fin_largo_prop_no_cero_lag1,2.7242940802807423e-06,0.0,0.0,1.1790540615822224e-05,3.537162184746667e-05,0.0,0.0
diario_Pagina 12_sum_true_lag3,2.820947115012018e-07,0.0,0.07384396195411683,1.1564917823239998e-05,3.6626543120346445e-06,0.0,3.103209915768535e-05
gobernanza_std_lag1,2.6042659527103497e-06,0.0,0.0,1.1271067874827255e-05,3.381320362448177e-05,0.0,0.0
tipo_actor_principal_desconocido_prop_true_lag1,0.0,0.0,0.07953863143920899,1.1141740106982965e-05,0.0,0.0,3.3425220320948896e-05
tipo_actor_principal_congreso_sum_true_lag1,2.5499210096313616e-06,0.0,0.0,1.1035867033891857e-05,3.310760110167557e-05,0.0,0.0
valencia_general_std_lag1,4.6234381443355235e-07,0.0,0.0644204318523407,1.1024978054289218e-05,6.00296813990567e-06,0.0,2.7071966022961987e-05
menciona_prestamos_internacionales_prop_true_lag1,4.432015288102775e-09,0.0,0.07623730897903443,1.0698473589448756e-05,5.754429007047848e-08,0.0,3.203787647827579e-05
menciona_sector_bancario_prop_true_lag3,0.0,0.0,0.07427799105644226,1.040483167795268e-05,0.0,0.0,3.121449503385804e-05
sector_Servicios_sum_true_lag3,0.0,0.0,0.07212328910827637,1.0103001879273998e-05,0.0,0.0,3.0309005637821997e-05
act_indec_prop_no_cero_lag1,1.978386821122058e-06,0.0,0.010740236192941666,1.0066797945786503e-05,2.568692969355559e-05,0.0,4.513464143803915e-06
menciona_eeuu_prop_true_lag2,1.6902856714295922e-07,0.0,0.06650348901748657,1.0047325471345642e-05,2.194628913844631e-06,0.0,2.7947347500192296e-05
tipo_evento_corporativo_prop_true_lag1,5.486359144768471e-11,0.0,0.0709630787372589,9.940717513819635e-06,7.123365366199478e-10,0.0,2.9821440204922286e-05
spread_usd_mean,8.628554455381021e-08,0.0,0.06793288588523864,9.889449219706113e-06,1.1203121112921822e-06,0.0,2.8548035547826152e-05
impacto_eeuu_std_lag1,2.2388311915477744e-08,0.0,0.06870301365852356,9.720785980022369e-06,2.9068480844615844e-07,0.0,2.8871673131620947e-05
tasa_bcra_prop_no_cero_lag2,0.0,0.0,0.06878328919410706,9.63513600922239e-06,0.0,0.0,2.890540802766717e-05
menciona_reservas_sum_true,2.224375475634588e-06,0.0,0.0,9.626930359737742e-06,2.8880791079213225e-05,0.0,0.0
tipo_evento_sindical_social_prop_true,3.0823883445663115e-10,0.0,0.06840274930000305,9.58316416558847e-06,4.0021037266212744e-09,0.0,2.8745490393038785e-05
impacto_sector_agroexportador_std,4.039262293531465e-07,0.0,0.05405815839767456,9.320607947286287e-06,5.244487348987023e-06,0.0,2.271733649287184e-05
tipo_actor_principal_desconocido_sum_true_lag1,5.860206108820876e-07,0.0,0.04839099645614624,9.31484497548117e-06,7.608759859290416e-06,0.0,2.033577506715309e-05
tipo_evento_otro_sum_true,0.0,0.0,0.06421228051185608,8.994830916679682e-06,0.0,0.0,2.6984492750039046e-05
impacto_sector_bancario_prop_no_cero,2.0093754521610664e-06,0.0,0.0,8.696426370643416e-06,2.6089279111930248e-05,0.0,0.0
emp_banco central de la republica argentina bcra_std_lag3,1.9859500753227623e-06,0.0,0.0,8.595043095228266e-06,2.5785129285684797e-05,0.0,0.0
menciona_bolsa_extranjera_prop_true_lag3,0.0,0.0,0.06043312549591064,8.465448373256781e-06,0.0,0.0,2.5396345119770343e-05
ticker_ADA_sum_true_lag2,0.0,0.0,0.05894527435302734,8.257030772250491e-06,0.0,0.0,2.4771092316751476e-05
impacto_sector_industrial_std_lag2,3.3742533060987513e-07,0.0,0.048122888803482054,8.201386818459708e-06,4.381054630805121e-06,0.0,2.0223105824574004e-05
menciona_pbi_sum_true_lag1,1.889886880235281e-06,0.0,0.0,8.17928878604301e-06,2.4537866358129028e-05,0.0,0.0
tipo_evento_monetario_prop_true_lag3,1.671257854329866e-11,0.0,0.05745564699172974,8.048436690057067e-06,2.1699236239162796e-10,0.0,2.414509307780881e-05
tasa_bcra_std_lag1,4.24614245275734e-07,0.0,0.04414739906787872,8.02184887355398e-06,5.513095896531466e-06,0.0,1.8552450724130478e-05
ticker_AVAX_prop_true_lag3,1.8427648683427832e-06,0.0,0.0,7.97534824998293e-06,2.3926044749948794e-05,0.0,0.0
shock_negativo_prop_true_lag3,1.4563588024429919e-08,0.0,0.05486968159675598,7.749153464681164e-06,1.8909035264259857e-07,0.0,2.305837004140089e-05
sector_Tecnología_prop_true_lag2,5.74067883007956e-08,0.0,0.052427202463150024,7.592434111467085e-06,7.453568327851237e-07,0.0,2.2031945501616135e-05
impacto_bolsa_extranjera_std_lag1,2.77935828685294e-08,0.0,0.05246350765228271,7.469355994192678e-06,3.608656312575989e-07,0.0,2.2047202351320437e-05
sector_Energía_sum_true_lag2,1.717335545046994e-06,0.0,0.0,7.432499538664035e-06,2.2297498615992106e-05,0.0,0.0
tipo_evento_electoral_prop_true_lag2,1.84391228685854e-07,0.0,0.045950600504875184,7.234773406281865e-06,2.394094257398839e-06,0.0,1.9310225961446755e-05
spread_bonos_mean_lag1,1.615179644431919e-06,0.0,0.0,6.990376456553965e-06,2.0971129369661894e-05,0.0,0.0
menciona_reservas_prop_true_lag2,1.1396239368854922e-10,0.0,0.04947874546051025,6.931456361068533e-06,1.4796620979949718e-09,0.0,2.0792889421107602e-05
sector_Cripto / Fintech_prop_true_lag1,1.5751358660054393e-06,0.0,0.0,6.817069984478916e-06,2.0451209953436748e-05,0.0,0.0
tipo_actor_principal_municipio_sum_true_lag3,0.0,0.0,0.04714117646217346,6.603517397459797e-06,0.0,0.0,1.9810552192379392e-05
emp_lemon_mean_lag3,2.1151554392417892e-07,0.0,0.039773371815681455,6.486861652567562e-06,2.746270268214322e-06,0.0,1.6714314689488365e-05
menciona_reservas_prop_true_lag3,1.4674516023660545e-06,0.0,0.0,6.351020561505376e-06,1.9053061684516126e-05,0.0,0.0
emp_binance_prop_no_cero_lag1,6.069874416425592e-08,0.0,0.04257195293903351,6.2261619851678e-06,7.880988476005248e-07,0.0,1.7890387107902875e-05
impacto_commodities_prop_no_cero_lag1,1.4098136217333135e-06,0.0,0.0,6.101567700823655e-06,1.8304703102470965e-05,0.0,0.0
spread_bonos_std_lag2,0.0,0.0,0.042965033650398256,6.018524960243843e-06,0.0,0.0,1.805557488073153e-05
valencia_general_mean_lag1,1.3881788991143561e-06,0.0,0.0,6.0079342426749015e-06,1.8023802728024704e-05,0.0,0.0
menciona_sector_bancario_sum_true_lag3,0.0,0.0,0.04231024384498596,5.926802262674151e-06,0.0,0.0,1.7780406788022452e-05
sector_Justicia_sum_true_lag1,0.0,0.0,0.042276373505592345,5.922057718896736e-06,0.0,0.0,1.7766173156690208e-05
sector_Energía_prop_true_lag1,1.3585196370513585e-06,0.0,0.0,5.879571179186156e-06,1.763871353755847e-05,0.0,0.0
impacto_fmi_mean_lag3,3.0470598133547357e-08,0.0,0.04020455181598663,5.7637122193326366e-06,3.9562339559717895e-07,0.0,1.689551326240073e-05
emp_la nacion_prop_no_cero_lag1,0.0,0.0,0.038025262951850894,5.326563829967551e-06,0.0,0.0,1.5979691489902655e-05
menciona_embi_sum_true_lag1,1.2063109352311584e-06,0.0,0.0,5.2208233245097245e-06,1.5662469973529173e-05,0.0,0.0
tipo_actor_principal_sindicato_sum_true_lag3,1.1961501513724215e-06,0.0,0.0,5.1768482134370305e-06,1.553054464031109e-05,0.0,0.0
menciona_brasil_prop_true,2.1585054987838247e-08,0.0,0.03617521822452545,5.160828794933449e-06,2.802555010903629e-07,0.0,1.5202230883709984e-05
merval_prop_no_cero_lag3,1.1899675090187855e-06,0.0,0.0,5.150090200669136e-06,1.5450270602007408e-05,0.0,0.0
sector_Medio Ambiente_prop_true_lag1,0.0,0.0,0.03621242344379425,5.072621987004421e-06,0.0,0.0,1.5217865961013263e-05
ticker_AVAX_prop_true,7.377685165010917e-08,0.0,0.03115605115890503,4.683628037491067e-06,9.57902054904214e-07,0.0,1.3092982057568986e-05
caracter_vigente_sum_true_lag2,1.077309823926953e-06,0.0,0.0,4.662516182366796e-06,1.3987548547100387e-05,0.0,0.0
volatilidad_merval_mean_lag3,0.0,0.0,0.03291875720024109,4.6112465192499915e-06,0.0,0.0,1.3833739557749974e-05
sector_Transporte / Logística_prop_true_lag2,1.03098742317842e-06,0.0,0.0,4.46203630341346e-06,1.3386108910240381e-05,0.0,0.0
sector_Energía_sum_true_lag1,1.0185265637119301e-06,0.0,0.0,4.408106637482327e-06,1.3224319912446983e-05,0.0,0.0
spread_usd_mean_lag3,9.792997843760531e-07,0.0,0.0,4.238336076243986e-06,1.2715008228731958e-05,0.0,0.0
menciona_sector_industrial_prop_true_lag2,4.308697398869299e-09,0.0,0.030008745193481446,4.222260905040648e-06,5.594315832168255e-08,0.0,1.261083955680026e-05
tipo_actor_principal_provincia_prop_true_lag2,0.0,0.0,0.029063737392425536,4.071236865717292e-06,0.0,0.0,1.2213710597151877e-05
menciona_confianza_consumidor_prop_true_lag3,0.0,0.0,0.02862426042556763,4.00967510561235e-06,0.0,0.0,1.2029025316837051e-05
tipo_actor_principal_organismo_internacional_sum_true_lag3,8.533819739753312e-07,0.0,0.0,3.6933732293430677e-06,1.1080119688029203e-05,0.0,0.0
sector_Medio Ambiente_sum_true_lag1,8.376259756914806e-07,0.0,0.0,3.6251824495541897e-06,1.087554734866257e-05,0.0,0.0
ticker_AL30D_prop_true_lag2,1.920928482945783e-09,0.0,0.02464051991701126,3.4599479416278325e-06,2.4940903548776973e-08,0.0,1.035490292133472e-05
menciona_eeuu_prop_true,7.857518443454836e-07,0.0,0.0,3.400675096631981e-06,1.0202025289895942e-05,0.0,0.0
shock_positivo_sum_true,7.546595401919376e-07,0.0,0.0,3.2661099343701646e-06,9.798329803110494e-06,0.0,0.0
sector_Empleo / Laboral_sum_true_lag1,0.0,0.0,0.023097687959671022,3.2355150153109485e-06,0.0,0.0,9.706545045932846e-06
menciona_sector_energia_sum_true_lag1,0.0,0.0,0.02236970067024231,3.1335388430631147e-06,0.0,0.0,9.400616529189344e-06
sector_Infraestructura_prop_true_lag1,0.0,0.0,0.022281180322170257,3.1211389476342845e-06,0.0,0.0,9.363416842902853e-06
ticker_BNB_sum_true_lag3,7.046357950457605e-07,0.0,0.0,3.0496109142494143e-06,9.148832742748243e-06,0.0,0.0
menciona_pbi_sum_true,6.743263384123566e-07,0.0,0.0,2.918433857386734e-06,8.755301572160202e-06,0.0,0.0
menciona_sector_bancario_sum_true_lag2,6.545327323692618e-07,0.0,0.0,2.8327686138016347e-06,8.498305841404905e-06,0.0,0.0
tipo_evento_externo_sum_true,5.939749826211482e-07,0.0,0.0,2.5706792112014756e-06,7.712037633604427e-06,0.0,0.0
menciona_mercosur_sum_true_lag1,0.0,0.0,0.018037228286266326,2.5266478210591117e-06,0.0,0.0,7.579943463177335e-06
tc_minorista_pct10,5.696475000149804e-07,0.0,0.0,2.4653916896284844e-06,7.396175068885453e-06,0.0,0.0
menciona_salarios_paritarias_sum_true_lag3,5.620777615567008e-07,0.0,0.0,2.432630428871239e-06,7.297891286613717e-06,0.0,0.0
sector_Empleo / Laboral_sum_true_lag3,4.998952135792933e-07,0.0,0.0,2.1635090213000772e-06,6.490527063900232e-06,0.0,0.0
ticker_ADA_prop_true_lag2,4.744611921125852e-07,0.0,0.0,2.0534324824647348e-06,6.160297447394205e-06,0.0,0.0
sector_Gobierno / Sector Público_prop_true_lag1,4.5457521444802753e-07,0.0,0.0,1.9673674614244444e-06,5.902102384273333e-06,0.0,0.0
tipo_evento_electoral_sum_true_lag3,4.470890445418263e-07,0.0,0.0,1.9349678790978126e-06,5.804903637293438e-06,0.0,0.0
diario_Clarín_sum_true_lag1,4.391332721009888e-07,0.0,0.0,1.900535892194157e-06,5.701607676582471e-06,0.0,0.0
shock_mixto_sum_true_lag2,3.9274770607944376e-07,0.0,0.0,1.6997826386729475e-06,5.0993479160188425e-06,0.0,0.0
emp_banco central de la republica argentina bcra_mean_lag3,3.8496168066615153e-07,0.0,0.0,1.6660853041833516e-06,4.998255912550055e-06,0.0,0.0
sector_Salud_prop_true_lag1,3.5169405236956664e-07,0.0,0.0,1.5221055020532748e-06,4.566316506159824e-06,0.0,0.0
tipo_actor_principal_gobierno_nacional_sum_true_lag2,3.2848329283297063e-07,0.0,0.0,1.4216510742361e-06,4.2649532227083e-06,0.0,0.0
m2_std20,2.9948327524564887e-07,0.0,0.0,1.2961411714330809e-06,3.888423514299243e-06,0.0,0.0
emp_bbc_mean_lag3,1.4043203266922433e-10,0.0,0.008764223754405975,1.2282967845693045e-06,1.8233379394690755e-09,0.0,3.683067015768444e-06
sector_Gobierno / Sector Público_sum_true_lag2,2.8234884439370946e-07,0.0,0.0,1.2219846387917995e-06,3.6659539163753985e-06,0.0,0.0
impacto_eeuu_prop_no_cero,2.712350038791556e-07,0.0,0.0,1.1738847699365565e-06,3.5216543098096697e-06,0.0,0.0
tipo_evento_electoral_prop_true_lag3,2.605390136523056e-07,0.0,0.0,1.1275933258120234e-06,3.38277997743607e-06,0.0,0.0
tasa_bcra_prop_no_cero,2.4572028221314655e-07,0.0,0.0,1.063458966686462e-06,3.190376900059386e-06,0.0,0.0
merval_mean_lag2,2.3730543174949048e-07,0.0,0.0,1.0270401245042029e-06,3.0811203735126084e-06,0.0,0.0
tipo_actor_principal_provincia_sum_true_lag1,2.320446433279333e-07,0.0,0.0,1.0042718264689095e-06,3.0128154794067284e-06,0.0,0.0
volatilidad_merval_mean_lag1,2.19411377599954e-07,0.0,0.0,9.495959991584948e-07,2.848787997475484e-06,0.0,0.0
tipo_evento_corporativo_sum_true_lag3,2.1614171146211448e-07,0.0,0.0,9.35445129148748e-07,2.806335387446244e-06,0.0,0.0
tipo_evento_otro_sum_true_lag3,1.8490136994842031e-07,0.0,0.0,8.002392722864043e-07,2.400717816859213e-06,0.0,0.0
menciona_reservas_prop_true,1.7303268577961718e-07,0.0,0.0,7.488724966649491e-07,2.2466174899948474e-06,0.0,0.0
tipo_evento_fiscal_prop_true,1.5181053981683234e-07,0.0,0.0,6.57024639364853e-07,1.971073918094559e-06,0.0,0.0
tipo_evento_sindical_social_sum_true_lag3,1.488335897192883e-07,0.0,0.0,6.44140622440824e-07,1.932421867322472e-06,0.0,0.0
expectativa_fin_largo_prop_no_cero_lag2,1.4230514580049203e-07,0.0,0.0,6.158860064139256e-07,1.8476580192417766e-06,0.0,0.0
menciona_sector_industrial_prop_true,1.3121647883806987e-07,0.0,0.0,5.678950868057562e-07,1.7036852604172687e-06,0.0,0.0
act_javier_milei_std_lag3,1.2650816643144936e-07,0.0,0.0,5.475178635595354e-07,1.6425535906786061e-06,0.0,0.0
emp_jp morgan_std_lag2,1.252958213626698e-07,0.0,0.0,5.422709249572373e-07,1.6268127748717119e-06,0.0,0.0
volumen_mercado_mean,1.2283564956305782e-07,0.0,0.0,5.316234857783376e-07,1.5948704573350128e-06,0.0,0.0
menciona_embi_prop_true_lag2,1.2153989246144192e-07,0.0,0.0,5.260155461489757e-07,1.5780466384469271e-06,0.0,0.0
tipo_actor_principal_provincia_prop_true,1.215199250115262e-07,0.0,0.0,5.259291285221381e-07,1.5777873855664144e-06,0.0,0.0
menciona_bolsa_extranjera_prop_true_lag1,1.0375514420957188e-07,0.0,0.0,4.4904448853678217e-07,1.3471334656103465e-06,0.0,0.0
tipo_evento_monetario_prop_true,1.0368565295099108e-07,0.0,0.0,4.4874373557744775e-07,1.3462312067323432e-06,0.0,0.0
shock_positivo_sum_true_lag3,9.40199754495552e-08,0.0,0.0,4.069114077149673e-07,1.2207342231449019e-06,0.0,0.0
volumen_mercado_std,8.486545364227993e-08,0.0,0.0,3.6729132338986156e-07,1.1018739701695847e-06,0.0,0.0
emp_bitso_prop_no_cero_lag2,7.630139933212377e-08,0.0,0.0,3.3022673814156196e-07,9.90680214424686e-07,0.0,0.0
sector_Empleo / Laboral_sum_true,7.342254662034975e-08,0.0,0.0,3.177672793515463e-07,9.533018380546389e-07,0.0,0.0
impacto_mercosur_mean,7.246241455760582e-08,0.0,0.0,3.1361189973806165e-07,9.40835699214185e-07,0.0,0.0
menciona_tipo_cambio_sum_true_lag2,7.154164904932259e-08,0.0,0.0,3.0962689562208054e-07,9.288806868662417e-07,0.0,0.0
sector_Agropecuario_sum_true_lag1,6.818793948648594e-08,0.0,0.0,2.951122919673158e-07,8.853368759019474e-07,0.0,0.0
merval_std_lag1,6.729749912892657e-08,0.0,0.0,2.912585328310448e-07,8.737755984931343e-07,0.0,0.0
shock_mixto_sum_true_lag1,6.653951345469977e-08,0.0,0.0,2.8797802763783837e-07,8.63934082913515e-07,0.0,0.0
emp_bbc_mean_lag2,6.431424139918818e-08,0.0,0.0,2.783472169475843e-07,8.350416508427528e-07,0.0,0.0
ticker_BNB_prop_true_lag2,6.294041554610885e-08,0.0,0.0,2.7240140161250517e-07,8.172042048375156e-07,0.0,0.0
menciona_sector_industrial_sum_true,5.205836259847274e-08,0.0,0.0,2.2530469197629386e-07,6.759140759288816e-07,0.0,0.0
sector_Comercio / Consumo_sum_true,5.1268858669573095e-08,0.0,0.0,2.218877781388996e-07,6.656633344166988e-07,0.0,0.0
sector_Turismo_prop_true_lag2,4.6600229097748526e-08,0.0,0.0,2.0168229922777054e-07,6.050468976833116e-07,0.0,0.0
palabras_noticia_std_lag3,4.461310886827441e-08,0.0,0.0,1.930821917930687e-07,5.792465753792061e-07,0.0,0.0
tipo_evento_judicial_sum_true_lag1,3.5786032981377505e-08,0.0,0.0,1.548792688719582e-07,4.646378066158746e-07,0.0,0.0
menciona_mercosur_sum_true_lag3,3.399431456330149e-08,0.0,0.0,1.4712484583321451e-07,4.4137453749964354e-07,0.0,0.0
cant_tickers_prop_no_cero_lag3,3.2325626264650965e-08,0.0,0.0,1.3990288793123985e-07,4.1970866379371954e-07,0.0,0.0
impacto_bolsa_extranjera_mean_lag2,3.131665556876939e-08,0.0,0.0,1.355361383735929e-07,4.066084151207787e-07,0.0,0.0
ticker_LINK_prop_true_lag1,2.981611828545283e-08,0.0,0.0,1.290419254644358e-07,3.8712577639330744e-07,0.0,0.0
impacto_eeuu_mean_lag2,2.7973459459929016e-08,0.0,0.0,1.2106703615982634e-07,3.63201108479479e-07,0.0,0.0
sector_Tecnología_sum_true_lag1,2.3913681143628018e-08,0.0,0.0,1.0349661985416504e-07,3.1048985956249514e-07,0.0,0.0
act_indec_std,2.3870875409670588e-08,0.0,0.0,1.033113598455381e-07,3.099340795366143e-07,0.0,0.0
menciona_brasil_sum_true_lag1,2.171053168353865e-08,0.0,0.0,9.396155409899019e-08,2.8188466229697055e-07,0.0,0.0
valencia_general_mean_lag3,1.8942453294812366e-08,0.0,0.0,8.198151827749265e-08,2.4594455483247795e-07,0.0,0.0
menciona_sector_agroexportador_prop_true_lag3,1.8512288590954995e-08,0.0,0.0,8.01197976765358e-08,2.403593930296074e-07,0.0,0.0
menciona_inflacion_sum_true_lag2,1.7363163351546973e-08,0.0,0.0,7.514646975794688e-08,2.2543940927384063e-07,0.0,0.0
menciona_salarios_paritarias_sum_true_lag2,1.6492477558638362e-08,0.0,0.0,7.137820689704075e-08,2.1413462069112224e-07,0.0,0.0
menciona_mercosur_sum_true,1.3858503677965928e-08,0.0,0.0,5.99785653363606e-08,1.7993569600908182e-07,0.0,0.0
emp_bbc_prop_no_cero,1.3666348763763381e-08,0.0,0.0,5.914693326813636e-08,1.7744079980440908e-07,0.0,0.0
impacto_prestamos_internacionales_mean_lag1,1.35097778297677e-08,0.0,0.0,5.846930599951818e-08,1.7540791799855454e-07,0.0,0.0
ticker_ADA_sum_true_lag3,1.2760359879848693e-08,0.0,0.0,5.522588127503481e-08,1.6567764382510441e-07,0.0,0.0
sector_Turismo_prop_true_lag3,1.1551259504472e-08,0.0,0.0,4.999298546262101e-08,1.4997895638786303e-07,0.0,0.0
caracter_prospectivo_prop_true_lag2,8.733103840086188e-09,0.0,0.0,3.779621894495261e-08,1.1338865683485782e-07,0.0,0.0
shock_mixto_prop_true,7.616805675070282e-09,0.0,0.0,3.296496414421116e-08,9.889489243263346e-08,0.0,0.0
ticker_SOL_prop_true_lag2,7.197636620048798e-09,0.0,0.0,3.115083188738177e-08,9.345249566214531e-08,0.0,0.0
tipo_evento_externo_prop_true_lag2,7.103220411863731e-09,0.0,0.0,3.074220561408193e-08,9.222661684224577e-08,0.0,0.0
tasa_bcra_mean_lag1,6.15094180034248e-09,0.0,0.0,2.662081514893689e-08,7.986244544681068e-08,0.0,0.0
expectativa_macro_largo_prop_no_cero_lag2,5.93673888937829e-09,0.0,0.0,2.5693761003045872e-08,7.708128300913761e-08,0.0,0.0
horizonte_dias_prop_no_cero_lag3,5.560153937267387e-09,0.0,0.0,2.406392955228211e-08,7.219178865684634e-08,0.0,0.0
sector_Transporte / Logística_prop_true,5.446620948701408e-09,0.0,0.0,2.3572567286140527e-08,7.071770185842158e-08,0.0,0.0
spread_usd_prop_no_cero,5.0599551215668725e-09,0.0,0.0,2.1899106563753896e-08,6.569731969126168e-08,0.0,0.0
gobernanza_prop_no_cero_lag3,4.848381962574422e-09,0.0,0.0,2.0983433787318086e-08,6.295030136195426e-08,0.0,0.0
sector_Otros_sum_true_lag1,4.557924060399899e-09,0.0,0.0,1.9726353754158704e-08,5.917906126247611e-08,0.0,0.0
ticker_ADA_prop_true_lag3,4.165653777477019e-09,0.0,0.0,1.802863736712839e-08,5.408591210138517e-08,0.0,0.0
menciona_brasil_sum_true,3.308802232204755e-09,0.0,0.0,1.4320248093228284e-08,4.2960744279684854e-08,0.0,0.0
impacto_fmi_prop_no_cero_lag3,3.166564610523892e-09,0.0,0.0,1.370465432614373e-08,4.111396297843119e-08,0.0,0.0
act_gobierno_nacional_std_lag3,2.9002647394804624e-09,0.0,0.0,1.2552128441272221e-08,3.765638532381666e-08,0.0,0.0
act_gobierno_nacional_std,2.6531212782288094e-09,0.0,0.0,1.148251006236277e-08,3.444753018708831e-08,0.0,0.0
merval_mean,2.6529007657316584e-09,0.0,0.0,1.1481555700800715e-08,3.4444667102402146e-08,0.0,0.0
spread_usd_std_lag2,2.096123274952788e-09,0.0,0.0,9.07186444664384e-09,2.7215593339931517e-08,0.0,0.0
emp_la nacion_std_lag2,2.032526680295632e-09,0.0,0.0,8.796623151013997e-09,2.6389869453041992e-08,0.0,0.0
palabras_titulo_mean_lag2,1.983453512544031e-09,0.0,0.0,8.584238158618946e-09,2.5752714475856837e-08,0.0,0.0
diario_Pagina 12_sum_true_lag2,1.9061207834347726e-09,0.0,0.0,8.249547902491704e-09,2.474864370747511e-08,0.0,0.0
valencia_general_prop_no_cero,1.831089946335851e-09,0.0,0.0,7.924820062477159e-09,2.3774460187431476e-08,0.0,0.0
sector_Transporte / Logística_sum_true_lag3,1.680927752545358e-09,0.0,0.0,7.274929341184205e-09,2.1824788023552615e-08,0.0,0.0
emp_jp morgan_prop_no_cero,1.6748640807584536e-09,0.0,0.0,7.248686224113252e-09,2.1746058672339757e-08,0.0,0.0
sector_Medio Ambiente_prop_true_lag2,1.5967357214208278e-09,0.0,0.0,6.910552539983637e-09,2.073165761995091e-08,0.0,0.0
shock_negativo_sum_true_lag2,1.3622145189629009e-09,0.0,0.0,5.895562351198033e-09,1.7686687053594098e-08,0.0,0.0
tipo_evento_monetario_sum_true_lag3,1.2681892869181865e-09,0.0,0.0,5.488628193333156e-09,1.6465884579999467e-08,0.0,0.0
sector_Industria / Manufactura_sum_true,1.1335225202913079e-09,0.0,0.0,4.905800519548378e-09,1.4717401558645134e-08,0.0,0.0
emp_jp morgan_std,1.1233888486117393e-09,0.0,0.0,4.861942747955288e-09,1.4585828243865863e-08,0.0,0.0
sector_Gobierno / Sector Público_sum_true_lag1,1.1155193768708217e-09,0.0,0.0,4.827884264013351e-09,1.4483652792040054e-08,0.0,0.0
shock_desconocido_prop_true_lag2,1.0055490662352896e-09,0.0,0.0,4.351941000961071e-09,1.3055823002883212e-08,0.0,0.0
impacto_mercosur_prop_no_cero,9.181252202949963e-10,0.0,0.0,3.973577147436054e-09,1.1920731442308163e-08,0.0,0.0
menciona_sector_energia_sum_true_lag2,8.995785449883442e-10,0.0,0.0,3.893308526630986e-09,1.1679925579892957e-08,0.0,0.0
ticker_BTC_prop_true_lag2,8.715276333948196e-10,0.0,0.0,3.771906283441363e-09,1.131571885032409e-08,0.0,0.0
act_fondo_monetario_internacional_directorio_std,7.090345199856074e-10,0.0,0.0,3.0686482661404965e-09,9.20594479842149e-09,0.0,0.0
emp_banco central de la republica argentina bcra_prop_no_cero_lag3,6.598141144564807e-10,0.0,0.0,2.8556260396785846e-09,8.566878119035754e-09,0.0,0.0
act_fondo_monetario_internacional_directorio_std_lag3,6.058835641531424e-10,0.0,0.0,2.6222186596208393e-09,7.866655978862518e-09,0.0,0.0
emp_ypf_prop_no_cero_lag2,6.004841957008011e-10,0.0,0.0,2.598850597597756e-09,7.796551792793268e-09,0.0,0.0
menciona_eeuu_sum_true_lag2,4.483997173565513e-10,0.0,0.0,1.9406403728156995e-09,5.821921118447098e-09,0.0,0.0
tipo_actor_principal_empresa_local_sum_true_lag1,4.480408044571504e-10,0.0,0.0,1.9390870246846887e-09,5.817261074054066e-09,0.0,0.0
menciona_eeuu_sum_true_lag1,4.0604324347270903e-10,0.0,0.0,1.7573247281188574e-09,5.271974184356572e-09,0.0,0.0
tipo_actor_principal_municipio_sum_true_lag2,3.998286146611463e-10,0.0,0.0,1.7304282803581814e-09,5.191284841074544e-09,0.0,0.0
shock_mixto_prop_true_lag1,3.5675422616066043e-10,0.0,0.0,1.5440055550023536e-09,4.632016665007061e-09,0.0,0.0
tipo_actor_principal_poder_judicial_prop_true_lag3,2.560797351947031e-10,0.0,0.0,1.1082939028340882e-09,3.3248817085022644e-09,0.0,0.0
emp_lemon_mean_lag1,2.330020176799508e-10,0.0,0.0,1.008415270917038e-09,3.025245812751114e-09,0.0,0.0
valencia_general_prop_no_cero_lag2,2.2234643015650591e-10,0.0,0.0,9.62298686664989e-10,2.886896059994967e-09,0.0,0.0
categoria_fuente_periodistica_sum_true_lag1,2.1463781862962606e-10,0.0,0.0,9.289363936742462e-10,2.7868091810227384e-09,0.0,0.0
tipo_evento_corporativo_sum_true,2.0896033792183743e-10,0.0,0.0,9.043646826518331e-10,2.7130940479554993e-09,0.0,0.0
sector_Infraestructura_prop_true,2.0060555439016525e-10,0.0,0.0,8.682058056496732e-10,2.6046174169490197e-09,0.0,0.0
impacto_sector_agroexportador_prop_no_cero_lag3,1.918090512809112e-10,0.0,0.0,8.301351994190205e-10,2.4904055982570615e-09,0.0,0.0
ticker_LINK_prop_true_lag2,1.812022309977124e-10,0.0,0.0,7.842296761280495e-10,2.3526890283841483e-09,0.0,0.0
sector_Educación_sum_true_lag1,1.6752135234554543e-10,0.0,0.0,7.25019858591799e-10,2.175059575775397e-09,0.0,0.0
tipo_actor_principal_bcra_sum_true,1.5711336676105247e-10,0.0,0.0,6.799748769757869e-10,2.0399246309273607e-09,0.0,0.0
tipo_actor_principal_poder_judicial_sum_true_lag2,1.413440142705724e-10,0.0,0.0,6.117263011814064e-10,1.8351789035442192e-09,0.0,0.0
sector_Empleo / Laboral_prop_true_lag3,1.275441752213169e-10,0.0,0.0,5.520016319616688e-10,1.6560048958850064e-09,0.0,0.0
palabras_noticia_std_lag2,1.2540666283200608e-10,0.0,0.0,5.427506385298601e-10,1.6282519155895804e-09,0.0,0.0
ticker_LIBRA_prop_true_lag2,1.1363984198098364e-10,0.0,0.0,4.918247197139345e-10,1.4754741591418034e-09,0.0,0.0
tipo_actor_principal_bcra_prop_true,1.1273554312296596e-10,0.0,0.0,4.879109820262616e-10,1.4637329460787846e-09,0.0,0.0
tasa_bcra_std_lag3,9.355852759185269e-11,0.0,0.0,4.0491429596858595e-10,1.214742887905758e-09,0.0,0.0
tipo_evento_desconocido_sum_true_lag2,8.451057076364066e-11,0.0,0.0,3.6575541688668956e-10,1.0972662506600687e-09,0.0,0.0
tipo_actor_principal_empresa_local_prop_true,8.130613127210751e-11,0.0,0.0,3.518868429139513e-10,1.0556605287418539e-09,0.0,0.0
menciona_eeuu_prop_true_lag3,8.075268786988943e-11,0.0,0.0,3.494915813452228e-10,1.0484747440356684e-09,0.0,0.0
tipo_actor_principal_sindicato_prop_true_lag2,5.872567987452726e-11,0.0,0.0,2.5416034148598e-10,7.624810244579401e-10,0.0,0.0
impacto_commodities_mean_lag1,4.4616677019604366e-11,0.0,0.0,1.930976344846209e-10,5.792929034538627e-10,0.0,0.0
emp_banco nacion_std,3.8376080091495623e-11,0.0,0.0,1.6608879866163262e-10,4.982663959848978e-10,0.0,0.0
tipo_evento_desconocido_sum_true_lag3,2.8896476877982026e-11,0.0,0.0,1.2506178637252874e-10,3.751853591175862e-10,0.0,0.0
tipo_actor_principal_poder_judicial_sum_true_lag1,2.3874735521900448e-11,0.0,0.0,1.0332806612198499e-10,3.0998419836595494e-10,0.0,0.0
menciona_inflacion_prop_true_lag2,1.8408249924384278e-11,0.0,0.0,7.966952612446767e-11,2.39008578373403e-10,0.0,0.0
menciona_tipo_cambio_sum_true_lag1,1.6300659433365894e-11,0.0,0.0,7.054803242606629e-11,2.1164409727819887e-10,0.0,0.0
tipo_evento_monetario_sum_true,1.496701373948639e-11,0.0,0.0,6.477611380882865e-11,1.9432834142648596e-10,0.0,0.0
act_indec_std_lag1,1.2892328871139113e-11,0.0,0.0,5.5797033179339656e-11,1.6739109953801897e-10,0.0,0.0
menciona_reservas_sum_true_lag3,1.1817945233527637e-11,0.0,0.0,5.114718131205243e-11,1.534415439361573e-10,0.0,0.0
sector_Servicios_sum_true_lag1,9.749159118888073e-12,0.0,0.0,4.219363004654692e-11,1.2658089013964075e-10,0.0,0.0
emp_bbc_prop_no_cero_lag2,0.0,0.0,0.0,0.0,0.0,0.0,0.0
tipo_evento_otro_sum_true_lag2,0.0,0.0,0.0,0.0,0.0,0.0,0.0
tipo_evento_regulatorio_sum_true_lag1,0.0,0.0,0.0,0.0,0.0,0.0,0.0
volatilidad_merval_std_lag1,0.0,0.0,0.0,0.0,0.0,0.0,0.0
emp_la nacion_std_lag3,0.0,0.0,0.0,0.0,0.0,0.0,0.0
emp_lemon_mean_lag2,0.0,0.0,0.0,0.0,0.0,0.0,0.0
categoria_fuente_analisis_prop_true,0.0,0.0,0.0,0.0,0.0,0.0,0.0
categoria_fuente_analisis_prop_true_lag1,0.0,0.0,0.0,0.0,0.0,0.0,0.0
emp_lemon_std_lag1,0.0,0.0,0.0,0.0,0.0,0.0,0.0
emp_lemon_std_lag2,0.0,0.0,0.0,0.0,0.0,0.0,0.0
emp_mercado libre_std,0.0,0.0,0.0,0.0,0.0,0.0,0.0
emp_mercado libre_std_lag2,0.0,0.0,0.0,0.0,0.0,0.0,0.0
shock_neutro_sum_true_lag1,0.0,0.0,0.0,0.0,0.0,0.0,0.0
sector_Finanzas_sum_true_lag2,0.0,0.0,0.0,0.0,0.0,0.0,0.0
sector_Industria / Manufactura_prop_true,0.0,0.0,0.0,0.0,0.0,0.0,0.0
spread_bonos_std_lag3,0.0,0.0,0.0,0.0,0.0,0.0,0.0
emp_la nacion_std_lag1,0.0,0.0,0.0,0.0,0.0,0.0,0.0
categoria_fuente_periodistica_prop_true_lag1,0.0,0.0,0.0,0.0,0.0,0.0,0.0
categoria_fuente_periodistica_prop_true_lag3,0.0,0.0,0.0,0.0,0.0,0.0,0.0
sector_Justicia_prop_true_lag2,0.0,0.0,0.0,0.0,0.0,0.0,0.0
sector_Justicia_sum_true,0.0,0.0,0.0,0.0,0.0,0.0,0.0
sector_Finanzas_prop_true_lag2,0.0,0.0,0.0,0.0,0.0,0.0,0.0
sector_Finanzas_sum_true_lag1,0.0,0.0,0.0,0.0,0.0,0.0,0.0
ticker_AL30D_sum_true_lag1,0.0,0.0,0.0,0.0,0.0,0.0,0.0
emp_bitso_prop_no_cero_lag3,0.0,0.0,0.0,0.0,0.0,0.0,0.0
emp_bitso_std,0.0,0.0,0.0,0.0,0.0,0.0,0.0
emp_bitso_std_lag1,0.0,0.0,0.0,0.0,0.0,0.0,0.0
emp_bitso_std_lag2,0.0,0.0,0.0,0.0,0.0,0.0,0.0
emp_bitso_std_lag3,0.0,0.0,0.0,0.0,0.0,0.0,0.0
sector_Turismo_sum_true_lag2,0.0,0.0,0.0,0.0,0.0,0.0,0.0
sector_Turismo_sum_true_lag3,0.0,0.0,0.0,0.0,0.0,0.0,0.0
emp_mercado libre_std_lag3,0.0,0.0,0.0,0.0,0.0,0.0,0.0
shock_neutro_sum_true_lag3,0.0,0.0,0.0,0.0,0.0,0.0,0.0
shock_positivo_sum_true_lag2,0.0,0.0,0.0,0.0,0.0,0.0,0.0
spread_bonos_mean,0.0,0.0,0.0,0.0,0.0,0.0,0.0
menciona_confianza_consumidor_sum_true,0.0,0.0,0.0,0.0,0.0,0.0,0.0
tipo_evento_analisis_sum_true_lag1,0.0,0.0,0.0,0.0,0.0,0.0,0.0
tipo_evento_regulatory_prop_true_lag3,0.0,0.0,0.0,0.0,0.0,0.0,0.0
sector_Justicia_sum_true_lag2,0.0,0.0,0.0,0.0,0.0,0.0,0.0
sector_Medio Ambiente_sum_true_lag2,0.0,0.0,0.0,0.0,0.0,0.0,0.0
spread_bonos_prop_no_cero,0.0,0.0,0.0,0.0,0.0,0.0,0.0
shock_desconocido_sum_true_lag3,0.0,0.0,0.0,0.0,0.0,0.0,0.0
emp_banco nacion_prop_no_cero_lag3,0.0,0.0,0.0,0.0,0.0,0.0,0.0
ticker_AVAX_sum_true,0.0,0.0,0.0,0.0,0.0,0.0,0.0
ticker_AVAX_sum_true_lag1,0.0,0.0,0.0,0.0,0.0,0.0,0.0
ticker_AVAX_sum_true_lag2,0.0,0.0,0.0,0.0,0.0,0.0,0.0
ticker_AVAX_sum_true_lag3,0.0,0.0,0.0,0.0,0.0,0.0,0.0
ticker_BNB_prop_true,0.0,0.0,0.0,0.0,0.0,0.0,0.0
emp_banco nacion_std_lag1,0.0,0.0,0.0,0.0,0.0,0.0,0.0
emp_banco nacion_std_lag3,0.0,0.0,0.0,0.0,0.0,0.0,0.0
sector_Medio Ambiente_sum_true_lag3,0.0,0.0,0.0,0.0,0.0,0.0,0.0
menciona_confianza_consumidor_sum_true_lag2,0.0,0.0,0.0,0.0,0.0,0.0,0.0
menciona_confianza_consumidor_sum_true_lag3,0.0,0.0,0.0,0.0,0.0,0.0,0.0
categoria_fuente_analisis_sum_true_lag1,0.0,0.0,0.0,0.0,0.0,0.0,0.0
categoria_fuente_analisis_sum_true_lag2,0.0,0.0,0.0,0.0,0.0,0.0,0.0
shock_negativo_prop_true_lag1,0.0,0.0,0.0,0.0,0.0,0.0,0.0
shock_negativo_sum_true_lag1,0.0,0.0,0.0,0.0,0.0,0.0,0.0
emp_lemon_prop_no_cero_lag1,0.0,0.0,0.0,0.0,0.0,0.0,0.0
emp_lemon_prop_no_cero_lag2,0.0,0.0,0.0,0.0,0.0,0.0,0.0
sector_Comercio / Consumo_sum_true_lag1,0.0,0.0,0.0,0.0,0.0,0.0,0.0
ticker_ADA_sum_true,0.0,0.0,0.0,0.0,0.0,0.0,0.0
ticker_ADA_sum_true_lag1,0.0,0.0,0.0,0.0,0.0,0.0,0.0
ticker_AL30D_sum_true,0.0,0.0,0.0,0.0,0.0,0.0,0.0
volumen_mercado_mean_lag2,0.0,0.0,0.0,0.0,0.0,0.0,0.0
ticker_ETH_sum_true,0.0,0.0,0.0,0.0,0.0,0.0,0.0
ticker_AL30D_sum_true_lag2,0.0,0.0,0.0,0.0,0.0,0.0,0.0
ticker_AL30D_sum_true_lag3,0.0,0.0,0.0,0.0,0.0,0.0,0.0
ticker_AL30_prop_true_lag3,0.0,0.0,0.0,0.0,0.0,0.0,0.0
ticker_AL30_sum_true,0.0,0.0,0.0,0.0,0.0,0.0,0.0
ticker_AL30_sum_true_lag1,0.0,0.0,0.0,0.0,0.0,0.0,0.0
tipo_evento_judicial_sum_true_lag2,0.0,0.0,0.0,0.0,0.0,0.0,0.0
tipo_evento_electoral_sum_true_lag1,0.0,0.0,0.0,0.0,0.0,0.0,0.0
tipo_evento_externo_sum_true_lag3,0.0,0.0,0.0,0.0,0.0,0.0,0.0
ticker_AL30_sum_true_lag3,0.0,0.0,0.0,0.0,0.0,0.0,0.0
ticker_BNB_sum_true,0.0,0.0,0.0,0.0,0.0,0.0,0.0
ticker_BNB_sum_true_lag1,0.0,0.0,0.0,0.0,0.0,0.0,0.0
ticker_BNB_sum_true_lag2,0.0,0.0,0.0,0.0,0.0,0.0,0.0
ticker_BTC_sum_true_lag2,0.0,0.0,0.0,0.0,0.0,0.0,0.0
ticker_BTC_sum_true_lag3,0.0,0.0,0.0,0.0,0.0,0.0,0.0
sector_Infraestructura_sum_true_lag1,0.0,0.0,0.0,0.0,0.0,0.0,0.0
emp_binance_std_lag3,0.0,0.0,0.0,0.0,0.0,0.0,0.0
ticker_ETH_sum_true_lag1,0.0,0.0,0.0,0.0,0.0,0.0,0.0
ticker_ETH_sum_true_lag2,0.0,0.0,0.0,0.0,0.0,0.0,0.0
ticker_LIBRA_prop_true,0.0,0.0,0.0,0.0,0.0,0.0,0.0
ticker_LIBRA_prop_true_lag3,0.0,0.0,0.0,0.0,0.0,0.0,0.0
ticker_LIBRA_sum_true,0.0,0.0,0.0,0.0,0.0,0.0,0.0
tipo_actor_principal_sindicato_sum_true,0.0,0.0,0.0,0.0,0.0,0.0,0.0
tipo_evento_analisis_prop_true,0.0,0.0,0.0,0.0,0.0,0.0,0.0
tipo_actor_principal_provincia_sum_true_lag2,0.0,0.0,0.0,0.0,0.0,0.0,0.0
fx_usd_prop_no_cero_lag1,0.0,0.0,0.0,0.0,0.0,0.0,0.0
fx_usd_prop_no_cero_lag2,0.0,0.0,0.0,0.0,0.0,0.0,0.0
fx_usd_prop_no_cero_lag3,0.0,0.0,0.0,0.0,0.0,0.0,0.0
tipo_evento_analisis_sum_true_lag2,0.0,0.0,0.0,0.0,0.0,0.0,0.0
tipo_evento_regulatory_sum_true_lag2,0.0,0.0,0.0,0.0,0.0,0.0,0.0
tipo_evento_regulatory_sum_true_lag3,0.0,0.0,0.0,0.0,0.0,0.0,0.0
merval_maximo,0.0,0.0,0.0,0.0,0.0,0.0,0.0
emp_banco central de la republica argentina bcra_prop_no_cero_lag1,0.0,0.0,0.0,0.0,0.0,0.0,0.0
ticker_LIBRA_sum_true_lag1,0.0,0.0,0.0,0.0,0.0,0.0,0.0
ticker_LIBRA_sum_true_lag2,0.0,0.0,0.0,0.0,0.0,0.0,0.0
ticker_LIBRA_sum_true_lag3,0.0,0.0,0.0,0.0,0.0,0.0,0.0
ticker_LINK_sum_true,0.0,0.0,0.0,0.0,0.0,0.0,0.0
ticker_LINK_sum_true_lag1,0.0,0.0,0.0,0.0,0.0,0.0,0.0
ticker_LINK_sum_true_lag2,0.0,0.0,0.0,0.0,0.0,0.0,0.0
ticker_LINK_sum_true_lag3,0.0,0.0,0.0,0.0,0.0,0.0,0.0
ticker_SOL_sum_true,0.0,0.0,0.0,0.0,0.0,0.0,0.0
ticker_SOL_sum_true_lag1,0.0,0.0,0.0,0.0,0.0,0.0,0.0
ticker_SOL_sum_true_lag2,0.0,0.0,0.0,0.0,0.0,0.0,0.0
ticker_SOL_sum_true_lag3,0.0,0.0,0.0,0.0,0.0,0.0,0.0
tipo_actor_principal_bcra_prop_true_lag1,0.0,0.0,0.0,0.0,0.0,0.0,0.0
tipo_actor_principal_bcra_prop_true_lag2,0.0,0.0,0.0,0.0,0.0,0.0,0.0
tipo_actor_principal_bcra_prop_true_lag3,0.0,0.0,0.0,0.0,0.0,0.0,0.0
inflacion_lag2,0.0,0.0,0.0,0.0,0.0,0.0,0.0
m2_transaccional_pct3,0.0,0.0,0.0,0.0,0.0,0.0,0.0
emp_jp morgan_prop_no_cero_lag3,0.0,0.0,0.0,0.0,0.0,0.0,0.0
impacto_sector_bancario_prop_no_cero_lag3,0.0,0.0,0.0,0.0,0.0,0.0,0.0
sector_Servicios_sum_true,0.0,0.0,0.0,0.0,0.0,0.0,0.0
tipo_evento_electoral_sum_true_lag2,0.0,0.0,0.0,0.0,0.0,0.0,0.0
sector_Servicios_sum_true_lag2,0.0,0.0,0.0,0.0,0.0,0.0,0.0
sector_Tecnología_sum_true_lag3,0.0,0.0,0.0,0.0,0.0,0.0,0.0
menciona_commodities_sum_true_lag3,0.0,0.0,0.0,0.0,0.0,0.0,0.0
horizonte_dias_prop_no_cero,0.0,0.0,0.0,0.0,0.0,0.0,0.0
horizonte_dias_prop_no_cero_lag1,0.0,0.0,0.0,0.0,0.0,0.0,0.0
horizonte_dias_prop_no_cero_lag2,0.0,0.0,0.0,0.0,0.0,0.0,0.0
tipo_actor_principal_empresa_extranjera_sum_true_lag1,0.0,0.0,0.0,0.0,0.0,0.0,0.0
tipo_actor_principal_empresa_extranjera_sum_true_lag2,0.0,0.0,0.0,0.0,0.0,0.0,0.0
menciona_sector_energia_sum_true_lag3,0.0,0.0,0.0,0.0,0.0,0.0,0.0
menciona_sector_industrial_sum_true_lag1,0.0,0.0,0.0,0.0,0.0,0.0,0.0
menciona_reservas_sum_true_lag2,0.0,0.0,0.0,0.0,0.0,0.0,0.0
valencia_general_mean_lag2,0.0,0.0,0.0,0.0,0.0,0.0,0.0
menciona_sector_agroexportador_sum_true_lag3,0.0,0.0,0.0,0.0,0.0,0.0,0.0
tipo_actor_principal_externo_sum_true_lag3,0.0,0.0,0.0,0.0,0.0,0.0,0.0
act_gobierno_nacional_std_lag1,0.0,0.0,0.0,0.0,0.0,0.0,0.0
emae_desestacionalizado_diff10,0.0,0.0,0.0,0.0,0.0,0.0,0.0
emae_desestacionalizado_lag1,0.0,0.0,0.0,0.0,0.0,0.0,0.0
emae_original_lag1,0.0,0.0,0.0,0.0,0.0,0.0,0.0
tipo_actor_principal_bcra_sum_true_lag2,0.0,0.0,0.0,0.0,0.0,0.0,0.0
tipo_actor_principal_bcra_sum_true_lag3,0.0,0.0,0.0,0.0,0.0,0.0,0.0
sector_Minería_sum_true_lag2,0.0,0.0,0.0,0.0,0.0,0.0,0.0
sector_Otros_sum_true_lag3,0.0,0.0,0.0,0.0,0.0,0.0,0.0
categoria_fuente_analisis_sum_true_lag3,0.0,0.0,0.0,0.0,0.0,0.0,0.0
categoria_fuente_oficial_prop_true,0.0,0.0,0.0,0.0,0.0,0.0,0.0
categoria_fuente_oficial_prop_true_lag1,0.0,0.0,0.0,0.0,0.0,0.0,0.0
categoria_fuente_oficial_sum_true,0.0,0.0,0.0,0.0,0.0,0.0,0.0
categoria_fuente_oficial_sum_true_lag1,0.0,0.0,0.0,0.0,0.0,0.0,0.0
categoria_fuente_periodistica_prop_true,0.0,0.0,0.0,0.0,0.0,0.0,0.0
categoria_fuente_analisis_prop_true_lag3,0.0,0.0,0.0,0.0,0.0,0.0,0.0
emp_banco central de la republica argentina bcra_std,0.0,0.0,0.0,0.0,0.0,0.0,0.0
emp_banco central de la republica argentina bcra_std_lag1,0.0,0.0,0.0,0.0,0.0,0.0,0.0
emp_bbc_prop_no_cero_lag1,0.0,0.0,0.0,0.0,0.0,0.0,0.0
menciona_eeuu_sum_true_lag3,0.0,0.0,0.0,0.0,0.0,0.0,0.0
emae_original_lag2,0.0,0.0,0.0,0.0,0.0,0.0,0.0
emp_banco central de la republica argentina bcra_prop_no_cero,0.0,0.0,0.0,0.0,0.0,0.0,0.0
menciona_eeuu_sum_true,0.0,0.0,0.0,0.0,0.0,0.0,0.0
volatilidad_merval_prop_no_cero,0.0,0.0,0.0,0.0,0.0,0.0,0.0
emp_binance_std_lag1,0.0,0.0,0.0,0.0,0.0,0.0,0.0
categoria_fuente_analisis_sum_true,0.0,0.0,0.0,0.0,0.0,0.0,0.0
tipo_actor_principal_organismo_internacional_sum_true_lag2,0.0,0.0,0.0,0.0,0.0,0.0,0.0
tipo_actor_principal_externo_prop_true,0.0,0.0,0.0,0.0,0.0,0.0,0.0
tipo_actor_principal_externo_prop_true_lag1,0.0,0.0,0.0,0.0,0.0,0.0,0.0
tipo_actor_principal_externo_prop_true_lag2,0.0,0.0,0.0,0.0,0.0,0.0,0.0
tipo_actor_principal_externo_prop_true_lag3,0.0,0.0,0.0,0.0,0.0,0.0,0.0
tipo_actor_principal_externo_sum_true,0.0,0.0,0.0,0.0,0.0,0.0,0.0
tipo_actor_principal_externo_sum_true_lag1,0.0,0.0,0.0,0.0,0.0,0.0,0.0
tipo_actor_principal_externo_sum_true_lag2,0.0,0.0,0.0,0.0,0.0,0.0,0.0
emp_ypf_std_lag1,0.0,0.0,0.0,0.0,0.0,0.0,0.0
emp_ypf_std_lag3,0.0,0.0,0.0,0.0,0.0,0.0,0.0
expectativa_fin_corto_prop_no_cero,0.0,0.0,0.0,0.0,0.0,0.0,0.0
menciona_tipo_cambio_sum_true_lag3,0.0,0.0,0.0,0.0,0.0,0.0,0.0
act_gobierno_std,0.0,0.0,0.0,0.0,0.0,0.0,0.0
act_gobierno_std_lag1,0.0,0.0,0.0,0.0,0.0,0.0,0.0
sector_Empleo / Laboral_sum_true_lag2,0.0,0.0,0.0,0.0,0.0,0.0,0.0
emp_jp morgan_std_lag1,0.0,0.0,0.0,0.0,0.0,0.0,0.0
emp_jp morgan_std_lag3,0.0,0.0,0.0,0.0,0.0,0.0,0.0
confianza_prop_no_cero,0.0,0.0,0.0,0.0,0.0,0.0,0.0
confianza_prop_no_cero_lag3,0.0,0.0,0.0,0.0,0.0,0.0,0.0
sector_Minería_sum_true,0.0,0.0,0.0,0.0,0.0,0.0,0.0
sector_Minería_sum_true_lag1,0.0,0.0,0.0,0.0,0.0,0.0,0.0
tipo_actor_principal_gobierno_nacional_sum_true_lag3,0.0,0.0,0.0,0.0,0.0,0.0,0.0
emp_ypf_prop_no_cero_lag1,0.0,0.0,0.0,0.0,0.0,0.0,0.0
emp_ypf_prop_no_cero_lag3,0.0,0.0,0.0,0.0,0.0,0.0,0.0
emp_ypf_std,0.0,0.0,0.0,0.0,0.0,0.0,0.0
tipo_evento_analisis_sum_true_lag3,0.0,0.0,0.0,0.0,0.0,0.0,0.0
tipo_evento_desconocido_prop_true_lag2,0.0,0.0,0.0,0.0,0.0,0.0,0.0
merval_prop_no_cero,0.0,0.0,0.0,0.0,0.0,0.0,0.0
emp_bbc_std,0.0,0.0,0.0,0.0,0.0,0.0,0.0
emp_bbc_std_lag1,0.0,0.0,0.0,0.0,0.0,0.0,0.0
emp_bbc_std_lag2,0.0,0.0,0.0,0.0,0.0,0.0,0.0
emp_bbc_std_lag3,0.0,0.0,0.0,0.0,0.0,0.0,0.0
sector_Política_sum_true_lag3,0.0,0.0,0.0,0.0,0.0,0.0,0.0
sector_Salud_sum_true,0.0,0.0,0.0,0.0,0.0,0.0,0.0
sector_Cripto / Fintech_sum_true_lag1,0.0,0.0,0.0,0.0,0.0,0.0,0.0
sector_Cripto / Fintech_sum_true_lag3,0.0,0.0,0.0,0.0,0.0,0.0,0.0
tipo_evento_regulatory_prop_true_lag2,0.0,0.0,0.0,0.0,0.0,0.0,0.0
expectativa_macro_corto_mean_lag2,0.0,0.0,0.0,0.0,0.0,0.0,0.0
emae_tendencia_ciclo_lag2,0.0,0.0,0.0,0.0,0.0,0.0,0.0
emae_tendencia_ciclo_ma_5,0.0,0.0,0.0,0.0,0.0,0.0,0.0
tipo_evento_regulatorio_sum_true_lag2,0.0,0.0,0.0,0.0,0.0,0.0,0.0
tipo_evento_regulatorio_sum_true_lag3,0.0,0.0,0.0,0.0,0.0,0.0,0.0
tipo_evento_regulatory_prop_true,0.0,0.0,0.0,0.0,0.0,0.0,0.0
merval_mean_lag1,0.0,0.0,0.0,0.0,0.0,0.0,0.0
tipo_evento_regulatory_prop_true_lag1,0.0,0.0,0.0,0.0,0.0,0.0,0.0
tipo_evento_analisis_prop_true_lag1,0.0,0.0,0.0,0.0,0.0,0.0,0.0
tipo_evento_analisis_prop_true_lag2,0.0,0.0,0.0,0.0,0.0,0.0,0.0
fx_usd_prop_no_cero,0.0,0.0,0.0,0.0,0.0,0.0,0.0
tipo_evento_regulatory_sum_true_lag1,0.0,0.0,0.0,0.0,0.0,0.0,0.0
menciona_embi_sum_true_lag3,0.0,0.0,0.0,0.0,0.0,0.0,0.0
tipo_evento_electoral_sum_true,0.0,0.0,0.0,0.0,0.0,0.0,0.0
tipo_evento_analisis_prop_true_lag3,0.0,0.0,0.0,0.0,0.0,0.0,0.0
tipo_evento_analisis_sum_true,0.0,0.0,0.0,0.0,0.0,0.0,0.0
tipo_evento_regulatory_sum_true,0.0,0.0,0.0,0.0,0.0,0.0,0.0
